name,position,team,xP,assists,bonus,bps,clean_sheets,creativity,element,expected_assists,expected_goal_involvements,expected_goals,expected_goals_conceded,fixture,goals_conceded,goals_scored,ict_index,influence,kickoff_time,minutes,modified,opponent_team,own_goals,penalties_missed,penalties_saved,red_cards,round,saves,selected,starts,team_a_score,team_h_score,threat,total_points,transfers_balance,transfers_in,transfers_out,value,was_home,yellow_cards,clearances_blocks_interceptions,defensive_contribution,recoveries,tackles,GW
David Raya Martín,GKP,Arsenal,,0,0,24,1,0.0,1,0.00,0.00,0.00,0.20,1,0,0,1.2,11.8,2026-08-21T19:00:00Z,90,,7,0,0,0,0,1,0,42.3,1,0,3,0.0,6,,975029,646041,61,True,0,1,0,8,0,1
Kepa Arrizabalaga Revuelta,GKP,Arsenal,,0,0,0,0,0.0,2,0.00,0.00,0.00,0.00,1,0,0,0.0,0.0,2026-08-21T19:00:00Z,0,,7,0,0,0,0,1,0,0.1,0,0,3,0.0,0,,1494,4292,49,True,0,0,0,0,0,1
Illan Meslier,GKP,Arsenal,,0,0,0,0,0.0,3,0.00,0.00,0.00,0.00,1,0,0,0.0,0.0,2026-08-21T19:00:00Z,0,,7,0,0,0,0,1,0,0.0,0,0,3,0.0,0,,517,1589,49,True,0,0,0,0,0,1
Gabriel dos Santos Magalhães,DEF,Arsenal,,0,0,21,1,1.8,4,0.01,0.06,0.05,0.20,1,0,0,0.9,6.6,2026-08-21T19:00:00Z,90,,7,0,0,0,0,1,0,22.7,1,0,3,1.0,5,,237976,913705,80,True,1,4,0,2,0,1
Jurriën Timber,DEF,Arsenal,,0,0,0,0,0.0,5,0.00,0.00,0.00,0.00,1,0,0,0.0,0.0,2026-08-21T19:00:00Z,0,,7,0,0,0,0,1,0,0.4,0,0,3,0.0,0,,35772,15324,65,True,0,0,0,0,0,1
William Saliba,DEF,Arsenal,,0,0,0,0,0.0,6,0.00,0.00,0.00,0.00,1,0,0,0.0,0.0,2026-08-21T19:00:00Z,0,,7,0,0,0,0,1,0,0.2,0,0,3,0.0,0,,3512,18731,59,True,0,0,0,0,0,1
Myles Lewis-Skelly,MID,Arsenal,,0,0,15,1,22.9,7,0.11,0.17,0.06,0.20,1,0,0,4.1,11.0,2026-08-21T19:00:00Z,90,,7,0,0,0,0,1,0,0.6,1,0,3,7.0,3,,29705,49980,54,True,0,1,0,5,1,1
Riccardo Calafiori,DEF,Arsenal,,1,0,31,1,12.2,8,0.09,0.13,0.04,0.06,1,0,0,4.2,26.0,2026-08-21T19:00:00Z,80,,7,0,0,0,0,1,0,50.5,1,0,3,4.0,9,,1664668,406418,58,True,0,4,0,1,1,1
Piero Hincapié,DEF,Arsenal,,0,0,3,0,0.5,9,0.00,0.00,0.00,0.15,1,0,0,0.1,0.4,2026-08-21T19:00:00Z,9,,7,0,0,0,0,1,0,0.9,0,0,3,0.0,1,,16365,117691,52,True,0,0,0,0,0,1
Benjamin White,DEF,Arsenal,,1,2,37,1,26.8,10,0.21,0.39,0.18,0.20,1,0,0,7.3,33.2,2026-08-21T19:00:00Z,90,,7,0,0,0,0,1,0,4.9,1,0,3,13.0,11,,456053,570239,55,True,0,4,0,3,1,1
Cristhian Mosquera,DEF,Arsenal,,0,0,27,1,0.6,11,0.00,0.00,0.00,0.20,1,0,0,1.5,14.4,2026-08-21T19:00:00Z,90,,7,0,0,0,0,1,0,1.6,1,0,3,0.0,6,,31476,468747,53,True,0,6,0,3,0,1
Bukayo Saka,MID,Arsenal,,0,1,36,1,26.1,12,0.08,0.72,0.64,0.06,1,0,1,10.2,42.8,2026-08-21T19:00:00Z,67,,7,0,0,0,0,1,0,13.9,1,0,3,33.0,9,,815982,400720,95,True,0,2,0,4,1,1
Declan Rice,MID,Arsenal,,0,0,10,1,6.4,13,0.08,0.15,0.07,0.06,1,0,0,1.5,6.8,2026-08-21T19:00:00Z,67,,7,0,0,0,0,1,0,11.5,1,0,3,2.0,3,,119629,733628,74,True,0,3,0,3,0,1
Eberechi Eze,MID,Arsenal,,0,0,4,0,1.8,14,0.00,0.04,0.04,0.15,1,0,0,0.1,0.0,2026-08-21T19:00:00Z,14,,7,0,0,0,0,1,0,1.0,0,0,3,1.0,1,,23757,140023,62,True,0,0,0,2,0,1
Martin Ødegaard,MID,Arsenal,,0,3,41,1,41.5,15,0.10,0.31,0.21,0.06,1,0,1,12.3,50.6,2026-08-21T19:00:00Z,75,,7,0,0,0,0,1,0,19.8,1,0,3,31.0,11,,1641442,553996,68,True,0,1,0,4,3,1
Noni Madueke,MID,Arsenal,,0,0,8,0,43.1,16,0.04,0.04,0.00,0.15,1,0,0,5.3,9.4,2026-08-21T19:00:00Z,22,,7,0,0,0,0,1,0,0.2,0,0,3,0.0,1,,6070,26052,62,True,0,0,0,2,0,1
Mikel Merino Zazón,MID,Arsenal,,0,0,5,0,1.2,17,0.02,0.16,0.14,0.15,1,0,0,1.9,3.6,2026-08-21T19:00:00Z,14,,7,0,0,0,0,1,0,0.4,0,0,3,14.0,1,,9567,48309,57,True,0,0,0,2,0,1
Gabriel Martinelli Silva,MID,Arsenal,,0,0,0,0,0.0,18,0.00,0.00,0.00,0.00,1,0,0,0.0,0.0,2026-08-21T19:00:00Z,0,,7,0,0,0,0,1,0,0.1,0,0,3,0.0,0,,2483,21910,63,True,0,0,0,0,0,1
Martín Zubimendi Ibáñez,MID,Arsenal,,0,0,3,0,2.3,19,0.02,0.02,0.00,0.15,1,0,0,0.6,3.8,2026-08-21T19:00:00Z,22,,7,0,0,0,0,1,0,0.6,0,0,3,0.0,1,,8551,66854,53,True,0,0,0,2,1,1
Max Dowman,MID,Arsenal,,0,0,0,0,0.0,20,0.00,0.00,0.00,0.00,1,0,0,0.0,0.0,2026-08-21T19:00:00Z,0,,7,0,0,0,0,1,0,0.1,0,0,3,0.0,0,,3068,7347,53,True,0,0,0,0,0,1
Christian Nørgaard,MID,Everton,,0,0,0,0,0.0,21,0.00,0.00,0.00,0.00,3,0,0,0.0,0.0,2026-08-22T14:00:00Z,0,,8,0,0,0,0,1,0,0.0,0,0,2,0.0,0,,501,7449,48,True,0,0,0,0,0,1
Ethan Nwaneri,MID,Arsenal,,0,0,0,0,0.0,22,0.00,0.00,0.00,0.00,1,0,0,0.0,0.0,2026-08-21T19:00:00Z,0,,7,0,0,0,0,1,0,0.0,0,0,3,0.0,0,,233,1256,54,True,0,0,0,0,0,1
Fábio Ferreira Vieira,MID,Arsenal,,0,0,0,0,0.0,23,0.00,0.00,0.00,0.00,1,0,0,0.0,0.0,2026-08-21T19:00:00Z,0,,7,0,0,0,0,1,0,0.0,0,0,3,0.0,0,,255,923,55,True,0,0,0,0,0,1
Reiss Nelson,MID,Arsenal,,0,0,0,0,0.0,24,0.00,0.00,0.00,0.00,1,0,0,0.0,0.0,2026-08-21T19:00:00Z,0,,7,0,0,0,0,1,0,0.0,0,0,3,0.0,0,,68,678,55,True,0,0,0,0,0,1
Viktor Gyökeres,FWD,Arsenal,,0,0,0,0,0.0,25,0.00,0.00,0.00,0.00,1,0,0,0.0,0.0,2026-08-21T19:00:00Z,0,,7,0,0,0,0,1,0,3.2,0,0,3,0.0,0,,44503,612492,71,True,0,0,0,0,0,1
Kai Havertz,FWD,Arsenal,,0,0,34,0,13.2,26,0.03,0.29,0.26,0.20,1,0,1,7.5,37.2,2026-08-21T19:00:00Z,90,,7,0,0,0,0,1,0,8.2,1,0,3,25.0,6,,654143,433219,76,True,0,2,0,0,0,1
Gabriel Fernando de Jesus,FWD,Arsenal,,0,0,0,0,0.0,27,0.00,0.00,0.00,0.00,1,0,0,0.0,0.0,2026-08-21T19:00:00Z,0,,7,0,0,0,0,1,0,0.1,0,0,3,0.0,0,,4164,29355,59,True,0,0,0,0,0,1
Emiliano Martínez Romero,GKP,Chelsea,,0,0,0,0,0.0,28,0.00,0.00,0.00,0.00,7,0,0,0.0,0.0,2026-08-23T13:00:00Z,0,,5,0,0,0,0,1,0,4.7,0,0,4,0.0,0,,246162,247696,50,False,0,0,0,0,0,1
Marco Bizot,GKP,Aston Villa,,0,0,1,0,0.0,29,0.00,0.00,0.00,3.77,7,4,0,2.8,28.2,2026-08-23T13:00:00Z,90,,5,0,0,0,0,1,3,0.1,1,0,4,0.0,1,,4662,7439,45,False,0,2,0,6,0,1
Lucas Digne,DEF,Aston Villa,,0,0,0,0,0.0,30,0.00,0.00,0.00,0.00,7,0,0,0.0,0.0,2026-08-23T13:00:00Z,0,,5,0,0,0,0,1,0,0.0,0,0,4,0.0,0,,0,8658,45,False,0,0,0,0,0,1
Ezri Konsa Ngoyo,DEF,Arsenal,,0,0,0,0,0.0,31,0.00,0.00,0.00,0.00,1,0,0,0.0,0.0,2026-08-21T19:00:00Z,0,,7,0,0,0,0,1,0,19.4,0,0,3,0.0,0,,1470141,644128,46,True,0,0,0,0,0,1
Matty Cash,DEF,Aston Villa,,0,0,-8,0,1.1,32,0.00,0.00,0.00,3.77,7,4,0,1.3,12.0,2026-08-23T13:00:00Z,90,,5,0,0,0,0,1,0,4.8,1,0,4,0.0,-1,,95546,420549,44,False,1,5,0,0,2,1
Tyrone Mings,DEF,Aston Villa,,0,0,5,0,0.0,33,0.00,0.00,0.00,0.22,7,0,0,0.2,2.0,2026-08-23T13:00:00Z,16,,5,0,0,0,0,1,0,0.4,0,0,4,0.0,1,,16670,17551,45,False,0,0,0,0,1,1
Pau Torres,DEF,Aston Villa,,0,0,-14,0,0.7,34,0.00,0.00,0.00,3.55,7,4,0,0.0,0.0,2026-08-23T13:00:00Z,73,,5,0,0,0,0,1,0,0.3,1,0,4,0.0,0,,11240,27670,44,False,0,5,0,1,0,1
Lamare Bogarde,MID,Aston Villa,,0,0,3,0,0.5,35,0.00,0.00,0.00,0.22,7,0,0,0.3,2.2,2026-08-23T13:00:00Z,16,,5,0,0,0,0,1,0,0.1,0,0,4,0.0,1,,2919,4782,49,False,0,1,0,0,0,1
Ian Maatsen,DEF,Aston Villa,,0,0,-9,0,0.8,36,0.00,0.03,0.03,3.62,7,4,0,1.3,9.2,2026-08-23T13:00:00Z,81,,5,0,0,0,0,1,0,0.5,1,0,4,3.0,0,,31897,62331,44,False,0,7,0,2,2,1
Victor Lindelöf,DEF,Aston Villa,,0,0,-13,0,0.1,37,0.00,0.00,0.00,3.77,7,4,0,0.2,1.8,2026-08-23T13:00:00Z,90,,5,1,0,0,0,1,0,0.3,1,0,4,0.0,-2,,14786,14433,45,False,0,3,0,1,0,1
Andrés García,DEF,Aston Villa,,0,0,0,0,0.0,38,0.00,0.00,0.00,0.00,7,0,0,0.0,0.0,2026-08-23T13:00:00Z,0,,5,0,0,0,0,1,0,1.5,0,0,4,0.0,0,,45385,68288,40,False,0,0,0,0,0,1
Kosta Nedeljkovic,DEF,Aston Villa,,0,0,0,0,0.0,39,0.00,0.00,0.00,0.00,7,0,0,0.0,0.0,2026-08-23T13:00:00Z,0,,5,0,0,0,0,1,0,0.1,0,0,4,0.0,0,,0,15284,40,False,0,0,0,0,0,1
Morgan Rogers,MID,Chelsea,,0,1,37,0,53.5,40,0.10,1.06,0.96,1.24,10,0,1,13.1,48.8,2026-08-24T19:00:00Z,81,,10,0,0,0,0,1,0,40.6,1,3,2,29.0,8,,2494253,666480,77,False,0,0,0,5,2,1
Emiliano Buendía Stati,MID,Aston Villa,,0,0,4,0,16.3,41,0.09,0.22,0.13,3.62,7,0,0,2.2,0.0,2026-08-23T13:00:00Z,85,,5,0,0,0,0,1,0,1.0,1,0,4,8.0,2,,61249,95809,59,False,0,3,0,3,1,1
Evann Guessand,MID,Crystal Palace,,0,0,3,0,1.8,42,0.02,0.05,0.03,0.14,3,0,0,1.2,3.2,2026-08-22T14:00:00Z,27,,9,0,0,0,0,1,0,0.0,0,0,2,7.0,1,,2410,3649,54,False,0,0,0,0,1,1
Youri Tielemans,MID,Man Utd,,0,0,13,0,11.3,43,0.11,0.15,0.04,0.94,4,0,0,2.0,5.0,2026-08-22T11:30:00Z,66,,11,0,0,0,0,1,0,1.5,1,0,2,4.0,2,,44789,161802,58,False,0,0,0,5,0,1
Leon Bailey,MID,Aston Villa,,0,0,0,0,0.0,44,0.00,0.00,0.00,0.00,7,0,0,0.0,0.0,2026-08-23T13:00:00Z,0,,5,0,0,0,0,1,0,0.1,0,0,4,0.0,0,,2096,13258,54,False,0,0,0,0,0,1
John McGinn,MID,Aston Villa,,0,0,8,0,2.4,45,0.01,0.05,0.04,3.62,7,0,0,0.5,1.6,2026-08-23T13:00:00Z,81,,5,0,0,0,0,1,0,2.2,1,0,4,1.0,1,,71282,156239,54,False,1,2,0,3,1,1
Ross Barkley,MID,Aston Villa,,0,0,11,0,21.4,46,0.02,0.12,0.10,3.55,7,0,0,3.8,9.4,2026-08-23T13:00:00Z,73,,5,0,0,0,0,1,0,0.3,1,0,4,7.0,2,,16160,16350,50,False,0,1,0,0,0,1
Boubacar Kamara,MID,Aston Villa,,0,0,9,0,2.8,47,0.00,0.00,0.00,3.77,7,0,0,1.4,11.2,2026-08-23T13:00:00Z,90,,5,0,0,0,0,1,0,0.3,1,0,4,0.0,2,,14602,21628,50,False,0,3,0,2,2,1
Amadou Onana,MID,Aston Villa,,0,0,0,0,0.0,48,0.00,0.00,0.00,0.00,7,0,0,0.0,0.0,2026-08-23T13:00:00Z,0,,5,0,0,0,0,1,0,0.0,0,0,4,0.0,0,,515,1671,49,False,0,0,0,0,0,1
Samuel Iling-Junior,MID,Aston Villa,,0,0,0,0,0.0,49,0.00,0.00,0.00,0.00,7,0,0,0.0,0.0,2026-08-23T13:00:00Z,0,,5,0,0,0,0,1,0,0.0,0,0,4,0.0,0,,0,237,50,False,0,0,0,0,0,1
Bradley Burrowes,MID,Aston Villa,,0,0,0,0,0.0,50,0.00,0.00,0.00,0.00,7,0,0,0.0,0.0,2026-08-23T13:00:00Z,0,,5,0,0,0,0,1,0,0.6,0,0,4,0.0,0,,21492,35262,45,False,0,0,0,0,0,1
George Hemmings,MID,Aston Villa,,0,0,12,0,11.6,51,0.00,0.00,0.00,3.77,7,0,0,2.4,10.6,2026-08-23T13:00:00Z,90,,5,0,0,0,0,1,0,1.2,1,0,4,2.0,2,,116047,70142,45,False,0,0,0,2,3,1
Alysson Edward Franco da Rocha dos Santos,MID,Aston Villa,,0,0,5,0,0.0,52,0.00,0.00,0.00,0.14,7,0,0,0.4,4.0,2026-08-23T13:00:00Z,8,,5,0,0,0,0,1,0,0.0,0,0,4,0.0,1,,3355,3686,50,False,0,1,0,1,1,1
Johan Manzambi,MID,Aston Villa,,0,0,0,0,0.0,53,0.00,0.00,0.00,0.00,7,0,0,0.0,0.0,2026-08-23T13:00:00Z,0,,5,0,0,0,0,1,0,0.4,0,0,4,0.0,0,,32544,20379,59,False,0,0,0,0,0,1
Joao Gomes,MID,Aston Villa,,0,0,-2,0,11.0,54,0.01,0.01,0.00,2.58,7,0,0,1.2,1.0,2026-08-23T13:00:00Z,39,,5,0,0,0,1,1,0,0.0,1,0,4,0.0,-2,,1336,4115,55,False,0,1,0,2,4,1
Ollie Watkins,FWD,Aston Villa,,0,0,0,0,0.0,55,0.00,0.00,0.00,0.00,7,0,0,0.0,0.0,2026-08-23T13:00:00Z,0,,5,0,0,0,0,1,0,2.5,0,0,4,0.0,0,,14882,761096,78,False,0,0,0,0,0,1
Tammy Abraham,FWD,Aston Villa,,0,0,0,0,0.0,56,0.00,0.00,0.00,0.00,7,0,0,0.0,0.0,2026-08-23T13:00:00Z,0,,5,0,0,0,0,1,0,0.2,0,0,4,0.0,0,,15876,13018,55,False,0,0,0,0,0,1
Đorđe Petrović,GKP,Bournemouth,,0,0,13,0,0.0,57,0.00,0.00,0.00,2.25,8,2,0,3.7,36.8,2026-08-23T13:00:00Z,90,,15,0,0,0,0,1,4,3.0,1,1,2,0.0,2,,112890,125290,45,False,0,2,0,5,0,1
Fraser Forster,GKP,Bournemouth,,0,0,0,0,0.0,58,0.00,0.00,0.00,0.00,8,0,0,0.0,0.0,2026-08-23T13:00:00Z,0,,15,0,0,0,0,1,0,3.5,0,1,2,0.0,0,,117900,79619,40,False,0,0,0,0,0,1
Will Dennis,GKP,Bournemouth,,0,0,0,0,0.0,59,0.00,0.00,0.00,0.00,8,0,0,0.0,0.0,2026-08-23T13:00:00Z,0,,15,0,0,0,0,1,0,0.1,0,1,2,0.0,0,,1133,7556,40,False,0,0,0,0,0,1
James Hill,DEF,Bournemouth,,0,0,0,0,0.3,60,0.00,0.00,0.00,2.25,8,2,0,1.2,11.6,2026-08-23T13:00:00Z,90,,15,0,0,0,0,1,0,0.8,1,1,2,0.0,1,,31233,43909,55,False,0,5,0,1,1,1
Adrien Truffert,DEF,Bournemouth,,0,0,0,0,1.3,61,0.00,0.00,0.00,2.25,8,2,0,1.7,15.4,2026-08-23T13:00:00Z,90,,15,0,0,0,0,1,0,3.0,1,1,2,0.0,1,,56893,161280,54,False,0,5,0,7,2,1
Bafodé Diakité,DEF,Bournemouth,,0,0,0,0,0.0,62,0.00,0.00,0.00,0.00,8,0,0,0.0,0.0,2026-08-23T13:00:00Z,0,,15,0,0,0,0,1,0,0.2,0,1,2,0.0,0,,7156,12081,49,False,0,0,0,0,0,1
Veljko Milosavljevic,DEF,Bournemouth,,0,0,0,0,0.0,63,0.00,0.00,0.00,0.00,8,0,0,0.0,0.0,2026-08-23T13:00:00Z,0,,15,0,0,0,0,1,0,0.0,0,1,2,0.0,0,,342,847,49,False,0,0,0,0,0,1
Adam Smith,DEF,Bournemouth,,0,0,4,0,0.6,64,0.00,0.00,0.00,2.25,8,2,0,0.8,7.0,2026-08-23T13:00:00Z,90,,15,0,0,0,0,1,0,0.1,1,1,2,0.0,1,,7234,7343,45,False,0,4,0,3,1,1
Julián Araujo Zúñiga,DEF,Bournemouth,,0,0,0,0,0.0,65,0.00,0.00,0.00,0.00,8,0,0,0.0,0.0,2026-08-23T13:00:00Z,0,,15,0,0,0,0,1,0,0.0,0,1,2,0.0,0,,426,1296,44,False,0,0,0,0,0,1
Julio Soler Barreto,DEF,Bournemouth,,0,0,0,0,0.0,66,0.00,0.00,0.00,0.00,8,0,0,0.0,0.0,2026-08-23T13:00:00Z,0,,15,0,0,0,0,1,0,0.3,0,1,2,0.0,0,,13860,11075,40,False,0,0,0,0,0,1
Rayan Vitor Simplício Rocha,MID,Bournemouth,,0,0,9,0,11.3,67,0.03,0.07,0.04,2.06,8,0,0,3.5,6.2,2026-08-23T13:00:00Z,88,,15,0,0,0,0,1,0,1.6,1,1,2,17.0,2,,53081,169776,63,False,0,1,0,0,0,1
Marcus Tavernier,MID,Bournemouth,,0,3,32,0,17.2,68,0.08,0.48,0.40,2.25,8,0,1,7.5,40.0,2026-08-23T13:00:00Z,90,,15,0,0,0,0,1,0,6.8,1,1,2,18.0,10,,701022,222963,61,False,0,2,0,4,2,1
Alex Scott,MID,Bournemouth,,0,0,17,0,4.8,69,0.01,0.01,0.00,2.25,8,0,0,1.6,11.4,2026-08-23T13:00:00Z,90,,15,0,0,0,0,1,0,5.8,1,1,2,0.0,2,,550143,212144,61,False,0,1,0,6,4,1
Justin Kluivert,MID,Bournemouth,,0,0,15,1,14.3,70,0.00,0.11,0.11,1.94,8,0,0,4.2,11.0,2026-08-23T13:00:00Z,74,,15,0,0,0,0,1,0,0.9,1,1,2,17.0,3,,52663,84208,60,False,0,1,0,5,3,1
Lewis Cook,MID,Bournemouth,,0,0,8,1,2.1,71,0.00,0.00,0.00,1.94,8,0,0,0.7,4.6,2026-08-23T13:00:00Z,75,,15,0,0,0,0,1,0,0.2,1,1,2,0.0,3,,13120,13990,50,False,0,3,0,3,1,1
Ben Gannon-Doak,MID,Bournemouth,,0,0,3,0,0.1,72,0.00,0.00,0.00,0.19,8,0,0,0.2,0.2,2026-08-23T13:00:00Z,1,,15,0,0,0,0,1,0,0.1,0,1,2,2.0,1,,1654,4663,49,False,0,0,0,1,0,1
Tyler Adams,MID,Bournemouth,,0,0,4,0,0.6,73,0.00,0.00,0.00,0.31,8,0,0,0.4,3.6,2026-08-23T13:00:00Z,15,,15,0,0,0,0,1,0,0.3,0,1,2,0.0,1,,18376,16726,50,False,0,3,0,0,0,1
David Brooks,MID,Bournemouth,,0,0,0,0,0.0,74,0.00,0.00,0.00,0.00,8,0,0,0.0,0.0,2026-08-23T13:00:00Z,0,,15,0,0,0,0,1,0,0.1,0,1,2,0.0,0,,3379,3804,50,False,0,0,0,0,0,1
Ryan Christie,MID,Bournemouth,,0,0,0,0,0.0,75,0.00,0.00,0.00,0.00,8,0,0,0.0,0.0,2026-08-23T13:00:00Z,0,,15,0,0,0,0,1,0,0.0,0,1,2,0.0,0,,3570,2210,50,False,0,0,0,0,0,1
Alex Tóth,MID,Bournemouth,,0,0,5,0,0.6,76,0.00,0.00,0.00,0.31,8,0,0,0.3,2.8,2026-08-23T13:00:00Z,15,,15,0,0,0,0,1,0,0.0,0,1,2,0.0,1,,386,786,49,False,0,0,0,1,1,1
Amine Adli,MID,Bournemouth,,0,0,0,0,0.0,77,0.00,0.00,0.00,0.00,8,0,0,0.0,0.0,2026-08-23T13:00:00Z,0,,15,0,0,0,0,1,0,0.0,0,1,2,0.0,0,,298,2220,49,False,0,0,0,0,0,1
Junior Kroupi,MID,Bournemouth,,0,0,0,0,0.0,78,0.00,0.00,0.00,0.00,8,0,0,0.0,0.0,2026-08-23T13:00:00Z,0,,15,0,0,0,0,1,0,0.2,0,1,2,0.0,0,,1259,27448,74,False,0,0,0,0,0,1
Francisco Evanilson de Lima Barbosa,FWD,Bournemouth,,1,0,17,0,11.9,79,0.21,0.21,0.00,1.94,8,0,0,3.3,19.4,2026-08-23T13:00:00Z,74,,15,0,0,0,0,1,0,3.2,1,1,2,2.0,4,,255398,177065,60,False,1,4,0,3,1,1
Enes Ünal,FWD,Bournemouth,,0,0,0,0,0.0,80,0.00,0.00,0.00,0.00,8,0,0,0.0,0.0,2026-08-23T13:00:00Z,0,,15,0,0,0,0,1,0,0.0,0,1,2,0.0,0,,0,1987,55,False,0,0,0,0,0,1
Álvaro Rodríguez,FWD,Bournemouth,,0,0,0,0,0.0,81,0.00,0.00,0.00,0.00,8,0,0,0.0,0.0,2026-08-23T13:00:00Z,0,,15,0,0,0,0,1,0,0.1,0,1,2,0.0,0,,5568,6885,60,False,0,0,0,0,0,1
Caoimhín Kelleher,GKP,Brentford,,0,0,34,1,0.0,82,0.01,0.01,0.00,0.57,2,0,0,3.1,31.4,2026-08-22T16:30:00Z,90,,19,0,0,0,0,1,4,6.1,1,0,3,0.0,7,,252924,215004,50,True,0,0,0,5,0,1
Hákon Rafn Valdimarsson,GKP,Brentford,,0,0,0,0,0.0,83,0.00,0.00,0.00,0.00,2,0,0,0.0,0.0,2026-08-22T16:30:00Z,0,,19,0,0,0,0,1,0,0.1,0,0,3,0.0,0,,2886,4606,45,True,0,0,0,0,0,1
Nathan Collins,DEF,Brentford,,0,0,21,1,21.5,84,0.04,0.38,0.34,0.57,2,0,0,5.0,11.6,2026-08-22T16:30:00Z,90,,19,0,0,0,0,1,0,0.9,1,0,3,17.0,6,,58746,157349,54,True,0,3,0,3,0,1
Sepp van den Berg,DEF,Brentford,,0,0,0,0,0.0,85,0.00,0.00,0.00,0.00,2,0,0,0.0,0.0,2026-08-22T16:30:00Z,0,,19,0,0,0,0,1,0,0.1,0,0,3,0.0,0,,414,8985,49,True,0,0,0,0,0,1
Keane Lewis-Potter,MID,Brentford,,0,2,37,1,15.9,86,0.12,0.89,0.77,0.57,2,0,1,8.2,47.2,2026-08-22T16:30:00Z,90,,19,0,0,0,0,1,0,1.7,1,0,3,19.0,10,,190552,120949,55,True,0,4,0,5,1,1
Kristoffer Ajer,DEF,Brentford,,0,0,29,1,0.9,87,0.02,0.13,0.11,0.57,2,0,0,5.6,20.0,2026-08-22T16:30:00Z,90,,19,0,0,0,0,1,0,3.9,1,0,3,35.0,8,,317785,277731,45,True,0,8,10,3,2,1
Michael Kayode,DEF,Brentford,,0,1,36,1,1.5,88,0.00,0.50,0.50,0.47,2,0,1,8.1,33.8,2026-08-22T16:30:00Z,75,,19,0,0,0,0,1,0,7.6,1,0,3,46.0,13,,597270,368969,46,True,0,4,0,5,0,1
Rico Henry,DEF,Brentford,,0,0,0,0,0.0,89,0.00,0.00,0.00,0.00,2,0,0,0.0,0.0,2026-08-22T16:30:00Z,0,,19,0,0,0,0,1,0,0.2,0,0,3,0.0,0,,1991,8633,44,True,0,0,0,0,0,1
Aaron Hickey,DEF,Brentford,,0,0,2,0,0.3,90,0.00,0.00,0.00,0.10,2,0,0,0.0,0.0,2026-08-22T16:30:00Z,14,,19,0,0,0,0,1,0,0.1,0,0,3,0.0,1,,2111,3000,45,True,0,0,0,2,0,1
Ethan Pinnock,DEF,Coventry City,,0,0,0,0,0.0,91,0.00,0.00,0.00,0.00,2,0,0,0.0,0.0,2026-08-22T16:30:00Z,0,,4,0,0,0,0,1,0,0.1,0,0,3,0.0,0,,2606,4018,45,False,0,0,0,0,0,1
Kim Ji-soo,DEF,Brentford,,0,0,0,0,0.0,92,0.00,0.00,0.00,0.00,2,0,0,0.0,0.0,2026-08-22T16:30:00Z,0,,19,0,0,0,0,1,0,0.0,0,0,3,0.0,0,,496,963,44,True,0,0,0,0,0,1
Jannik Schuster,DEF,Brentford,,0,0,0,0,0.0,93,0.00,0.00,0.00,0.00,2,0,0,0.0,0.0,2026-08-22T16:30:00Z,0,,19,0,0,0,0,1,0,0.3,0,0,3,0.0,0,,17818,7138,45,True,0,0,0,0,0,1
Kevin Schade,MID,Brentford,,0,0,17,1,11.8,94,0.01,0.53,0.52,0.57,2,0,0,8.5,14.4,2026-08-22T16:30:00Z,90,,19,0,0,0,0,1,0,11.8,1,0,3,59.0,3,,1038036,248971,62,True,0,1,0,5,3,1
Dango Ouattara,MID,Brentford,,0,0,6,1,30.8,95,0.29,0.34,0.05,0.47,2,0,0,4.7,1.0,2026-08-22T16:30:00Z,66,,19,0,0,0,0,1,0,0.5,1,0,3,15.0,3,,15243,82468,63,True,0,2,0,4,0,1
Mikkel Damsgaard,MID,Brentford,,0,0,6,0,26.3,96,0.11,0.11,0.00,0.10,2,0,0,3.4,7.6,2026-08-22T16:30:00Z,14,,19,0,0,0,0,1,0,0.4,0,0,3,0.0,1,,15310,30455,54,True,0,0,0,3,1,1
Mathias Jensen,MID,Brentford,,1,0,22,1,46.2,97,0.34,0.42,0.08,0.47,2,0,0,7.2,12.6,2026-08-22T16:30:00Z,66,,19,0,0,0,0,1,0,0.1,1,0,3,13.0,6,,4507,15121,54,True,0,0,0,3,2,1
Vitaly Janelt,MID,Brentford,,0,0,35,1,38.8,98,0.17,0.56,0.39,0.57,2,0,1,11.6,53.2,2026-08-22T16:30:00Z,90,,19,0,0,0,0,1,0,2.5,1,0,3,24.0,9,,308032,108206,50,True,1,6,13,3,4,1
Antoni Milambo,MID,Brentford,,0,0,0,0,0.0,99,0.00,0.00,0.00,0.00,2,0,0,0.0,0.0,2026-08-22T16:30:00Z,0,,19,0,0,0,0,1,0,0.0,0,0,3,0.0,0,,116,160,50,True,0,0,0,0,0,1
Fábio Freitas Gouveia Carvalho,MID,Brentford,,0,0,0,0,0.0,100,0.00,0.00,0.00,0.00,2,0,0,0.0,0.0,2026-08-22T16:30:00Z,0,,19,0,0,0,0,1,0,0.0,0,0,3,0.0,0,,1921,1461,50,True,0,0,0,0,0,1
Jordan Henderson,MID,Chelsea,,0,0,0,0,0.0,101,0.00,0.00,0.00,0.00,10,0,0,0.0,0.0,2026-08-24T19:00:00Z,0,,10,0,0,0,0,1,0,0.0,0,3,2,0.0,0,,1153,2643,49,False,0,0,0,0,0,1
Yehor Yarmoliuk,MID,Brentford,,0,0,7,0,0.8,102,0.00,0.04,0.04,0.10,2,0,0,0.6,2.2,2026-08-22T16:30:00Z,23,,19,0,0,0,0,1,0,0.6,0,0,3,3.0,1,,5887,61868,48,True,0,1,0,3,2,1
Josh Dasilva,MID,Brentford,,0,0,0,0,0.0,103,0.00,0.00,0.00,0.00,2,0,0,0.0,0.0,2026-08-22T16:30:00Z,0,,19,0,0,0,0,1,0,0.0,0,0,3,0.0,0,,401,1953,49,True,0,0,0,0,0,1
Frank Onyeka,MID,Coventry City,,0,0,8,0,1.6,104,0.01,0.01,0.00,1.88,1,0,0,0.5,3.6,2026-08-21T19:00:00Z,90,,1,0,0,0,0,1,0,0.1,1,0,3,0.0,2,,3995,9604,49,False,0,3,0,5,1,1
Jaidon Anthony,MID,Brentford,,0,0,9,0,34.9,105,0.35,0.38,0.03,0.10,2,0,0,4.7,10.6,2026-08-22T16:30:00Z,23,,19,0,0,0,0,1,0,0.1,0,0,3,1.0,1,,7521,11066,59,True,0,0,0,6,2,1
Igor Thiago Nascimento Rodrigues,FWD,Brentford,,0,0,-3,0,4.0,106,0.08,1.08,1.00,0.50,2,0,0,1.4,2.2,2026-08-22T16:30:00Z,82,,19,0,1,0,0,1,0,9.1,1,0,3,8.0,0,,284742,1037892,78,True,0,1,0,4,0,1
Kaye Furo,FWD,Brentford,,0,0,0,0,0.0,107,0.00,0.00,0.00,0.00,2,0,0,0.0,0.0,2026-08-22T16:30:00Z,0,,19,0,0,0,0,1,0,0.9,0,0,3,0.0,0,,61736,67147,45,True,0,0,0,0,0,1
Callum Wilson,FWD,Brentford,,0,0,4,0,10.3,108,0.04,0.07,0.03,0.07,2,0,0,1.8,2.2,2026-08-22T16:30:00Z,7,,19,0,0,0,0,1,0,0.3,0,0,3,5.0,1,,15657,26644,54,True,0,0,0,0,0,1
Bart Verbruggen,GKP,Brighton,,0,0,25,1,0.0,109,0.00,0.00,0.00,0.29,7,0,0,0.7,6.6,2026-08-23T13:00:00Z,90,,2,0,0,0,0,1,0,21.6,1,0,4,0.0,6,,771651,613220,45,True,0,0,0,4,0,1
Carl Rushworth,GKP,Coventry City,,0,0,0,0,0.0,110,0.01,0.01,0.00,1.88,1,3,0,1.4,14.2,2026-08-21T19:00:00Z,90,,1,0,0,0,0,1,0,0.8,1,0,3,0.0,1,,23915,59368,45,False,0,1,0,7,0,1
Jason Steele,GKP,Brighton,,0,0,0,0,0.0,111,0.00,0.00,0.00,0.00,7,0,0,0.0,0.0,2026-08-23T13:00:00Z,0,,2,0,0,0,0,1,0,4.1,0,0,4,0.0,0,,147770,121515,40,True,0,0,0,0,0,1
Jan Paul van Hecke,DEF,Spurs,,0,0,3,0,2.8,112,0.03,0.03,0.00,3.87,2,3,0,3.3,28.2,2026-08-22T16:30:00Z,90,,4,0,0,0,0,1,0,6.5,1,0,3,2.0,1,,155401,480775,49,False,0,7,0,3,2,1
Ferdi Kadıoğlu,DEF,Brighton,,0,0,0,0,0.0,113,0.00,0.00,0.00,0.00,7,0,0,0.0,0.0,2026-08-23T13:00:00Z,0,,2,0,0,0,0,1,0,1.6,0,0,4,0.0,0,,30744,134998,44,True,0,0,0,0,0,1
Olivier Boscagli,DEF,Brighton,,0,0,29,1,7.3,114,0.04,0.04,0.00,0.29,7,0,0,2.9,15.2,2026-08-23T13:00:00Z,90,,2,0,0,0,0,1,0,0.3,1,0,4,6.0,6,,16466,11937,45,True,0,5,0,4,1,1
Maxim De Cuyper,DEF,Brighton,,1,2,46,1,45.3,115,0.21,1.68,1.47,0.29,7,0,1,12.9,40.6,2026-08-23T13:00:00Z,77,,2,0,0,0,0,1,0,27.9,1,0,4,43.0,17,,2734862,409330,50,True,0,1,0,3,3,1
Lewis Dunk,DEF,Brighton,,0,0,24,1,6.4,116,0.04,0.04,0.00,0.29,7,0,0,2.0,13.4,2026-08-23T13:00:00Z,90,,2,0,0,0,0,1,0,1.5,1,0,4,0.0,6,,89258,51953,45,True,0,1,0,2,1,1
Diego Coppola,DEF,Brighton,,0,0,0,0,0.0,117,0.00,0.00,0.00,0.00,7,0,0,0.0,0.0,2026-08-23T13:00:00Z,0,,2,0,0,0,0,1,0,0.0,0,0,4,0.0,0,,927,1067,45,True,0,0,0,0,0,1
Igor Julio dos Santos de Paulo,DEF,Brighton,,0,0,0,0,0.0,118,0.00,0.00,0.00,0.00,7,0,0,0.0,0.0,2026-08-23T13:00:00Z,0,,2,0,0,0,0,1,0,0.0,0,0,4,0.0,0,,915,5956,45,True,0,0,0,0,0,1
João Pedro Loureiro da Costa,DEF,Brighton,,0,0,7,0,1.9,119,0.00,0.12,0.12,0.10,7,0,0,2.8,8.2,2026-08-23T13:00:00Z,26,,2,0,0,0,0,1,0,0.0,0,0,4,18.0,1,,1287,1466,45,True,0,3,0,0,1,1
Michael Svoboda,DEF,Brighton,,0,0,0,0,0.0,120,0.00,0.00,0.00,0.00,7,0,0,0.0,0.0,2026-08-23T13:00:00Z,0,,2,0,0,0,0,1,0,0.1,0,0,4,0.0,0,,4536,4007,50,True,0,0,0,0,0,1
Mitoma Kaoru,MID,Brighton,,0,0,0,0,0.0,121,0.00,0.00,0.00,0.00,7,0,0,0.0,0.0,2026-08-23T13:00:00Z,0,,2,0,0,0,0,1,0,0.0,0,0,4,0.0,0,,566,3123,59,True,0,0,0,0,0,1
Yankuba Minteh,MID,Brighton,,0,0,0,0,0.0,122,0.00,0.00,0.00,0.00,7,0,0,0.0,0.0,2026-08-23T13:00:00Z,0,,2,0,0,0,0,1,0,0.0,0,0,4,0.0,0,,338,6916,58,True,0,0,0,0,0,1
Jack Hinshelwood,MID,Brighton,,0,3,54,1,13.4,123,0.02,1.43,1.41,0.19,7,0,2,14.5,72.8,2026-08-23T13:00:00Z,63,,2,0,0,0,0,1,0,0.6,1,0,4,59.0,16,,147919,216383,59,True,0,0,0,1,2,1
Pascal Groß,MID,Brighton,,0,0,18,1,56.9,124,0.27,0.27,0.00,0.29,7,0,0,8.6,21.0,2026-08-23T13:00:00Z,90,,2,0,0,0,0,1,0,29.4,1,0,4,8.0,2,,2191665,543603,59,True,1,0,0,2,3,1
Georginio Rutter,FWD,Brighton,,1,0,22,0,11.4,125,0.44,0.52,0.08,0.29,7,0,0,4.6,19.8,2026-08-23T13:00:00Z,90,,2,0,0,0,0,1,0,0.5,1,0,4,15.0,5,,34858,76699,53,True,0,1,0,4,2,1
Matt O'Riley,MID,Brighton,,0,0,0,0,0.0,126,0.00,0.00,0.00,0.00,7,0,0,0.0,0.0,2026-08-23T13:00:00Z,0,,2,0,0,0,0,1,0,0.1,0,0,4,0.0,0,,3624,6550,54,True,0,0,0,0,0,1
Diego Gómez Amarilla,MID,Brighton,,1,0,27,1,25.1,127,0.48,0.66,0.18,0.29,7,0,0,9.9,33.0,2026-08-23T13:00:00Z,85,,2,0,0,0,0,1,0,3.9,1,0,4,41.0,6,,335423,302345,50,True,0,2,0,1,3,1
Facundo Buonanotte,MID,Brighton,,0,0,0,0,0.0,128,0.00,0.00,0.00,0.00,7,0,0,0.0,0.0,2026-08-23T13:00:00Z,0,,2,0,0,0,0,1,0,0.0,0,0,4,0.0,0,,0,330,50,True,0,0,0,0,0,1
Yasin Ayari,MID,Brighton,,0,0,8,1,15.0,129,0.03,0.14,0.11,0.19,7,0,0,1.7,0.0,2026-08-23T13:00:00Z,63,,2,0,0,0,0,1,0,0.4,1,0,4,6.0,2,,12775,41705,54,True,1,1,0,3,0,1
Mats Wieffer,DEF,Brighton,,0,1,32,1,26.3,130,0.05,0.14,0.09,0.29,7,0,0,4.9,16.6,2026-08-23T13:00:00Z,77,,2,0,0,0,0,1,0,0.2,1,0,4,6.0,7,,25950,43537,49,True,0,4,0,5,4,1
Carlos Baleba,MID,Man Utd,,0,0,0,0,0.0,131,0.00,0.00,0.00,0.00,7,0,0,0.0,0.0,2026-08-23T13:00:00Z,0,,5,0,0,0,0,1,0,0.1,0,0,4,0.0,0,,6877,14428,49,False,0,0,0,0,0,1
Harry Howell,MID,Brighton,,0,0,0,0,0.0,132,0.00,0.00,0.00,0.00,7,0,0,0.0,0.0,2026-08-23T13:00:00Z,0,,2,0,0,0,0,1,0,0.0,0,0,4,0.0,0,,0,3702,45,True,0,0,0,0,0,1
Tom Watson,MID,Brighton,,0,0,0,0,0.0,133,0.00,0.00,0.00,0.00,7,0,0,0.0,0.0,2026-08-23T13:00:00Z,0,,2,0,0,0,0,1,0,0.0,0,0,4,0.0,0,,0,136,50,True,0,0,0,0,0,1
Nehemiah Oriola,MID,Brighton,,0,0,0,0,0.0,134,0.00,0.00,0.00,0.00,7,0,0,0.0,0.0,2026-08-23T13:00:00Z,0,,2,0,0,0,0,1,0,0.2,0,0,4,0.0,0,,8774,14265,45,True,0,0,0,0,0,1
Zadok Yohanna,MID,Brighton,,0,0,3,0,1.3,135,0.03,0.03,0.00,0.00,7,0,0,0.2,0.2,2026-08-23T13:00:00Z,12,,2,0,0,0,0,1,0,0.0,0,0,4,0.0,1,,1269,5515,48,True,0,0,0,0,0,1
Danny Welbeck,FWD,Chelsea,,0,0,0,0,0.0,136,0.00,0.00,0.00,0.00,10,0,0,0.0,0.0,2026-08-24T19:00:00Z,0,,10,0,0,0,0,1,0,1.0,0,3,2,0.0,0,,62321,83697,59,False,0,0,0,0,0,1
Stefanos Tzimas,FWD,Brighton,,0,0,0,0,0.0,137,0.00,0.00,0.00,0.00,7,0,0,0.0,0.0,2026-08-23T13:00:00Z,0,,2,0,0,0,0,1,0,0.0,0,0,4,0.0,0,,336,755,54,True,0,0,0,0,0,1
Charalampos Kostoulas,FWD,Brighton,,0,0,-1,0,0.4,138,0.00,0.18,0.18,0.10,7,0,0,0.9,0.0,2026-08-23T13:00:00Z,26,,2,0,0,0,0,1,0,4.4,0,0,4,10.0,1,,440171,54281,56,True,0,0,0,1,1,1
Evan Ferguson,FWD,Brighton,,0,0,0,0,0.0,139,0.00,0.00,0.00,0.00,7,0,0,0.0,0.0,2026-08-23T13:00:00Z,0,,2,0,0,0,0,1,0,0.0,0,0,4,0.0,0,,1600,2539,50,True,0,0,0,0,0,1
Robert Lynch Sánchez,GKP,Chelsea,,0,0,6,0,0.0,140,0.01,0.01,0.00,1.33,10,2,0,2.1,21.4,2026-08-24T19:00:00Z,90,,10,0,0,0,0,1,4,0.7,1,3,2,0.0,2,,10847,176756,49,False,0,1,0,5,0,1
Filip Jörgensen,GKP,Chelsea,,0,0,0,0,0.0,141,0.00,0.00,0.00,0.00,10,0,0,0.0,0.0,2026-08-24T19:00:00Z,0,,10,0,0,0,0,1,0,0.0,0,3,2,0.0,0,,0,951,50,False,0,0,0,0,0,1
Reece James,DEF,Chelsea,,0,0,5,0,16.8,142,0.07,0.17,0.10,1.33,10,2,0,5.9,23.4,2026-08-24T19:00:00Z,90,,10,0,0,0,0,1,0,5.8,1,3,2,19.0,0,,168886,604450,53,False,1,6,0,4,0,1
Trevoh Chalobah,DEF,Chelsea,,0,0,0,0,0.0,143,0.00,0.00,0.00,0.00,10,0,0,0.0,0.0,2026-08-24T19:00:00Z,0,,10,0,0,0,0,1,0,0.1,0,3,2,0.0,0,,0,13974,55,False,0,0,0,0,0,1
Malo Gusto,DEF,Chelsea,,0,0,2,0,9.8,144,0.03,0.03,0.00,1.11,10,2,0,2.3,7.2,2026-08-24T19:00:00Z,75,,10,0,0,0,0,1,0,0.9,1,3,2,6.0,1,,36987,67618,49,False,0,2,0,4,1,1
Wesley Fofana,DEF,Chelsea,,0,0,0,0,0.0,145,0.00,0.00,0.00,0.00,10,0,0,0.0,0.0,2026-08-24T19:00:00Z,0,,10,0,0,0,0,1,0,0.2,0,3,2,0.0,0,,18838,8324,50,False,0,0,0,0,0,1
Benoît Badiashile Mukinayi,DEF,Chelsea,,0,0,0,0,0.0,146,0.00,0.00,0.00,0.00,10,0,0,0.0,0.0,2026-08-24T19:00:00Z,0,,10,0,0,0,0,1,0,0.0,0,3,2,0.0,0,,232,1944,45,False,0,0,0,0,0,1
Tosin Adarabioyo,DEF,Spurs,,0,0,0,0,0.0,147,0.00,0.00,0.00,0.00,10,0,0,0.0,0.0,2026-08-24T19:00:00Z,0,,10,0,0,0,0,1,0,0.1,0,3,2,0.0,0,,2003,7937,44,False,0,0,0,0,0,1
Jorrel Hato,DEF,Chelsea,,0,0,5,0,12.3,148,0.03,0.04,0.01,1.05,10,2,0,3.2,8.4,2026-08-24T19:00:00Z,64,,10,0,0,0,0,1,0,0.8,1,3,2,11.0,1,,91293,60009,45,False,0,1,0,2,2,1
Levi Samuels Colwill,DEF,Chelsea,,0,0,6,0,1.6,149,0.03,0.04,0.01,1.33,10,2,0,1.5,6.0,2026-08-24T19:00:00Z,90,,10,0,0,0,0,1,0,0.9,1,3,2,7.0,0,,26839,98692,48,False,1,2,0,3,2,1
Mamadou Sarr,DEF,Chelsea,,0,0,0,0,0.0,150,0.00,0.00,0.00,0.00,10,0,0,0.0,0.0,2026-08-24T19:00:00Z,0,,10,0,0,0,0,1,0,0.0,0,3,2,0.0,0,,429,5994,45,False,0,0,0,0,0,1
Josh Acheampong,DEF,Chelsea,,0,0,13,0,2.2,151,0.01,0.01,0.00,1.33,10,2,0,3.7,33.2,2026-08-24T19:00:00Z,90,,10,0,0,0,0,1,0,0.3,1,3,2,2.0,3,,21158,22600,45,False,0,10,15,6,5,1
Marco Palestra,DEF,Chelsea,,0,0,0,0,0.0,152,0.00,0.00,0.00,0.00,10,0,0,0.0,0.0,2026-08-24T19:00:00Z,0,,10,0,0,0,0,1,0,0.6,0,3,2,0.0,0,,6717,220677,53,False,0,0,0,0,0,1
Axel Disasi,DEF,Crystal Palace,,0,0,0,0,0.0,153,0.00,0.00,0.00,0.00,10,0,0,0.0,0.0,2026-08-24T19:00:00Z,0,,10,0,0,0,0,1,0,0.1,0,3,2,0.0,0,,9429,10399,45,False,0,0,0,0,0,1
Cole Palmer,MID,Chelsea,,1,3,60,0,41.3,154,0.19,0.47,0.28,1.24,10,0,1,16.1,65.2,2026-08-24T19:00:00Z,82,,10,0,0,0,0,1,0,25.5,1,3,2,54.0,13,,1954762,680980,97,False,0,0,0,7,2,1
Enzo Fernández,MID,Man City,,0,0,6,0,12.0,155,0.02,0.02,0.00,0.28,10,0,0,1.5,3.4,2026-08-24T19:00:00Z,25,,10,0,0,0,0,1,0,3.6,0,3,2,0.0,1,,174562,322764,69,False,0,0,0,3,0,1
Pedro Lomba Neto,MID,Chelsea,,0,0,9,0,4.1,156,0.07,0.10,0.03,0.22,10,0,0,1.3,5.2,2026-08-24T19:00:00Z,14,,10,0,0,0,0,1,0,1.4,0,3,2,4.0,1,,82879,91742,65,False,0,0,0,3,1,1
Estêvão Almeida de Oliveira Gonçalves,MID,Chelsea,,0,0,3,0,0.4,157,0.00,0.00,0.00,0.09,10,0,0,0.1,0.2,2026-08-24T19:00:00Z,7,,10,0,0,0,0,1,0,0.7,0,3,2,0.0,1,,17865,87248,63,False,0,0,0,1,0,1
Jamie Bynoe-Gittens,MID,Chelsea,,0,0,0,0,0.0,158,0.00,0.00,0.00,0.00,10,0,0,0.0,0.0,2026-08-24T19:00:00Z,0,,10,0,0,0,0,1,0,0.0,0,3,2,0.0,0,,1138,2898,58,False,0,0,0,0,0,1
Moisés Caicedo Corozo,MID,Chelsea,,0,0,0,0,0.0,159,0.00,0.00,0.00,0.00,10,0,0,0.0,0.0,2026-08-24T19:00:00Z,0,,10,0,0,0,0,1,0,1.0,0,3,2,0.0,0,,15071,281848,53,False,0,0,0,0,0,1
Alejandro Garnacho Ferreyra,MID,Aston Villa,,0,0,2,0,0.0,160,0.00,0.00,0.00,0.14,7,0,0,0.0,0.0,2026-08-23T13:00:00Z,4,,5,0,0,0,0,1,0,0.3,0,0,4,0.0,1,,7534,41343,58,False,0,0,0,0,0,1
Roméo Lavia,MID,Chelsea,,0,0,8,0,21.9,161,0.03,0.24,0.21,1.05,10,0,0,6.9,13.6,2026-08-24T19:00:00Z,64,,10,0,0,0,0,1,0,0.2,1,3,2,33.0,1,,25839,15666,50,False,1,2,0,4,3,1
Andrey Nascimento dos Santos,MID,Man Utd,,0,0,17,0,4.2,162,0.23,0.23,0.00,0.94,4,0,0,1.8,11.4,2026-08-22T11:30:00Z,66,,11,0,0,0,0,1,0,0.6,1,0,2,2.0,2,,22278,73810,48,False,0,3,0,5,1,1
Dário Luís Essugo,MID,Chelsea,,0,0,0,0,0.0,163,0.00,0.00,0.00,0.00,10,0,0,0.0,0.0,2026-08-24T19:00:00Z,0,,10,0,0,0,0,1,0,0.1,0,3,2,0.0,0,,2698,14474,45,False,0,0,0,0,0,1
Geovany Quenda,MID,Chelsea,,0,0,2,0,0.3,164,0.00,0.00,0.00,0.09,10,0,0,0.4,1.2,2026-08-24T19:00:00Z,8,,10,0,0,0,0,1,0,0.0,0,3,2,2.0,1,,909,3409,53,False,0,1,0,0,0,1
João Pedro Junqueira de Jesus,FWD,Chelsea,,1,2,45,0,23.0,165,0.06,0.69,0.63,1.33,10,0,1,11.1,51.2,2026-08-24T19:00:00Z,90,,10,0,0,0,0,1,0,64.9,1,3,2,37.0,11,,1584711,1486196,77,False,0,1,0,2,0,1
Nicolas Jackson,FWD,Aston Villa,,0,0,0,0,0.0,166,0.00,0.00,0.00,0.00,10,0,0,0.0,0.0,2026-08-24T19:00:00Z,0,,10,0,0,0,0,1,0,1.5,0,3,2,0.0,0,,185165,85835,65,False,0,0,0,0,0,1
Liam Delap,FWD,Nott'm Forest,,0,0,0,0,0.0,167,0.00,0.00,0.00,0.00,10,0,0,0.0,0.0,2026-08-24T19:00:00Z,0,,10,0,0,0,0,1,0,2.7,0,3,2,0.0,0,,313002,83652,56,False,0,0,0,0,0,1
Marc Guiu Paz,FWD,Chelsea,,0,0,0,0,0.0,168,0.00,0.00,0.00,0.00,10,0,0,0.0,0.0,2026-08-24T19:00:00Z,0,,10,0,0,0,0,1,0,0.2,0,3,2,0.0,0,,4102,33363,50,False,0,0,0,0,0,1
Shumaira Mheuka,FWD,Chelsea,,0,0,0,0,0.0,169,0.00,0.00,0.00,0.00,10,0,0,0.0,0.0,2026-08-24T19:00:00Z,0,,10,0,0,0,0,1,0,0.5,0,3,2,0.0,0,,32496,25503,45,False,0,0,0,0,0,1
Emmanuel Emegha,FWD,Chelsea,,0,0,0,0,0.0,170,0.00,0.00,0.00,0.00,10,0,0,0.0,0.0,2026-08-24T19:00:00Z,0,,10,0,0,0,0,1,0,0.1,0,3,2,0.0,0,,6091,12652,49,False,0,0,0,0,0,1
Oliver Dovin,GKP,Coventry City,,0,0,0,0,0.0,171,0.00,0.00,0.00,0.00,1,0,0,0.0,0.0,2026-08-21T19:00:00Z,0,,1,0,0,0,0,1,0,1.0,0,0,3,0.0,0,,8924,58249,40,False,0,0,0,0,0,1
Ben Wilson,GKP,Coventry City,,0,0,0,0,0.0,172,0.00,0.00,0.00,0.00,1,0,0,0.0,0.0,2026-08-21T19:00:00Z,0,,1,0,0,0,0,1,0,0.4,0,0,3,0.0,0,,1426,12434,44,False,0,0,0,0,0,1
Bobby Thomas,DEF,Coventry City,,0,0,11,0,11.2,173,0.01,0.03,0.02,1.88,1,3,0,3.5,23.2,2026-08-21T19:00:00Z,90,,1,0,0,0,0,1,0,8.5,1,0,3,1.0,3,,366248,287355,40,False,0,9,10,2,1,1
Liam Kitching,DEF,Coventry City,,0,0,0,0,0.0,174,0.00,0.00,0.00,0.00,1,0,0,0.0,0.0,2026-08-21T19:00:00Z,0,,1,0,0,0,0,1,0,0.3,0,0,3,0.0,0,,981,33050,40,False,0,0,0,0,0,1
Milan van Ewijk,DEF,Coventry City,,0,0,-8,0,2.0,175,0.01,0.01,0.00,1.88,1,3,0,1.5,10.6,2026-08-21T19:00:00Z,90,,1,0,0,0,0,1,0,8.7,1,0,3,2.0,1,,123111,505349,40,False,0,6,0,3,1,1
Jay Dasilva,DEF,Coventry City,,0,0,-4,0,3.8,176,0.02,0.02,0.00,1.88,1,3,0,1.8,13.8,2026-08-21T19:00:00Z,90,,1,0,0,0,0,1,0,0.7,1,0,3,0.0,1,,16370,22970,40,False,0,6,0,1,0,1
Kaine Kesler-Hayden,DEF,Coventry City,,0,0,0,0,0.0,177,0.00,0.00,0.00,0.00,1,0,0,0.0,0.0,2026-08-21T19:00:00Z,0,,1,0,0,0,0,1,0,0.0,0,0,3,0.0,0,,1688,3830,39,False,0,0,0,0,0,1
Jake Bidwell,DEF,Coventry City,,0,0,0,0,0.0,178,0.00,0.00,0.00,0.00,1,0,0,0.0,0.0,2026-08-21T19:00:00Z,0,,1,0,0,0,0,1,0,0.1,0,0,3,0.0,0,,2494,3547,40,False,0,0,0,0,0,1
Joel Latibeaudiere,DEF,Coventry City,,0,0,0,0,0.0,179,0.00,0.00,0.00,0.00,1,0,0,0.0,0.0,2026-08-21T19:00:00Z,0,,1,0,0,0,0,1,0,0.0,0,0,3,0.0,0,,987,1746,40,False,0,0,0,0,0,1
Luke Woolfenden,DEF,Coventry City,,0,0,0,0,0.0,180,0.00,0.00,0.00,0.00,1,0,0,0.0,0.0,2026-08-21T19:00:00Z,0,,1,0,0,0,0,1,0,0.1,0,0,3,0.0,0,,2294,9063,39,False,0,0,0,0,0,1
Miguel Brau,DEF,Coventry City,,0,0,0,0,0.0,181,0.00,0.00,0.00,0.00,1,0,0,0.0,0.0,2026-08-21T19:00:00Z,0,,1,0,0,0,0,1,0,0.0,0,0,3,0.0,0,,275,2179,40,False,0,0,0,0,0,1
Aurèle Amenda,DEF,Coventry City,,0,0,1,0,0.8,182,0.01,0.01,0.00,1.88,1,3,0,3.0,28.8,2026-08-21T19:00:00Z,90,,1,0,0,0,0,1,0,0.6,1,0,3,0.0,1,,11487,34085,40,False,0,9,0,4,0,1
Jack Rudoni,MID,Coventry City,,0,0,3,0,3.8,183,0.00,0.15,0.15,0.29,1,0,0,2.6,5.6,2026-08-21T19:00:00Z,20,,1,0,0,0,0,1,0,0.1,0,0,3,17.0,1,,4451,8121,49,False,0,0,0,4,1,1
Matt Grimes,MID,Coventry City,,0,0,14,0,3.7,184,0.01,0.01,0.00,1.88,1,0,0,1.7,13.4,2026-08-21T19:00:00Z,90,,1,0,0,0,0,1,0,0.1,1,0,3,0.0,2,,4094,11307,49,False,0,4,0,3,0,1
Tatsuhiro Sakamoto,MID,Coventry City,,0,0,0,0,0.0,185,0.00,0.00,0.00,0.00,1,0,0,0.0,0.0,2026-08-21T19:00:00Z,0,,1,0,0,0,0,1,0,0.1,0,0,3,0.0,0,,1022,5776,48,False,0,0,0,0,0,1
Ephron Mason-Clark,MID,Coventry City,,0,0,0,0,0.0,186,0.00,0.00,0.00,0.00,1,0,0,0.0,0.0,2026-08-21T19:00:00Z,0,,1,0,0,0,0,1,0,0.1,0,0,3,0.0,0,,1117,5975,53,False,0,0,0,0,0,1
Josh Eccles,MID,Coventry City,,0,0,0,0,0.0,187,0.00,0.00,0.00,0.00,1,0,0,0.0,0.0,2026-08-21T19:00:00Z,0,,1,0,0,0,0,1,0,0.0,0,0,3,0.0,0,,636,1471,48,False,0,0,0,0,0,1
Victor Torp,MID,Coventry City,,0,0,8,0,16.4,188,0.11,0.11,0.00,0.32,1,0,0,2.3,6.8,2026-08-21T19:00:00Z,28,,1,0,0,0,0,1,0,0.1,0,0,3,0.0,1,,797,7995,53,False,0,1,0,0,0,1
George Shepherd,MID,Coventry City,,0,0,0,0,0.0,189,0.00,0.00,0.00,0.00,1,0,0,0.0,0.0,2026-08-21T19:00:00Z,0,,1,0,0,0,0,1,0,0.3,0,0,3,0.0,0,,10906,15490,44,False,0,0,0,0,0,1
Loum Tchaouna,MID,Coventry City,,0,0,11,0,6.0,190,0.02,0.06,0.04,1.76,1,0,0,1.1,1.8,2026-08-21T19:00:00Z,81,,1,0,0,0,0,1,0,0.1,1,0,3,3.0,2,,3143,8249,54,False,0,3,0,5,0,1
Raphael Borges Rodrigues,MID,Coventry City,,0,0,0,0,0.0,191,0.00,0.00,0.00,0.00,1,0,0,0.0,0.0,2026-08-21T19:00:00Z,0,,1,0,0,0,0,1,0,0.1,0,0,3,0.0,0,,1943,11548,45,False,0,0,0,0,0,1
Kai Andrews,MID,Coventry City,,0,0,0,0,0.0,192,0.00,0.00,0.00,0.00,1,0,0,0.0,0.0,2026-08-21T19:00:00Z,0,,1,0,0,0,0,1,0,0.3,0,0,3,0.0,0,,2718,41208,45,False,0,0,0,0,0,1
Haji Wright,FWD,Coventry City,,0,0,0,0,0.0,193,0.00,0.00,0.00,0.00,1,0,0,0.0,0.0,2026-08-21T19:00:00Z,0,,1,0,0,0,0,1,0,0.1,0,0,3,0.0,0,,617,12523,53,False,0,0,0,0,0,1
Brandon Thomas-Asante,FWD,Coventry City,,0,0,9,0,1.1,194,0.02,0.02,0.00,1.60,1,0,0,0.6,4.6,2026-08-21T19:00:00Z,69,,1,0,0,0,0,1,0,0.8,1,0,3,0.0,2,,59474,57349,50,False,0,5,0,1,0,1
Ellis Simms,FWD,Coventry City,,0,0,7,0,12.3,195,0.01,0.01,0.00,1.60,1,0,0,1.7,2.6,2026-08-21T19:00:00Z,69,,1,0,0,0,0,1,0,0.6,1,0,3,2.0,2,,40664,64777,49,False,0,1,0,2,0,1
Jahnoah Markelo,FWD,Coventry City,,0,0,0,0,0.0,196,0.00,0.00,0.00,0.00,1,0,0,0.0,0.0,2026-08-21T19:00:00Z,0,,1,0,0,0,0,1,0,0.0,0,0,3,0.0,0,,0,1190,50,False,0,0,0,0,0,1
Norman Bassette,FWD,Coventry City,,0,0,0,0,0.0,197,0.00,0.00,0.00,0.00,1,0,0,0.0,0.0,2026-08-21T19:00:00Z,0,,1,0,0,0,0,1,0,0.0,0,0,3,0.0,0,,0,2114,45,False,0,0,0,0,0,1
Dean Henderson,GKP,Crystal Palace,,0,0,14,0,0.0,198,0.00,0.00,0.00,1.12,3,2,0,2.8,28.2,2026-08-22T14:00:00Z,90,,9,0,0,0,0,1,3,1.3,1,0,2,0.0,2,,55286,120819,49,False,0,3,0,13,0,1
Walter Benítez,GKP,Crystal Palace,,0,0,0,0,0.0,199,0.00,0.00,0.00,0.00,3,0,0,0.0,0.0,2026-08-22T14:00:00Z,0,,9,0,0,0,0,1,0,0.1,0,0,2,0.0,0,,3821,4825,45,False,0,0,0,0,0,1
Maxence Lacroix,DEF,Chelsea,,1,0,25,0,11.2,200,0.20,0.20,0.00,1.33,10,2,0,5.7,44.2,2026-08-24T19:00:00Z,90,,10,0,0,0,0,1,0,6.8,1,3,2,2.0,6,,175485,426437,59,False,0,7,12,2,5,1
Daniel Muñoz Mejía,DEF,Nott'm Forest,,0,0,-4,0,1.8,201,0.01,0.24,0.23,0.84,3,2,0,2.4,1.2,2026-08-22T14:00:00Z,54,,9,0,0,0,0,1,0,5.7,1,0,2,21.0,0,,158919,485848,54,False,0,3,0,1,1,1
Chris Richards,DEF,Crystal Palace,,0,0,13,0,0.7,202,0.00,0.00,0.00,1.12,3,2,0,4.3,42.6,2026-08-22T14:00:00Z,90,,9,0,0,0,0,1,0,0.6,1,0,2,0.0,3,,22638,38067,49,False,0,14,16,1,2,1
Jaydee Canvot,DEF,Crystal Palace,,0,0,9,0,5.7,203,0.01,0.06,0.05,1.12,3,2,0,3.8,27.4,2026-08-22T14:00:00Z,90,,9,0,0,0,0,1,0,0.2,1,0,2,5.0,1,,5795,19574,48,False,0,4,0,3,4,1
Tyrick Mitchell,DEF,Crystal Palace,,0,0,9,0,13.8,204,0.01,0.01,0.00,1.12,3,2,0,2.7,11.6,2026-08-22T14:00:00Z,90,,9,0,0,0,0,1,0,6.1,1,0,2,2.0,1,,312900,265845,45,False,0,3,0,4,2,1
Borna Sosa,DEF,Crystal Palace,,0,0,0,0,0.0,205,0.00,0.00,0.00,0.00,3,0,0,0.0,0.0,2026-08-22T14:00:00Z,0,,9,0,0,0,0,1,0,0.0,0,0,2,0.0,0,,236,2083,45,False,0,0,0,0,0,1
Chadi Riad Dnanou,DEF,Crystal Palace,,0,0,7,0,1.3,206,0.01,0.01,0.00,0.98,3,2,0,1.4,12.6,2026-08-22T14:00:00Z,72,,9,0,0,0,0,1,0,0.0,1,0,2,0.0,1,,649,5691,43,False,0,6,0,3,1,1
Oscar Mingueza,DEF,Crystal Palace,,0,0,0,0,0.0,207,0.00,0.00,0.00,0.00,3,0,0,0.0,0.0,2026-08-22T14:00:00Z,0,,9,0,0,0,0,1,0,0.1,0,0,2,0.0,0,,2004,4853,44,False,0,0,0,0,0,1
Ismaïla Sarr,MID,Crystal Palace,,0,0,0,0,0.0,208,0.00,0.00,0.00,0.00,3,0,0,0.0,0.0,2026-08-22T14:00:00Z,0,,9,0,0,0,0,1,0,0.6,0,0,2,0.0,0,,6756,376808,62,False,0,0,0,0,0,1
Brennan Johnson,MID,Everton,,0,0,3,0,0.3,209,0.00,0.00,0.00,0.29,3,0,0,0.4,4.0,2026-08-22T14:00:00Z,6,,8,0,0,0,0,1,0,0.1,0,0,2,0.0,1,,5353,10470,59,True,0,2,0,0,0,1
Adam Wharton,MID,Crystal Palace,,0,0,20,0,30.9,210,0.24,0.24,0.00,1.12,3,0,0,4.8,16.8,2026-08-22T14:00:00Z,90,,9,0,0,0,0,1,0,0.7,1,0,2,0.0,4,,29629,48730,54,False,0,4,14,8,2,1
Yéremy Pino Santos,MID,Crystal Palace,,0,0,4,0,6.3,211,0.02,0.08,0.06,0.27,3,0,0,1.4,2.0,2026-08-22T14:00:00Z,35,,9,0,0,0,0,1,0,0.3,0,0,2,6.0,1,,45280,31220,55,False,0,0,0,3,2,1
Will Hughes,MID,Crystal Palace,,0,0,0,0,0.0,212,0.00,0.00,0.00,0.00,3,0,0,0.0,0.0,2026-08-22T14:00:00Z,0,,9,0,0,0,0,1,0,7.3,0,0,2,0.0,0,,122853,485354,44,False,0,0,0,0,0,1
Jefferson Lerma Solís,MID,Crystal Palace,,0,0,0,0,0.0,213,0.00,0.00,0.00,0.00,3,0,0,0.0,0.0,2026-08-22T14:00:00Z,0,,9,0,0,0,0,1,0,0.1,0,0,2,0.0,0,,1302,5579,48,False,0,0,0,0,0,1
Daichi Kamada,MID,Crystal Palace,,0,0,25,0,29.3,214,0.27,0.27,0.00,1.12,3,0,0,5.0,20.4,2026-08-22T14:00:00Z,90,,9,0,0,0,0,1,0,0.5,1,0,2,0.0,3,,50210,24845,50,False,1,3,14,8,3,1
Justin Devenny,MID,Crystal Palace,,0,0,0,0,0.0,215,0.00,0.00,0.00,0.00,3,0,0,0.0,0.0,2026-08-22T14:00:00Z,0,,9,0,0,0,0,1,0,0.0,0,0,2,0.0,0,,132,951,50,False,0,0,0,0,0,1
Romain Esse,MID,Crystal Palace,,0,0,0,0,0.0,216,0.00,0.00,0.00,0.00,3,0,0,0.0,0.0,2026-08-22T14:00:00Z,0,,9,0,0,0,0,1,0,0.0,0,0,2,0.0,0,,399,3244,50,False,0,0,0,0,0,1
Matheus França de Oliveira,MID,Crystal Palace,,0,0,0,0,0.0,217,0.00,0.00,0.00,0.00,3,0,0,0.0,0.0,2026-08-22T14:00:00Z,0,,9,0,0,0,0,1,0,0.0,0,0,2,0.0,0,,1007,3446,49,False,0,0,0,0,0,1
Cheick Doucouré,MID,Crystal Palace,,0,0,0,0,0.0,218,0.00,0.00,0.00,0.00,3,0,0,0.0,0.0,2026-08-22T14:00:00Z,0,,9,0,0,0,0,1,0,0.0,0,0,2,0.0,0,,2092,4471,48,False,0,0,0,0,0,1
Jesurun Rak-Sakyi,MID,Crystal Palace,,0,0,0,0,0.0,219,0.00,0.00,0.00,0.00,3,0,0,0.0,0.0,2026-08-22T14:00:00Z,0,,9,0,0,0,0,1,0,0.0,0,0,2,0.0,0,,145,470,49,False,0,0,0,0,0,1
Rio Cardines,DEF,Crystal Palace,,0,0,0,0,0.0,220,0.00,0.00,0.00,0.00,3,0,0,0.0,0.0,2026-08-22T14:00:00Z,0,,9,0,0,0,0,1,0,0.0,0,0,2,0.0,0,,0,128,45,False,0,0,0,0,0,1
Joél Drakes-Thomas,MID,Crystal Palace,,0,0,0,0,0.0,221,0.00,0.00,0.00,0.00,3,0,0,0.0,0.0,2026-08-22T14:00:00Z,0,,9,0,0,0,0,1,0,0.1,0,0,2,0.0,0,,2703,4693,44,False,0,0,0,0,0,1
Jørgen Strand Larsen,FWD,Crystal Palace,,0,0,3,0,3.5,222,0.01,0.26,0.25,0.14,3,0,0,2.2,1.0,2026-08-22T14:00:00Z,27,,9,0,0,0,0,1,0,0.7,0,0,2,17.0,1,,50670,41239,60,False,0,0,0,0,0,1
Jean-Philippe Mateta,FWD,Crystal Palace,,0,0,-3,0,12.3,223,0.02,0.72,0.70,0.98,3,0,0,2.5,1.4,2026-08-22T14:00:00Z,62,,9,0,0,0,0,1,0,1.3,1,0,2,11.0,2,,25986,455100,63,False,0,1,0,2,2,1
Eddie Nketiah,FWD,Crystal Palace,,0,0,12,0,24.5,224,0.58,1.18,0.60,0.84,3,0,0,5.8,10.4,2026-08-22T14:00:00Z,55,,9,0,0,0,0,1,0,0.5,1,0,2,23.0,1,,47363,50163,55,False,0,1,0,1,1,1
Christantus Uche,FWD,Crystal Palace,,0,0,0,0,0.0,225,0.00,0.00,0.00,0.00,3,0,0,0.0,0.0,2026-08-22T14:00:00Z,0,,9,0,0,0,0,1,0,0.0,0,0,2,0.0,0,,0,0,50,False,0,0,0,0,0,1
Jordan Pickford,GKP,Everton,,0,0,34,1,0.0,226,0.02,0.02,0.00,1.96,3,0,0,3.2,31.8,2026-08-22T14:00:00Z,90,,8,0,0,0,0,1,4,9.1,1,0,2,0.0,7,,297990,237193,55,True,0,0,0,12,0,1
Mark Travers,GKP,Everton,,0,0,0,0,0.0,227,0.00,0.00,0.00,0.00,3,0,0,0.0,0.0,2026-08-22T14:00:00Z,0,,8,0,0,0,0,1,0,0.0,0,0,2,0.0,0,,1822,2138,50,True,0,0,0,0,0,1
Tom King,GKP,Everton,,0,0,0,0,0.0,228,0.00,0.00,0.00,0.00,3,0,0,0.0,0.0,2026-08-22T14:00:00Z,0,,8,0,0,0,0,1,0,0.0,0,0,2,0.0,0,,1189,1749,45,True,0,0,0,0,0,1
James Tarkowski,DEF,Everton,,0,0,25,1,0.8,229,0.00,0.05,0.05,1.96,3,0,0,2.0,15.2,2026-08-22T14:00:00Z,90,,8,0,0,0,0,1,0,16.7,1,0,2,4.0,6,,957082,287322,62,True,0,8,0,4,1,1
Jarrad Branthwaite,DEF,Everton,,0,0,27,1,0.8,230,0.01,0.01,0.00,1.96,3,0,0,2.5,18.6,2026-08-22T14:00:00Z,90,,8,0,0,0,0,1,0,2.4,1,0,2,6.0,6,,141547,72405,55,True,0,6,0,2,2,1
Michael Keane,DEF,Everton,,0,0,0,0,0.0,231,0.00,0.00,0.00,0.00,3,0,0,0.0,0.0,2026-08-22T14:00:00Z,0,,8,0,0,0,0,1,0,0.7,0,0,2,0.0,0,,9327,90836,48,True,0,0,0,0,0,1
Jake O'Brien,DEF,Everton,,0,0,0,0,0.0,232,0.00,0.00,0.00,0.00,3,0,0,0.0,0.0,2026-08-22T14:00:00Z,0,,8,0,0,0,0,1,0,0.3,0,0,2,0.0,0,,4616,24698,48,True,0,0,0,0,0,1
Vitalii Mykolenko,DEF,Everton,,0,0,27,1,13.8,233,0.05,0.05,0.00,1.96,3,0,0,2.9,12.8,2026-08-22T14:00:00Z,90,,8,0,0,0,0,1,0,4.1,1,0,2,2.0,6,,412864,122640,46,True,0,4,0,4,0,1
Nathan Patterson,DEF,Everton,,0,0,0,0,0.0,234,0.00,0.00,0.00,0.00,3,0,0,0.0,0.0,2026-08-22T14:00:00Z,0,,8,0,0,0,0,1,0,0.0,0,0,2,0.0,0,,371,2447,45,True,0,0,0,0,0,1
Adam Aznou,DEF,Everton,,0,0,0,0,0.0,235,0.00,0.00,0.00,0.00,3,0,0,0.0,0.0,2026-08-22T14:00:00Z,0,,8,0,0,0,0,1,0,0.1,0,0,2,0.0,0,,1728,11186,40,True,0,0,0,0,0,1
Kiernan Dewsbury-Hall,MID,Everton,,0,3,40,1,28.3,236,0.17,0.29,0.12,1.92,3,0,1,9.8,42.8,2026-08-22T14:00:00Z,90,,8,0,0,0,0,1,0,5.9,1,0,2,27.0,11,,586283,329480,66,True,0,1,0,5,2,1
Iliman Ndiaye,MID,Man City,,1,1,36,1,39.8,237,0.32,0.56,0.24,1.96,3,0,0,12.9,40.8,2026-08-22T14:00:00Z,90,,9,0,0,0,0,1,0,6.7,1,0,2,48.0,9,,298391,1139924,58,False,0,0,12,8,4,1
Jack Grealish,MID,Everton,,0,0,2,0,0.6,238,0.00,0.00,0.00,0.00,8,0,0,0.2,1.0,2026-08-23T13:00:00Z,8,,15,0,0,0,0,1,0,0.5,0,1,2,0.0,1,,41121,23432,65,False,0,0,0,0,1,1
James Garner,MID,Everton,,0,0,6,0,11.8,239,0.03,0.03,0.00,0.34,3,0,0,1.9,4.8,2026-08-22T14:00:00Z,11,,8,0,0,0,0,1,0,0.2,0,0,2,2.0,1,,21359,14055,60,True,0,0,0,0,1,1
Tim Iroegbunam,MID,Hull City,,0,0,0,0,0.0,240,0.00,0.00,0.00,0.00,3,0,0,0.0,0.0,2026-08-22T14:00:00Z,0,,9,0,0,0,0,1,0,0.0,0,0,2,0.0,0,,1118,1159,50,False,0,0,0,0,0,1
Dwight McNeil,MID,Crystal Palace,,0,0,11,0,4.7,241,0.02,0.07,0.05,0.98,3,0,0,1.6,9.6,2026-08-22T14:00:00Z,62,,9,0,0,0,0,1,0,0.1,1,0,2,2.0,2,,1792,8246,53,False,0,3,0,2,0,1
Tyrique George,MID,Everton,,0,0,13,1,23.4,242,0.08,0.26,0.18,1.67,3,0,0,5.5,7.0,2026-08-22T14:00:00Z,83,,8,0,0,0,0,1,0,0.9,1,0,2,25.0,3,,107276,43017,55,True,0,3,0,4,0,1
Carlos Alcaraz Durán,MID,Everton,,0,0,7,0,0.3,243,0.00,0.02,0.02,0.04,3,0,0,2.2,5.0,2026-08-22T14:00:00Z,1,,8,0,0,0,0,1,0,0.1,0,0,2,17.0,1,,2866,5854,49,True,0,0,0,2,1,1
Harrison Armstrong,MID,Everton,,1,0,25,1,14.7,244,0.04,0.04,0.00,1.96,3,0,0,4.8,28.8,2026-08-22T14:00:00Z,90,,8,0,0,0,0,1,0,0.4,1,0,2,4.0,8,,53975,32820,50,True,0,3,16,11,2,1
Tyler Dibling,MID,Everton,,0,0,0,0,0.0,245,0.00,0.00,0.00,0.00,3,0,0,0.0,0.0,2026-08-22T14:00:00Z,0,,8,0,0,0,0,1,0,0.0,0,0,2,0.0,0,,1177,2660,54,True,0,0,0,0,0,1
Merlin Röhl,MID,Everton,,0,0,12,1,13.0,246,0.06,0.06,0.00,1.96,3,0,0,2.9,13.8,2026-08-22T14:00:00Z,90,,8,0,0,0,0,1,0,0.0,1,0,2,2.0,3,,1963,4711,49,True,0,2,0,5,2,1
Hayden Hackney,MID,Everton,,0,0,16,1,12.2,247,0.01,0.02,0.01,1.62,3,0,0,2.6,8.6,2026-08-22T14:00:00Z,78,,8,0,0,0,0,1,0,0.2,1,0,2,5.0,3,,3760,11986,54,True,0,1,0,4,2,1
Norberto Bercique Gomes Betuncal,FWD,Everton,,0,0,3,0,0.0,248,0.00,0.05,0.05,0.34,3,0,0,0.2,0.0,2026-08-22T14:00:00Z,11,,8,0,0,0,0,1,0,0.6,0,0,2,2.0,1,,16222,220012,54,True,0,0,0,0,0,1
Thierno Barry,FWD,Everton,,0,2,37,0,19.0,249,0.09,0.54,0.45,1.62,3,0,1,9.8,38.0,2026-08-22T14:00:00Z,78,,8,0,0,0,0,1,0,8.3,1,0,2,41.0,8,,972888,360765,57,True,0,0,0,2,1,1
Bernd Leno,GKP,Fulham,,0,0,11,0,0.0,250,0.00,0.00,0.00,2.24,10,3,0,3.0,29.6,2026-08-24T19:00:00Z,90,,6,0,0,0,0,1,3,3.4,1,3,2,0.0,2,,154950,103757,45,True,0,1,0,9,0,1
Benjamin Lecomte,GKP,Fulham,,0,0,0,0,0.0,251,0.00,0.00,0.00,0.00,10,0,0,0.0,0.0,2026-08-24T19:00:00Z,0,,6,0,0,0,0,1,0,1.1,0,3,2,0.0,0,,25412,26138,40,True,0,0,0,0,0,1
Alfie McNally,GKP,Fulham,,0,0,0,0,0.0,252,0.00,0.00,0.00,0.00,10,0,0,0.0,0.0,2026-08-24T19:00:00Z,0,,6,0,0,0,0,1,0,0.1,0,3,2,0.0,0,,2589,6624,40,True,0,0,0,0,0,1
Joachim Andersen,DEF,Fulham,,0,0,0,0,0.0,253,0.00,0.00,0.00,0.00,10,0,0,0.0,0.0,2026-08-24T19:00:00Z,0,,6,0,0,0,0,1,0,0.2,0,3,2,0.0,0,,14784,9284,50,True,0,0,0,0,0,1
Antonee Robinson,DEF,Fulham,,0,0,4,0,25.2,254,0.04,0.17,0.13,2.21,10,3,0,5.0,21.6,2026-08-24T19:00:00Z,81,,6,0,0,0,0,1,0,1.5,1,3,2,3.0,1,,60277,71320,45,True,0,4,0,5,3,1
Jorge Cuenca Barreno,DEF,Fulham,,0,0,7,0,21.3,255,0.03,0.03,0.00,2.24,10,3,0,5.4,32.8,2026-08-24T19:00:00Z,90,,6,0,0,0,0,1,0,0.0,1,3,2,0.0,3,,1548,2014,45,True,0,9,10,3,1,1
Kenny Tete,DEF,Fulham,,0,0,0,0,0.0,256,0.00,0.00,0.00,0.00,10,0,0,0.0,0.0,2026-08-24T19:00:00Z,0,,6,0,0,0,0,1,0,0.2,0,3,2,0.0,0,,1397,10522,44,True,0,0,0,0,0,1
Calvin Bassey,DEF,Fulham,,0,0,1,0,3.8,257,0.02,0.04,0.02,2.24,10,3,0,2.0,13.8,2026-08-24T19:00:00Z,90,,6,0,0,0,0,1,0,0.7,1,3,2,2.0,0,,27563,30194,45,True,1,3,0,4,1,1
Timothy Castagne,DEF,Fulham,,2,0,21,0,27.8,258,0.18,0.27,0.09,2.24,10,3,0,8.9,38.0,2026-08-24T19:00:00Z,90,,6,0,0,0,0,1,0,1.0,1,3,2,23.0,6,,92731,44059,45,True,1,5,0,4,1,1
Issa Diop,DEF,Ipswich Town,,0,0,7,0,0.8,259,0.01,0.01,0.00,0.66,5,0,0,1.0,7.2,2026-08-22T14:00:00Z,90,,20,0,0,0,0,1,0,12.6,1,1,2,2.0,2,,136650,511318,40,True,0,4,0,6,1,1
Harry Wilson,MID,Leeds,,0,0,8,1,15.3,260,0.02,0.02,0.00,0.53,6,0,0,2.6,6.2,2026-08-22T14:00:00Z,65,,18,0,0,0,0,1,0,1.6,1,1,0,4.0,3,,29048,459181,62,False,0,0,0,0,2,1
Alex Iwobi,MID,Fulham,,0,0,17,0,11.3,261,0.04,0.04,0.00,2.24,10,0,0,2.4,12.4,2026-08-24T19:00:00Z,90,,6,0,0,0,0,1,0,0.7,1,3,2,0.0,2,,22858,55851,54,True,0,3,0,6,1,1
Emile Smith Rowe,MID,Fulham,,0,0,0,0,0.0,262,0.00,0.00,0.00,0.00,10,0,0,0.0,0.0,2026-08-24T19:00:00Z,0,,6,0,0,0,0,1,0,0.2,0,3,2,0.0,0,,4526,21051,53,True,0,0,0,0,0,1
Kevin Santos Lopes de Macedo,MID,Fulham,,0,0,2,0,1.9,263,0.01,0.01,0.00,0.03,10,0,0,0.7,5.2,2026-08-24T19:00:00Z,17,,6,0,0,0,0,1,0,0.0,0,3,2,0.0,1,,2014,4240,53,True,0,0,0,1,2,1
Oscar Bobb,MID,Fulham,,0,0,10,0,13.8,264,0.26,0.26,0.00,2.21,10,0,0,3.0,9.8,2026-08-24T19:00:00Z,66,,6,0,0,0,0,1,0,0.3,1,3,2,6.0,2,,16680,21029,55,True,0,1,0,2,3,1
Sander Berge,MID,Fulham,,0,0,14,0,23.1,265,0.03,0.06,0.03,2.21,10,0,0,4.4,13.6,2026-08-24T19:00:00Z,72,,6,0,0,0,0,1,0,0.3,1,3,2,7.0,2,,6416,18126,49,True,0,1,0,2,1,1
Tom Cairney,MID,Fulham,,0,0,0,0,0.0,266,0.00,0.00,0.00,0.00,10,0,0,0.0,0.0,2026-08-24T19:00:00Z,0,,6,0,0,0,0,1,0,0.0,0,3,2,0.0,0,,111,332,49,True,0,0,0,0,0,1
Saša Lukić,MID,Ipswich Town,,1,0,22,0,14.8,267,0.02,0.02,0.00,0.66,5,0,0,4.0,23.4,2026-08-22T14:00:00Z,90,,20,0,0,0,0,1,0,0.1,1,1,2,2.0,5,,3445,6513,49,True,0,2,0,3,1,1
Josh King,MID,Fulham,,0,0,34,0,15.6,268,0.04,0.21,0.17,2.24,10,0,1,9.8,41.6,2026-08-24T19:00:00Z,90,,6,0,0,0,0,1,0,2.7,1,3,2,41.0,7,,345122,99030,55,True,0,2,0,4,2,1
Ryan Sessegnon,DEF,Fulham,,0,0,7,0,0.5,269,0.00,0.03,0.03,0.03,10,0,0,2.6,6.6,2026-08-24T19:00:00Z,17,,6,0,0,0,0,1,0,0.3,0,3,2,19.0,1,,2772,19065,43,True,0,1,0,1,0,1
Harrison Reed,MID,Fulham,,0,0,0,0,0.0,270,0.00,0.00,0.00,0.00,10,0,0,0.0,0.0,2026-08-24T19:00:00Z,0,,6,0,0,0,0,1,0,1.1,0,3,2,0.0,0,,36414,73445,44,True,0,0,0,0,0,1
Rodrigo Muniz Carvalho,FWD,Fulham,,0,0,6,0,11.5,271,0.00,0.02,0.02,0.03,10,0,0,2.5,6.0,2026-08-24T19:00:00Z,8,,6,0,0,0,0,1,0,0.4,0,3,2,7.0,1,,16195,35253,54,True,0,1,0,0,0,1
Jonah Kusi-Asare,FWD,Fulham,,0,0,0,0,0.0,272,0.00,0.00,0.00,0.00,10,0,0,0.0,0.0,2026-08-24T19:00:00Z,0,,6,0,0,0,0,1,0,5.4,0,3,2,0.0,0,,161107,302816,45,True,0,0,0,0,0,1
Dillon Phillips,GKP,Hull City,,0,0,0,0,0.0,273,0.00,0.00,0.00,0.00,4,0,0,0.0,0.0,2026-08-22T11:30:00Z,0,,16,0,0,0,0,1,0,1.4,0,0,2,0.0,0,,29328,38654,40,True,0,0,0,0,0,1
Jack Butland,GKP,Hull City,,0,0,0,0,0.0,274,0.00,0.00,0.00,0.00,4,0,0,0.0,0.0,2026-08-22T11:30:00Z,0,,16,0,0,0,0,1,0,0.1,0,0,2,0.0,0,,639,4947,44,True,0,0,0,0,0,1
Harvey Cartwright,GKP,Hull City,,0,0,0,0,0.0,275,0.00,0.00,0.00,0.00,4,0,0,0.0,0.0,2026-08-22T11:30:00Z,0,,16,0,0,0,0,1,0,0.0,0,0,2,0.0,0,,0,331,40,True,0,0,0,0,0,1
Thimothée Lo-Tutala,GKP,Hull City,,0,0,0,0,0.0,276,0.00,0.00,0.00,0.00,4,0,0,0.0,0.0,2026-08-22T11:30:00Z,0,,16,0,0,0,0,1,0,0.0,0,0,2,0.0,0,,0,1113,40,True,0,0,0,0,0,1
John Egan,DEF,Hull City,,0,0,27,1,0.1,277,0.00,0.00,0.00,1.83,4,0,0,4.6,43.4,2026-08-22T11:30:00Z,90,,16,0,0,0,0,1,0,7.0,1,0,2,2.0,8,,752052,218267,41,True,0,20,21,3,1,1
Charlie Hughes,DEF,Hull City,,0,0,0,0,0.0,278,0.00,0.00,0.00,0.00,4,0,0,0.0,0.0,2026-08-22T11:30:00Z,0,,16,0,0,0,0,1,0,0.2,0,0,2,0.0,0,,16939,13004,39,True,0,0,0,0,0,1
Semi Ajayi,DEF,Hull City,,0,2,39,1,0.2,279,0.00,0.52,0.52,0.86,4,0,1,7.9,44.2,2026-08-22T11:30:00Z,63,,16,0,0,0,0,1,0,13.9,1,0,2,35.0,14,,1357386,312753,42,True,0,7,0,3,0,1
Lewie Coyle,DEF,Hull City,,0,0,23,1,11.3,280,0.01,0.01,0.00,1.16,4,0,0,1.7,5.8,2026-08-22T11:30:00Z,69,,16,0,0,0,0,1,0,0.7,1,0,2,0.0,6,,27755,26004,40,True,0,1,0,3,1,1
Cody Drameh,DEF,Hull City,,0,0,4,0,0.0,281,0.00,0.05,0.05,0.67,4,0,0,0.3,2.2,2026-08-22T11:30:00Z,20,,16,0,0,0,0,1,0,0.0,0,0,2,1.0,1,,2118,4516,40,True,0,2,0,2,1,1
Ryan Giles,DEF,Hull City,,0,0,24,1,18.8,282,0.07,0.09,0.02,1.76,4,0,0,3.7,13.8,2026-08-22T11:30:00Z,84,,16,0,0,0,0,1,0,2.9,1,0,2,4.0,6,,279310,67028,40,True,0,5,0,1,1,1
Matty Jacob,DEF,Hull City,,0,0,0,0,0.0,283,0.00,0.00,0.00,0.00,4,0,0,0.0,0.0,2026-08-22T11:30:00Z,0,,16,0,0,0,0,1,0,0.0,0,0,2,0.0,0,,114,696,40,True,0,0,0,0,0,1
Cathal McCarthy,DEF,Hull City,,0,0,0,0,0.0,284,0.00,0.00,0.00,0.00,4,0,0,0.0,0.0,2026-08-22T11:30:00Z,0,,16,0,0,0,0,1,0,0.1,0,0,2,0.0,0,,4947,4611,40,True,0,0,0,0,0,1
Paddy McNair,DEF,Hull City,,0,0,3,0,0.0,285,0.00,0.00,0.00,0.96,4,0,0,0.4,4.2,2026-08-22T11:30:00Z,26,,16,0,0,0,0,1,0,0.1,0,0,2,0.0,1,,3154,4742,40,True,0,2,0,1,0,1
Mohamed Belloumi,MID,Hull City,,0,0,8,1,2.2,286,0.03,0.08,0.05,1.83,4,0,0,2.0,10.6,2026-08-22T11:30:00Z,90,,16,0,0,0,0,1,0,5.2,1,0,2,7.0,3,,511325,87402,51,True,0,3,0,3,4,1
Liam Millar,MID,Hull City,,0,0,2,0,0.3,287,0.00,0.00,0.00,0.67,4,0,0,0.4,2.0,2026-08-22T11:30:00Z,19,,16,0,0,0,0,1,0,0.0,0,0,2,2.0,0,,3178,7541,50,True,1,1,0,1,1,1
Kieran Dowell,MID,Hull City,,0,0,0,0,0.0,288,0.00,0.00,0.00,0.00,4,0,0,0.0,0.0,2026-08-22T11:30:00Z,0,,16,0,0,0,0,1,0,0.3,0,0,2,0.0,0,,12388,21704,44,True,0,0,0,0,0,1
Matt Crooks,MID,Hull City,,0,0,9,1,2.4,289,0.00,0.00,0.00,1.83,4,0,0,2.1,19.0,2026-08-22T11:30:00Z,90,,16,0,0,0,0,1,0,0.5,1,0,2,0.0,2,,24663,40674,44,True,1,4,0,1,4,1
Regan Slater,MID,Hull City,,1,0,20,1,19.3,290,0.44,0.44,0.00,1.83,4,0,0,3.8,18.4,2026-08-22T11:30:00Z,90,,16,0,0,0,0,1,0,5.2,1,0,2,0.0,6,,499690,280825,45,True,0,0,0,2,1,1
Eliot Matazo,MID,Hull City,,0,0,0,0,0.0,291,0.00,0.00,0.00,0.00,4,0,0,0.0,0.0,2026-08-22T11:30:00Z,0,,16,0,0,0,0,1,0,0.0,0,0,2,0.0,0,,384,498,45,True,0,0,0,0,0,1
Abdülkadir Ömür,MID,Hull City,,0,0,0,0,0.0,292,0.00,0.00,0.00,0.00,4,0,0,0.0,0.0,2026-08-22T11:30:00Z,0,,16,0,0,0,0,1,0,0.0,0,0,2,0.0,0,,1208,1633,49,True,0,0,0,0,0,1
Abu Kamara,MID,Hull City,,0,0,0,0,0.0,293,0.00,0.00,0.00,0.00,4,0,0,0.0,0.0,2026-08-22T11:30:00Z,0,,16,0,0,0,0,1,0,0.0,0,0,2,0.0,0,,0,375,50,True,0,0,0,0,0,1
Óscar Zambrano,MID,Hull City,,0,0,0,0,0.0,294,0.00,0.00,0.00,0.00,4,0,0,0.0,0.0,2026-08-22T11:30:00Z,0,,16,0,0,0,0,1,0,0.1,0,0,2,0.0,0,,3886,6840,45,True,0,0,0,0,0,1
Oli McBurnie,FWD,Hull City,,1,0,21,0,21.1,295,0.01,0.17,0.16,1.83,4,0,0,9.0,17.2,2026-08-22T11:30:00Z,90,,16,0,0,0,0,1,0,1.9,1,0,2,52.0,5,,189768,154336,55,True,0,3,0,2,0,1
David Akintola,MID,Hull City,,0,0,0,0,0.0,296,0.00,0.00,0.00,0.00,4,0,0,0.0,0.0,2026-08-22T11:30:00Z,0,,16,0,0,0,0,1,0,0.0,0,0,2,0.0,0,,2704,4897,50,True,0,0,0,0,0,1
Darko Gyabi,MID,Hull City,,0,0,0,0,0.0,297,0.00,0.00,0.00,0.00,4,0,0,0.0,0.0,2026-08-22T11:30:00Z,0,,16,0,0,0,0,1,0,0.0,0,0,2,0.0,0,,457,1621,44,True,0,0,0,0,0,1
Enis Destan,FWD,Hull City,,0,0,0,0,0.0,298,0.00,0.00,0.00,0.00,4,0,0,0.0,0.0,2026-08-22T11:30:00Z,0,,16,0,0,0,0,1,0,0.2,0,0,2,0.0,0,,0,22396,45,True,0,0,0,0,0,1
Mason Burstow,FWD,Hull City,,0,0,0,0,0.0,299,0.00,0.00,0.00,0.00,4,0,0,0.0,0.0,2026-08-22T11:30:00Z,0,,16,0,0,0,0,1,0,0.0,0,0,2,0.0,0,,0,3080,45,True,0,0,0,0,0,1
Christian Walton,GKP,Ipswich Town,,0,0,0,0,0.0,300,0.00,0.00,0.00,0.00,5,0,0,0.0,0.0,2026-08-22T14:00:00Z,0,,20,0,0,0,0,1,0,0.4,0,1,2,0.0,0,,3569,15062,44,True,0,0,0,0,0,1
Alex Palmer,GKP,Ipswich Town,,0,0,0,0,0.0,301,0.00,0.00,0.00,0.00,5,0,0,0.0,0.0,2026-08-22T14:00:00Z,0,,20,0,0,0,0,1,0,3.9,0,1,2,0.0,0,,74859,113900,40,True,0,0,0,0,0,1
David Button,GKP,Ipswich Town,,0,0,0,0,0.0,302,0.00,0.00,0.00,0.00,5,0,0,0.0,0.0,2026-08-22T14:00:00Z,0,,20,0,0,0,0,1,0,0.6,0,1,2,0.0,0,,31576,15277,40,True,0,0,0,0,0,1
Cédric Kipré,DEF,Ipswich Town,,0,0,0,0,0.0,303,0.00,0.00,0.00,0.00,5,0,0,0.0,0.0,2026-08-22T14:00:00Z,0,,20,0,0,0,0,1,0,0.9,0,1,2,0.0,0,,49376,29394,39,True,0,0,0,0,0,1
Dara O'Shea,DEF,Ipswich Town,,0,0,16,0,24.5,304,0.16,0.16,0.00,0.66,5,0,0,7.5,48.0,2026-08-22T14:00:00Z,90,,20,0,0,0,0,1,0,2.7,1,1,2,2.0,4,,65607,128841,40,True,0,16,18,6,2,1
Leif Davis,DEF,Ipswich Town,,0,0,10,0,2.3,305,0.01,0.01,0.00,0.66,5,0,0,1.8,15.2,2026-08-22T14:00:00Z,90,,20,0,0,0,0,1,0,7.0,1,1,2,0.0,2,,375542,187600,40,True,0,7,0,4,0,1
Jacob Greaves,DEF,Ipswich Town,,0,0,12,0,1.3,306,0.00,0.00,0.00,0.66,5,0,0,1.8,16.4,2026-08-22T14:00:00Z,90,,20,0,0,0,0,1,0,1.1,1,1,2,0.0,2,,8251,38460,40,True,0,4,0,1,3,1
Ben Johnson,DEF,Ipswich Town,,0,0,0,0,0.0,307,0.00,0.00,0.00,0.00,5,0,0,0.0,0.0,2026-08-22T14:00:00Z,0,,20,0,0,0,0,1,0,0.1,0,1,2,0.0,0,,1137,6330,40,True,0,0,0,0,0,1
Darnell Furlong,DEF,Ipswich Town,,0,0,0,0,0.0,308,0.00,0.00,0.00,0.00,5,0,0,0.0,0.0,2026-08-22T14:00:00Z,0,,20,0,0,0,0,1,0,0.6,0,1,2,0.0,0,,19342,19926,39,True,0,0,0,0,0,1
Marcelino Núñez,MID,Ipswich Town,,0,0,26,0,7.3,309,0.03,0.06,0.03,0.63,5,0,0,2.4,13.0,2026-08-22T14:00:00Z,79,,20,0,0,0,0,1,0,0.1,1,1,2,4.0,4,,3119,7710,49,True,0,4,12,6,2,1
Azor Matusiwa,MID,Ipswich Town,,0,0,0,0,0.0,310,0.00,0.00,0.00,0.00,5,0,0,0.0,0.0,2026-08-22T14:00:00Z,0,,20,0,0,0,0,1,0,0.0,0,1,2,0.0,0,,127,280,49,True,0,0,0,0,0,1
Wes Burns,MID,Ipswich Town,,0,0,0,0,0.0,311,0.00,0.00,0.00,0.00,5,0,0,0.0,0.0,2026-08-22T14:00:00Z,0,,20,0,0,0,0,1,0,0.0,0,1,2,0.0,0,,0,348,50,True,0,0,0,0,0,1
Jack Taylor,MID,Ipswich Town,,0,0,0,0,0.0,312,0.00,0.00,0.00,0.00,5,0,0,0.0,0.0,2026-08-22T14:00:00Z,0,,20,0,0,0,0,1,0,0.0,0,1,2,0.0,0,,971,2671,44,True,0,0,0,0,0,1
Jack Clarke,MID,Ipswich Town,,0,1,27,0,0.6,313,0.00,0.10,0.10,0.03,5,0,1,5.2,33.6,2026-08-22T14:00:00Z,19,,20,0,0,0,0,1,0,0.2,0,1,2,18.0,7,,5519,15783,54,True,0,0,0,1,1,1
Chiedozie Ogbene,MID,Ipswich Town,,0,0,0,0,0.0,314,0.00,0.00,0.00,0.00,5,0,0,0.0,0.0,2026-08-22T14:00:00Z,0,,20,0,0,0,0,1,0,0.0,0,1,2,0.0,0,,104,1209,49,True,0,0,0,0,0,1
Abdul Fatawu,MID,Ipswich Town,,0,0,22,0,28.4,315,0.41,0.41,0.00,0.63,5,0,0,5.5,18.6,2026-08-22T14:00:00Z,65,,20,0,0,0,0,1,0,0.2,1,1,2,8.0,2,,5366,13515,54,True,0,1,0,2,4,1
Emersonn Correia da Silva,FWD,Ipswich Town,,0,3,41,0,26.3,316,0.06,0.88,0.82,0.63,5,0,1,11.2,45.6,2026-08-22T14:00:00Z,65,,20,0,0,0,0,1,0,3.6,1,1,2,40.0,9,,322152,143680,55,True,0,1,0,1,1,1
George Hirst,FWD,Ipswich Town,,0,0,0,0,0.0,317,0.00,0.00,0.00,0.00,5,0,0,0.0,0.0,2026-08-22T14:00:00Z,0,,20,0,0,0,0,1,0,0.1,0,1,2,0.0,0,,0,17140,50,True,0,0,0,0,0,1
Jaden Philogene,MID,Ipswich Town,,0,0,0,0,0.0,318,0.00,0.00,0.00,0.00,5,0,0,0.0,0.0,2026-08-22T14:00:00Z,0,,20,0,0,0,0,1,0,0.1,0,1,2,0.0,0,,304,9296,54,True,0,0,0,0,0,1
Sam Szmodics,MID,Ipswich Town,,0,0,0,0,0.0,319,0.00,0.00,0.00,0.00,5,0,0,0.0,0.0,2026-08-22T14:00:00Z,0,,20,0,0,0,0,1,0,0.0,0,1,2,0.0,0,,0,761,50,True,0,0,0,0,0,1
Chuba Akpom,FWD,Ipswich Town,,0,0,3,0,0.0,320,0.00,0.00,0.00,0.03,5,0,0,0.3,1.4,2026-08-22T14:00:00Z,24,,20,0,0,0,0,1,0,1.2,0,1,2,2.0,1,,131191,74494,50,True,0,0,0,2,1,1
Sindre Walle Egeli,FWD,Ipswich Town,,0,0,3,0,0.1,321,0.00,0.00,0.00,0.03,5,0,0,0.0,0.0,2026-08-22T14:00:00Z,10,,20,0,0,0,0,1,0,3.5,0,1,2,0.0,1,,332154,212795,45,True,0,0,0,0,0,1
Ali Al-Hamadi,FWD,Ipswich Town,,0,0,0,0,0.0,322,0.00,0.00,0.00,0.00,5,0,0,0.0,0.0,2026-08-22T14:00:00Z,0,,20,0,0,0,0,1,0,0.0,0,1,2,0.0,0,,755,9939,50,True,0,0,0,0,0,1
Kasey McAteer,MID,Ipswich Town,,0,0,4,0,1.3,323,0.00,0.00,0.00,0.03,5,0,0,0.3,1.2,2026-08-22T14:00:00Z,24,,20,0,0,0,0,1,0,1.0,0,1,2,0.0,1,,28415,62646,44,True,0,0,0,2,1,1
Anis Mehmeti,MID,Ipswich Town,,0,0,0,0,0.0,324,0.00,0.00,0.00,0.00,5,0,0,0.0,0.0,2026-08-22T14:00:00Z,0,,20,0,0,0,0,1,0,0.0,0,1,2,0.0,0,,406,2488,48,True,0,0,0,0,0,1
Karl Darlow,GKP,Man Utd,,0,0,0,0,0.0,325,0.00,0.00,0.00,0.00,4,0,0,0.0,0.0,2026-08-22T11:30:00Z,0,,11,0,0,0,0,1,0,0.0,0,0,2,0.0,0,,1071,1612,45,False,0,0,0,0,0,1
Lucas Estella Perri,GKP,Leeds,,0,0,0,0,0.0,326,0.00,0.00,0.00,0.00,6,0,0,0.0,0.0,2026-08-22T14:00:00Z,0,,18,0,0,0,0,1,0,0.3,0,1,0,0.0,0,,532,26572,45,False,0,0,0,0,0,1
Jaka Bijol,DEF,Leeds,,0,2,28,1,0.4,327,0.00,0.11,0.11,0.66,6,0,0,3.9,23.6,2026-08-22T14:00:00Z,90,,18,0,0,0,0,1,0,0.7,1,1,0,15.0,10,,69148,59396,50,False,0,11,12,5,1,1
Pascal Struijk,DEF,Brighton,,0,0,0,0,0.0,328,0.00,0.00,0.00,0.00,7,0,0,0.0,0.0,2026-08-23T13:00:00Z,0,,2,0,0,0,0,1,0,0.2,0,0,4,0.0,0,,5676,12220,49,True,0,0,0,0,0,1
Joe Rodon,DEF,Leeds,,0,0,21,1,14.4,329,0.06,0.09,0.03,0.66,6,0,0,3.4,14.4,2026-08-22T14:00:00Z,90,,18,0,0,0,0,1,0,0.8,1,1,0,5.0,6,,26944,297265,43,False,0,6,0,1,1,1
Jayden Bogle,DEF,Leeds,,0,0,24,1,1.1,330,0.00,0.00,0.00,0.66,6,0,0,0.8,7.0,2026-08-22T14:00:00Z,90,,18,0,0,0,0,1,0,7.3,1,1,0,0.0,6,,660799,87348,46,False,0,2,0,3,1,1
Gabriel Gudmundsson,DEF,Leeds,,0,0,0,0,0.0,331,0.00,0.00,0.00,0.00,6,0,0,0.0,0.0,2026-08-22T14:00:00Z,0,,18,0,0,0,0,1,0,0.1,0,1,0,0.0,0,,4205,2793,45,False,0,0,0,0,0,1
James Justin,DEF,Leeds,,0,2,28,1,2.3,332,0.01,0.01,0.00,0.66,6,0,0,2.9,24.6,2026-08-22T14:00:00Z,90,,18,0,0,0,0,1,0,1.4,1,1,0,2.0,10,,121949,71218,45,False,0,6,12,4,6,1
Sebastiaan Bornauw,DEF,Leeds,,0,0,0,0,0.0,333,0.00,0.00,0.00,0.00,6,0,0,0.0,0.0,2026-08-22T14:00:00Z,0,,18,0,0,0,0,1,0,0.0,0,1,0,0.0,0,,0,300,45,False,0,0,0,0,0,1
Tarik Muharemović,DEF,Leeds,,0,0,25,1,0.6,334,0.00,0.09,0.09,0.66,6,0,0,3.3,15.6,2026-08-22T14:00:00Z,90,,18,0,0,0,0,1,0,4.3,1,1,0,17.0,6,,302086,175017,50,False,0,7,0,1,0,1
Anton Stach,MID,Leeds,,0,3,37,1,2.3,335,0.05,0.15,0.10,0.66,6,0,1,6.6,47.8,2026-08-22T14:00:00Z,90,,18,0,0,0,0,1,0,2.5,1,1,0,16.0,13,,202536,165328,60,False,0,8,16,5,3,1
Noah Okafor,MID,Leeds,,0,0,10,0,14.0,336,0.16,0.16,0.00,0.13,6,0,0,2.8,10.0,2026-08-22T14:00:00Z,24,,18,0,0,0,0,1,0,0.4,0,1,0,4.0,1,,27034,35391,58,False,0,1,0,2,2,1
Brenden Aaronson,MID,Leeds,,0,0,16,1,1.1,337,0.01,0.02,0.01,0.58,6,0,0,1.6,8.0,2026-08-22T14:00:00Z,81,,18,0,0,0,0,1,0,0.5,1,1,0,7.0,3,,6787,48283,53,False,0,0,0,6,1,1
Ethan Ampadu,MID,Leeds,,0,0,18,1,23.3,338,0.04,0.04,0.00,0.66,6,0,0,4.2,18.6,2026-08-22T14:00:00Z,90,,18,0,0,0,0,1,0,0.9,1,1,0,0.0,5,,18185,60932,54,False,0,6,13,5,2,1
Sean Longstaff,MID,Leeds,,0,0,3,0,0.2,339,0.00,0.00,0.00,0.07,6,0,0,0.0,0.0,2026-08-22T14:00:00Z,8,,18,0,0,0,0,1,0,0.1,0,1,0,0.0,1,,2526,8148,48,False,0,0,0,0,0,1
Joe Gelhardt,MID,Hull City,,0,0,0,0,0.0,340,0.00,0.00,0.00,0.00,4,0,0,0.0,0.0,2026-08-22T11:30:00Z,0,,16,0,0,0,0,1,0,0.0,0,0,2,0.0,0,,710,1022,50,True,0,0,0,0,0,1
Wilfried Gnonto,MID,Leeds,,0,0,0,0,0.0,341,0.00,0.00,0.00,0.00,6,0,0,0.0,0.0,2026-08-22T14:00:00Z,0,,18,0,0,0,0,1,0,0.0,0,1,0,0.0,0,,244,1815,50,False,0,0,0,0,0,1
Jack Harrison,MID,Leeds,,0,0,0,0,0.0,342,0.00,0.00,0.00,0.00,6,0,0,0.0,0.0,2026-08-22T14:00:00Z,0,,18,0,0,0,0,1,0,0.0,0,1,0,0.0,0,,0,79,50,False,0,0,0,0,0,1
Daniel James,MID,Leeds,,0,0,0,0,0.0,343,0.00,0.00,0.00,0.00,6,0,0,0.0,0.0,2026-08-22T14:00:00Z,0,,18,0,0,0,0,1,0,0.1,0,1,0,0.0,0,,4173,8036,49,False,0,0,0,0,0,1
Ilia Gruev,MID,Leeds,,0,0,0,0,0.0,344,0.00,0.00,0.00,0.00,6,0,0,0.0,0.0,2026-08-22T14:00:00Z,0,,18,0,0,0,0,1,0,0.0,0,1,0,0.0,0,,130,317,50,False,0,0,0,0,0,1
Tanaka Ao,MID,Leeds,,0,0,0,0,0.0,345,0.00,0.00,0.00,0.00,6,0,0,0.0,0.0,2026-08-22T14:00:00Z,0,,18,0,0,0,0,1,0,0.3,0,1,0,0.0,0,,22905,17643,49,False,0,0,0,0,0,1
Dominic Calvert-Lewin,FWD,Leeds,,0,0,-2,0,0.8,346,0.00,0.13,0.13,0.66,6,0,0,0.7,0.0,2026-08-22T14:00:00Z,90,,18,0,0,0,0,1,0,24.8,1,1,0,11.0,1,,1017095,1331454,60,False,1,0,0,2,0,1
Lukas Nmecha,FWD,Leeds,,0,0,0,0,0.0,347,0.00,0.00,0.00,0.00,6,0,0,0.0,0.0,2026-08-22T14:00:00Z,0,,18,0,0,0,0,1,0,0.5,0,1,0,0.0,0,,22332,37313,54,False,0,0,0,0,0,1
Joël Piroe,FWD,Leeds,,0,0,0,0,0.0,348,0.00,0.00,0.00,0.00,6,0,0,0.0,0.0,2026-08-22T14:00:00Z,0,,18,0,0,0,0,1,0,0.1,0,1,0,0.0,0,,0,11248,50,False,0,0,0,0,0,1
Mateo Joseph Fernández-Regatillo,FWD,Leeds,,0,0,0,0,0.0,349,0.00,0.00,0.00,0.00,6,0,0,0.0,0.0,2026-08-22T14:00:00Z,0,,18,0,0,0,0,1,0,0.1,0,1,0,0.0,0,,3128,4488,45,False,0,0,0,0,0,1
Alisson Becker,GKP,Liverpool,,0,0,7,0,0.0,350,0.00,0.00,0.00,1.58,9,2,0,1.8,17.8,2026-08-23T15:30:00Z,90,,17,0,0,0,0,1,3,4.2,1,2,2,0.0,2,,148132,146183,55,False,0,2,0,6,0,1
Giorgi Mamardashvili,GKP,Liverpool,,0,0,0,0,0.0,351,0.00,0.00,0.00,0.00,9,0,0,0.0,0.0,2026-08-23T15:30:00Z,0,,17,0,0,0,0,1,0,0.1,0,2,2,0.0,0,,2883,8673,48,False,0,0,0,0,0,1
Freddie Woodman,GKP,Liverpool,,0,0,0,0,0.0,352,0.00,0.00,0.00,0.00,9,0,0,0.0,0.0,2026-08-23T15:30:00Z,0,,17,0,0,0,0,1,0,1.0,0,2,2,0.0,0,,18327,27336,40,False,0,0,0,0,0,1
Armin Pecsi,GKP,Liverpool,,0,0,0,0,0.0,353,0.00,0.00,0.00,0.00,9,0,0,0.0,0.0,2026-08-23T15:30:00Z,0,,17,0,0,0,0,1,0,0.0,0,2,2,0.0,0,,0,1096,40,False,0,0,0,0,0,1
Vitezslav Jaros,GKP,Liverpool,,0,0,0,0,0.0,354,0.00,0.00,0.00,0.00,9,0,0,0.0,0.0,2026-08-23T15:30:00Z,0,,17,0,0,0,0,1,0,0.0,0,2,2,0.0,0,,1763,1251,40,False,0,0,0,0,0,1
Harvey Davies,GKP,Liverpool,,0,0,0,0,0.0,355,0.00,0.00,0.00,0.00,9,0,0,0.0,0.0,2026-08-23T15:30:00Z,0,,17,0,0,0,0,1,0,0.2,0,2,2,0.0,0,,4761,4268,40,False,0,0,0,0,0,1
Virgil van Dijk,DEF,Liverpool,,0,0,8,0,1.6,356,0.01,0.26,0.25,1.58,9,2,0,5.1,25.6,2026-08-23T15:30:00Z,90,,17,0,0,0,0,1,0,16.2,1,2,2,24.0,2,,280924,619114,65,False,1,9,11,6,2,1
Jeremie Frimpong,DEF,Liverpool,,0,0,3,0,37.8,357,0.09,0.10,0.01,1.58,9,2,0,6.1,13.6,2026-08-23T15:30:00Z,90,,17,0,0,0,0,1,0,1.8,1,2,2,10.0,0,,59069,246675,53,False,1,1,0,3,1,1
Milos Kerkez,DEF,Liverpool,,0,0,3,0,13.8,358,0.02,0.04,0.02,1.58,9,2,0,4.4,18.0,2026-08-23T15:30:00Z,90,,17,0,0,0,0,1,0,2.2,1,2,2,12.0,0,,47791,188535,53,False,1,4,0,3,3,1
Joe Gomez,DEF,Liverpool,,0,0,0,0,0.0,359,0.00,0.00,0.00,0.00,9,0,0,0.0,0.0,2026-08-23T15:30:00Z,0,,17,0,0,0,0,1,0,0.0,0,2,2,0.0,0,,769,1185,49,False,0,0,0,0,0,1
Conor Bradley,DEF,Liverpool,,0,0,0,0,0.0,360,0.00,0.00,0.00,0.00,9,0,0,0.0,0.0,2026-08-23T15:30:00Z,0,,17,0,0,0,0,1,0,0.0,0,2,2,0.0,0,,380,802,50,False,0,0,0,0,0,1
Wellity Lucky,DEF,Liverpool,,0,0,0,0,0.0,361,0.00,0.00,0.00,0.00,9,0,0,0.0,0.0,2026-08-23T15:30:00Z,0,,17,0,0,0,0,1,0,0.1,0,2,2,0.0,0,,3884,5838,40,False,0,0,0,0,0,1
Jeremy Jacquet,DEF,Liverpool,,0,0,9,0,11.9,362,0.02,0.02,0.00,1.04,9,2,0,2.4,12.4,2026-08-23T15:30:00Z,69,,17,0,0,0,0,1,0,3.5,1,2,2,0.0,1,,234812,124489,50,False,0,2,0,3,1,1
Giovanni Leoni,DEF,Liverpool,,0,0,0,0,0.0,363,0.00,0.00,0.00,0.00,9,0,0,0.0,0.0,2026-08-23T15:30:00Z,0,,17,0,0,0,0,1,0,0.0,0,2,2,0.0,0,,870,2122,40,False,0,0,0,0,0,1
Kostas Tsimikas,DEF,Liverpool,,0,0,0,0,0.0,364,0.00,0.00,0.00,0.00,9,0,0,0.0,0.0,2026-08-23T15:30:00Z,0,,17,0,0,0,0,1,0,0.1,0,2,2,0.0,0,,1591,4438,49,False,0,0,0,0,0,1
Calvin Ramsay,DEF,Liverpool,,0,0,0,0,0.0,365,0.00,0.00,0.00,0.00,9,0,0,0.0,0.0,2026-08-23T15:30:00Z,0,,17,0,0,0,0,1,0,0.1,0,2,2,0.0,0,,638,12739,40,False,0,0,0,0,0,1
Florian Wirtz,MID,Liverpool,,0,0,16,0,17.9,366,0.04,0.30,0.26,0.51,9,0,0,5.7,9.8,2026-08-23T15:30:00Z,62,,17,0,0,0,0,1,0,5.7,1,2,2,29.0,2,,134868,767589,73,False,0,0,0,4,1,1
Cody Gakpo,MID,Liverpool,,0,3,33,0,34.0,367,0.15,0.45,0.30,1.58,9,0,1,11.5,44.0,2026-08-23T15:30:00Z,90,,17,0,0,0,0,1,0,12.2,1,2,2,37.0,12,,1338430,732264,72,False,0,4,12,5,3,1
Dominik Szoboszlai,MID,Liverpool,,0,1,29,0,47.1,368,0.27,1.12,0.85,1.58,9,0,1,11.9,50.4,2026-08-23T15:30:00Z,90,,17,0,0,0,0,1,0,32.6,1,2,2,21.0,8,,931403,1696952,69,False,0,2,0,4,1,1
Rio Ngumoha,MID,Liverpool,,0,0,9,0,6.0,369,0.02,0.06,0.04,0.51,9,0,0,1.3,2.4,2026-08-23T15:30:00Z,62,,17,0,0,0,0,1,0,0.5,1,2,2,5.0,2,,14635,89476,57,False,0,0,0,2,1,1
Federico Chiesa,MID,Liverpool,,0,0,0,0,0.0,370,0.00,0.00,0.00,0.00,9,0,0,0.0,0.0,2026-08-23T15:30:00Z,0,,17,0,0,0,0,1,0,0.0,0,2,2,0.0,0,,682,10096,53,False,0,0,0,0,0,1
Ryan Gravenberch,MID,Liverpool,,1,0,26,0,16.0,371,0.05,0.11,0.06,1.10,9,0,0,4.4,24.4,2026-08-23T15:30:00Z,77,,17,0,0,0,0,1,0,1.1,1,2,2,4.0,5,,35843,130845,58,False,0,2,0,8,1,1
Alexis Mac Allister,MID,Liverpool,,0,0,9,0,1.4,372,0.01,0.01,0.00,1.07,9,0,0,0.7,5.8,2026-08-23T15:30:00Z,27,,17,0,0,0,0,1,0,1.3,0,2,2,0.0,1,,45677,96940,54,False,0,0,0,1,2,1
Curtis Jones,MID,Liverpool,,0,0,0,0,0.0,373,0.00,0.00,0.00,0.00,9,0,0,0.0,0.0,2026-08-23T15:30:00Z,0,,17,0,0,0,0,1,0,0.0,0,2,2,0.0,0,,34,2653,55,False,0,0,0,0,0,1
Endo Wataru,MID,Liverpool,,0,0,0,0,0.0,374,0.00,0.00,0.00,0.00,9,0,0,0.0,0.0,2026-08-23T15:30:00Z,0,,17,0,0,0,0,1,0,0.1,0,2,2,0.0,0,,2335,4833,49,False,0,0,0,0,0,1
Trey Nyoni,MID,Liverpool,,0,0,0,0,0.0,375,0.00,0.00,0.00,0.00,9,0,0,0.0,0.0,2026-08-23T15:30:00Z,0,,17,0,0,0,0,1,0,0.0,0,2,2,0.0,0,,1354,3066,49,False,0,0,0,0,0,1
Stefan Bajčetić Maquieira,MID,Liverpool,,0,0,0,0,0.0,376,0.00,0.00,0.00,0.00,9,0,0,0.0,0.0,2026-08-23T15:30:00Z,0,,17,0,0,0,0,1,0,0.0,0,2,2,0.0,0,,19,107,50,False,0,0,0,0,0,1
Victor Munoz,MID,Liverpool,,1,0,15,0,8.9,377,0.04,0.14,0.10,1.07,9,0,0,2.7,4.0,2026-08-23T15:30:00Z,27,,17,0,0,0,0,1,0,0.9,0,2,2,14.0,4,,117590,102346,65,False,0,0,0,0,0,1
James McConnell,MID,Liverpool,,0,0,0,0,0.0,378,0.00,0.00,0.00,0.00,9,0,0,0.0,0.0,2026-08-23T15:30:00Z,0,,17,0,0,0,0,1,0,0.2,0,2,2,0.0,0,,6968,13038,44,False,0,0,0,0,0,1
Alexander Isak,FWD,Liverpool,,0,0,6,0,14.6,379,0.01,1.10,1.09,1.58,9,0,0,9.2,11.4,2026-08-23T15:30:00Z,90,,17,0,0,0,0,1,0,22.2,1,2,2,66.0,2,,1246105,759317,91,False,0,1,0,0,0,1
Hugo Ekitiké,FWD,Liverpool,,0,0,0,0,0.0,380,0.00,0.00,0.00,0.00,9,0,0,0.0,0.0,2026-08-23T15:30:00Z,0,,17,0,0,0,0,1,0,0.1,0,2,2,0.0,0,,2687,11347,74,False,0,0,0,0,0,1
Lewis Koumas,MID,Liverpool,,0,0,4,0,0.5,381,0.00,0.03,0.03,0.48,9,0,0,0.9,1.2,2026-08-23T15:30:00Z,12,,17,0,0,0,0,1,0,0.0,0,2,2,7.0,1,,855,1401,50,False,0,0,0,1,0,1
Jayden Danns,FWD,Liverpool,,0,0,0,0,0.0,382,0.00,0.00,0.00,0.00,9,0,0,0.0,0.0,2026-08-23T15:30:00Z,0,,17,0,0,0,0,1,0,0.2,0,2,2,0.0,0,,23508,9816,45,False,0,0,0,0,0,1
Harvey Elliott,MID,Liverpool,,0,0,0,0,0.0,383,0.00,0.00,0.00,0.00,9,0,0,0.0,0.0,2026-08-23T15:30:00Z,0,,17,0,0,0,0,1,0,0.0,0,2,2,0.0,0,,907,6160,54,False,0,0,0,0,0,1
Gianluigi Donnarumma,GKP,Man City,,0,0,12,0,0.0,384,0.00,0.00,0.00,0.65,8,0,0,2.7,26.8,2026-08-23T13:00:00Z,90,,3,0,0,0,0,1,3,7.6,1,1,2,0.0,3,,207526,318176,55,True,0,1,0,4,0,1
James Trafford,GKP,Leeds,,0,2,28,1,0.0,385,0.00,0.00,0.00,0.66,6,0,0,1.9,19.4,2026-08-22T14:00:00Z,90,,18,0,0,0,0,1,3,5.5,1,1,0,0.0,9,,266631,160544,50,False,0,0,0,9,0,1
Marcus Bettinelli,GKP,Man City,,0,0,0,0,0.0,386,0.00,0.00,0.00,0.00,8,0,0,0.0,0.0,2026-08-23T13:00:00Z,0,,3,0,0,0,0,1,0,0.0,0,1,2,0.0,0,,576,1127,45,True,0,0,0,0,0,1
Nico O'Reilly,DEF,Man City,,0,0,5,0,30.4,387,0.41,0.48,0.07,0.55,8,0,0,5.0,8.8,2026-08-23T13:00:00Z,62,,3,0,0,0,0,1,0,10.8,1,1,2,11.0,2,,192743,1214707,63,True,0,1,0,5,1,1
Marc Guéhi,DEF,Man City,,0,2,31,0,17.5,388,0.32,1.21,0.89,0.65,8,0,1,8.9,43.6,2026-08-23T13:00:00Z,90,,3,0,0,0,0,1,0,18.2,1,1,2,28.0,10,,507008,466945,60,True,0,1,0,4,3,1
Matheus Nunes,DEF,Man City,,0,0,4,0,1.5,389,0.04,0.04,0.00,0.10,8,0,0,0.9,3.8,2026-08-23T13:00:00Z,33,,3,0,0,0,0,1,0,1.0,0,1,2,4.0,1,,14925,74265,59,True,0,1,0,2,0,1
Rúben dos Santos Gato Alves Dias,DEF,Man City,,0,0,11,0,17.9,390,0.14,0.14,0.00,0.65,8,0,0,4.4,24.4,2026-08-23T13:00:00Z,90,,3,0,0,0,0,1,0,1.9,1,1,2,2.0,2,,67559,74341,55,True,0,6,0,8,0,1
Joško Gvardiol,DEF,Man City,,0,1,28,0,13.3,391,0.05,0.24,0.19,0.65,8,0,1,7.8,47.6,2026-08-23T13:00:00Z,90,,3,0,0,0,0,1,0,26.9,1,1,2,17.0,9,,1838108,420167,57,True,0,5,0,5,2,1
Rayan Aït-Nouri,DEF,Man City,,0,0,0,0,0.0,392,0.00,0.00,0.00,0.00,8,0,0,0.0,0.0,2026-08-23T13:00:00Z,0,,3,0,0,0,0,1,0,0.4,0,1,2,0.0,0,,7908,61705,52,True,0,0,0,0,0,1
Abdukodir Khusanov,DEF,Man City,,0,0,14,0,3.4,393,0.02,0.02,0.00,0.65,8,0,0,2.0,17.0,2026-08-23T13:00:00Z,90,,3,0,0,0,0,1,0,1.4,1,1,2,0.0,2,,26948,81022,54,True,0,2,0,6,2,1
Max Alleyne,DEF,Man City,,0,0,0,0,0.0,394,0.00,0.00,0.00,0.00,8,0,0,0.0,0.0,2026-08-23T13:00:00Z,0,,3,0,0,0,0,1,0,0.0,0,1,2,0.0,0,,0,618,50,True,0,0,0,0,0,1
Rico Lewis,DEF,Man City,,0,0,-1,0,3.8,395,0.02,0.19,0.17,0.55,8,0,0,4.7,3.8,2026-08-23T13:00:00Z,56,,3,0,0,0,0,1,0,0.2,1,1,2,39.0,1,,8287,16324,44,True,0,2,0,0,0,1
Vitor de Oliveira Nunes dos Reis,DEF,Man City,,0,0,0,0,0.0,396,0.00,0.00,0.00,0.00,8,0,0,0.0,0.0,2026-08-23T13:00:00Z,0,,3,0,0,0,0,1,0,0.0,0,1,2,0.0,0,,557,1184,45,True,0,0,0,0,0,1
Antoine Semenyo,MID,Man City,,0,0,16,0,8.9,397,0.02,0.08,0.06,0.65,8,0,0,4.6,5.8,2026-08-23T13:00:00Z,90,,3,0,0,0,0,1,0,15.2,1,1,2,31.0,2,,318882,1222382,84,True,0,0,0,4,1,1
Phil Foden,MID,Man City,,0,0,15,0,49.6,398,0.40,0.52,0.12,0.65,8,0,0,7.5,10.4,2026-08-23T13:00:00Z,81,,3,0,0,0,0,1,0,1.8,1,1,2,15.0,1,,303475,567701,69,True,1,0,0,3,3,1
Rayan Cherki,MID,Man City,,2,1,28,0,48.8,399,0.50,0.50,0.00,0.10,8,0,0,9.2,39.2,2026-08-23T13:00:00Z,27,,3,0,0,0,0,1,0,28.4,0,1,2,4.0,8,,2680091,963636,78,True,0,0,0,0,0,1
Jérémy Doku,MID,Man City,,0,0,0,0,0.0,400,0.00,0.00,0.00,0.00,8,0,0,0.0,0.0,2026-08-23T13:00:00Z,0,,3,0,0,0,0,1,0,0.7,0,1,2,0.0,0,,6358,128329,74,True,0,0,0,0,0,1
Omar Marmoush,FWD,Spurs,,0,0,0,0,0.0,401,0.00,0.00,0.00,0.00,8,0,0,0.0,0.0,2026-08-23T13:00:00Z,0,,15,0,0,0,0,1,0,2.1,0,1,2,0.0,0,,235577,164120,70,False,0,0,0,0,0,1
Rodrigo 'Rodri' Hernandez Cascante,MID,Man City,,0,0,0,0,0.0,402,0.00,0.00,0.00,0.00,8,0,0,0.0,0.0,2026-08-23T13:00:00Z,0,,3,0,0,0,0,1,0,0.0,0,1,2,0.0,0,,0,1231,65,True,0,0,0,0,0,1
Sávio Moreira de Oliveira,MID,Spurs,,0,0,0,0,0.0,403,0.00,0.00,0.00,0.00,8,0,0,0.0,0.0,2026-08-23T13:00:00Z,0,,15,0,0,0,0,1,0,0.6,0,1,2,0.0,0,,100101,80156,65,False,0,0,0,0,0,1
Tijjani Reijnders,MID,Man City,,0,0,0,0,0.0,404,0.00,0.00,0.00,0.00,8,0,0,0.0,0.0,2026-08-23T13:00:00Z,0,,3,0,0,0,0,1,0,0.0,0,1,2,0.0,0,,0,8191,60,True,0,0,0,0,0,1
Nico González Iglesias,MID,Newcastle,,0,0,0,0,0.0,405,0.00,0.00,0.00,0.00,8,0,0,0.0,0.0,2026-08-23T13:00:00Z,0,,15,0,0,0,0,1,0,0.2,0,1,2,0.0,0,,18134,17056,55,False,0,0,0,0,0,1
Mateo Kovačić,MID,Man City,,0,0,3,0,2.1,406,0.01,0.01,0.00,0.10,8,0,0,0.4,2.2,2026-08-23T13:00:00Z,27,,3,0,0,0,0,1,0,0.1,0,1,2,0.0,1,,2264,6319,53,True,0,0,0,2,0,1
Claudio Echeverri,MID,Man City,,0,0,0,0,0.0,407,0.00,0.00,0.00,0.00,8,0,0,0.0,0.0,2026-08-23T13:00:00Z,0,,3,0,0,0,0,1,0,0.0,0,1,2,0.0,0,,250,1346,49,True,0,0,0,0,0,1
Kalvin Phillips,MID,Man City,,0,0,0,0,0.0,408,0.00,0.00,0.00,0.00,8,0,0,0.0,0.0,2026-08-23T13:00:00Z,0,,3,0,0,0,0,1,0,0.0,0,1,2,0.0,0,,0,572,50,True,0,0,0,0,0,1
Divine Mukasa,MID,Man City,,0,0,0,0,0.0,409,0.00,0.00,0.00,0.00,8,0,0,0.0,0.0,2026-08-23T13:00:00Z,0,,3,0,0,0,0,1,0,0.1,0,1,2,0.0,0,,1621,12208,45,True,0,0,0,0,0,1
Jeremy Monga,MID,Man City,,0,0,0,0,0.0,410,0.00,0.00,0.00,0.00,8,0,0,0.0,0.0,2026-08-23T13:00:00Z,0,,3,0,0,0,0,1,0,0.0,0,1,2,0.0,0,,219,1274,49,True,0,0,0,0,0,1
Erling Haaland,FWD,Man City,,0,0,6,0,5.2,411,0.02,0.76,0.74,0.65,8,0,0,5.9,3.8,2026-08-23T13:00:00Z,90,,3,0,0,0,0,1,0,73.9,1,1,2,50.0,2,,929667,324902,156,True,0,0,0,3,0,1
Senne Lammens,GKP,Man Utd,,0,0,7,0,0.0,412,0.00,0.00,0.00,1.01,4,2,0,2.0,20.2,2026-08-22T11:30:00Z,90,,11,0,0,0,0,1,0,9.9,1,0,2,0.0,1,,99522,689793,49,False,0,2,0,8,0,1
Altay Bayındır,GKP,Man Utd,,0,0,0,0,0.0,413,0.00,0.00,0.00,0.00,4,0,0,0.0,0.0,2026-08-22T11:30:00Z,0,,11,0,0,0,0,1,0,0.0,0,0,2,0.0,0,,0,1153,45,False,0,0,0,0,0,1
Tom Heaton,GKP,Man Utd,,0,0,0,0,0.0,414,0.00,0.00,0.00,0.00,4,0,0,0.0,0.0,2026-08-22T11:30:00Z,0,,11,0,0,0,0,1,0,0.1,0,0,2,0.0,0,,2135,3581,40,False,0,0,0,0,0,1
Patrick Dorgu,MID,Man Utd,,0,0,-11,0,1.2,415,0.03,0.50,0.47,0.92,4,0,0,0.7,0.0,2026-08-22T11:30:00Z,45,,11,0,0,0,0,1,0,0.5,1,0,2,16.0,0,,14005,98117,58,False,1,1,0,0,0,1
Matthijs de Ligt,DEF,Man Utd,,0,0,0,0,0.0,416,0.00,0.00,0.00,0.00,4,0,0,0.0,0.0,2026-08-22T11:30:00Z,0,,11,0,0,0,0,1,0,0.0,0,0,2,0.0,0,,466,1564,49,False,0,0,0,0,0,1
Diogo Dalot Teixeira,DEF,Man Utd,,0,0,6,0,11.3,417,0.00,0.00,0.00,0.00,4,0,0,1.9,7.6,2026-08-22T11:30:00Z,10,,11,0,0,0,0,1,0,1.6,0,0,2,0.0,1,,26194,136435,49,False,0,1,0,1,2,1
Harry Maguire,DEF,Man Utd,,0,0,15,0,28.6,418,0.40,0.44,0.04,1.01,4,2,0,7.3,25.4,2026-08-22T11:30:00Z,90,,11,0,0,0,0,1,0,8.6,1,0,2,19.0,1,,138730,1007571,48,False,0,4,0,5,0,1
Lisandro Martínez,DEF,Man Utd,,0,0,0,0,0.0,419,0.00,0.00,0.00,0.00,4,0,0,0.0,0.0,2026-08-22T11:30:00Z,0,,11,0,0,0,0,1,0,1.3,0,0,2,0.0,0,,36830,67604,49,False,0,0,0,0,0,1
Leny Yoro,DEF,Man Utd,,0,0,0,0,0.0,420,0.00,0.00,0.00,0.00,4,0,0,0.0,0.0,2026-08-22T11:30:00Z,0,,11,0,0,0,0,1,0,0.5,0,0,2,0.0,0,,5274,36127,48,False,0,0,0,0,0,1
Ayden Heaven,DEF,Man Utd,,0,0,5,0,2.6,421,0.04,0.16,0.12,1.01,4,2,0,2.0,6.8,2026-08-22T11:30:00Z,90,,11,0,0,0,0,1,0,0.3,1,0,2,11.0,1,,6032,24140,43,False,0,1,0,4,1,1
Noussair Mazraoui,DEF,Man Utd,,0,0,8,0,29.4,422,0.05,0.27,0.22,1.01,4,2,0,5.6,17.4,2026-08-22T11:30:00Z,79,,11,0,0,0,0,1,0,0.5,1,0,2,9.0,1,,14396,41091,44,False,0,4,0,3,1,1
Luke Shaw,DEF,Man Utd,,0,0,13,0,59.2,423,0.26,0.26,0.00,1.01,4,2,0,9.0,25.2,2026-08-22T11:30:00Z,90,,11,0,0,0,0,1,0,7.6,1,0,2,6.0,1,,101567,1311589,43,False,0,3,0,3,1,1
Harry Amass,DEF,Man Utd,,0,0,0,0,0.0,424,0.00,0.00,0.00,0.00,4,0,0,0.0,0.0,2026-08-22T11:30:00Z,0,,11,0,0,0,0,1,0,0.2,0,0,2,0.0,0,,6344,8859,40,False,0,0,0,0,0,1
Tyler Fredricson,DEF,Man Utd,,0,0,0,0,0.0,425,0.00,0.00,0.00,0.00,4,0,0,0.0,0.0,2026-08-22T11:30:00Z,0,,11,0,0,0,0,1,0,0.0,0,0,2,0.0,0,,0,1321,40,False,0,0,0,0,0,1
Bruno Borges Fernandes,MID,Man Utd,,0,0,18,0,55.4,426,0.26,0.34,0.08,1.01,4,0,0,9.3,20.2,2026-08-22T11:30:00Z,90,,11,0,0,0,0,1,0,38.4,1,0,2,17.0,2,,661081,1858755,119,False,0,1,0,5,0,1
Bryan Mbeumo,MID,Man Utd,,0,0,12,0,28.1,427,0.23,0.73,0.50,1.01,4,0,0,8.7,9.6,2026-08-22T11:30:00Z,90,,11,0,0,0,0,1,0,20.5,1,0,2,49.0,2,,468279,2023689,79,False,0,0,0,4,0,1
Matheus Santos Carneiro da Cunha,MID,Man Utd,,0,0,14,0,28.2,428,0.21,0.45,0.24,1.01,4,0,0,6.9,5.4,2026-08-22T11:30:00Z,79,,11,0,0,0,0,1,0,5.8,1,0,2,35.0,2,,98173,511145,79,False,0,0,0,3,0,1
Marcus Rashford,MID,Man Utd,,0,0,9,0,48.6,429,0.10,0.10,0.00,0.09,4,0,0,6.4,11.6,2026-08-22T11:30:00Z,45,,11,0,0,0,0,1,0,1.4,0,0,2,4.0,1,,85302,129946,70,False,0,0,0,1,0,1
Mason Mount,MID,Man Utd,,0,0,0,0,0.0,430,0.00,0.00,0.00,0.00,4,0,0,0.0,0.0,2026-08-22T11:30:00Z,0,,11,0,0,0,0,1,0,0.0,0,0,2,0.0,0,,924,1983,54,False,0,0,0,0,0,1
Amad Diallo,MID,Man Utd,,0,0,0,0,0.0,431,0.00,0.00,0.00,0.00,4,0,0,0.0,0.0,2026-08-22T11:30:00Z,0,,11,0,0,0,0,1,0,0.3,0,0,2,0.0,0,,2183,123685,57,False,0,0,0,0,0,1
Kobbie Mainoo,MID,Man Utd,,0,0,7,0,2.5,432,0.01,0.08,0.07,0.07,4,0,0,0.7,2.8,2026-08-22T11:30:00Z,23,,11,0,0,0,0,1,0,1.6,0,0,2,2.0,1,,95031,68520,55,False,0,0,0,1,0,1
Manuel Ugarte Ribeiro,MID,Man Utd,,0,0,0,0,0.0,433,0.00,0.00,0.00,0.00,4,0,0,0.0,0.0,2026-08-22T11:30:00Z,0,,11,0,0,0,0,1,0,0.0,0,0,2,0.0,0,,121,266,50,False,0,0,0,0,0,1
Jack Fletcher,MID,Man Utd,,0,0,0,0,0.0,434,0.00,0.00,0.00,0.00,4,0,0,0.0,0.0,2026-08-22T11:30:00Z,0,,11,0,0,0,0,1,0,0.0,0,0,2,0.0,0,,327,707,49,False,0,0,0,0,0,1
Shea Lacey,MID,Man Utd,,0,0,3,0,0.6,435,0.00,0.00,0.00,0.00,4,0,0,0.1,0.2,2026-08-22T11:30:00Z,10,,11,0,0,0,0,1,0,0.1,0,0,2,0.0,1,,1744,3341,49,False,0,0,0,1,0,1
Toby Collyer,MID,Man Utd,,0,0,0,0,0.0,436,0.00,0.00,0.00,0.00,4,0,0,0.0,0.0,2026-08-22T11:30:00Z,0,,11,0,0,0,0,1,0,0.0,0,0,2,0.0,0,,150,1056,50,False,0,0,0,0,0,1
Bendito Mantato,MID,Man Utd,,0,0,0,0,0.0,437,0.00,0.00,0.00,0.00,4,0,0,0.0,0.0,2026-08-22T11:30:00Z,0,,11,0,0,0,0,1,0,0.2,0,0,2,0.0,0,,5159,9710,44,False,0,0,0,0,0,1
Tyler Fletcher,MID,Man Utd,,0,0,0,0,0.0,438,0.00,0.00,0.00,0.00,4,0,0,0.0,0.0,2026-08-22T11:30:00Z,0,,11,0,0,0,0,1,0,0.3,0,0,2,0.0,0,,10705,16994,44,False,0,0,0,0,0,1
Benjamin Sesko,FWD,Man Utd,,0,0,2,0,0.5,439,0.00,0.04,0.04,0.07,4,0,0,0.9,0.0,2026-08-22T11:30:00Z,23,,11,0,0,0,0,1,0,1.6,0,0,2,9.0,1,,104163,135072,70,False,0,0,0,0,0,1
Joshua Zirkzee,FWD,Man Utd,,0,0,0,0,0.0,440,0.00,0.00,0.00,0.00,4,0,0,0.0,0.0,2026-08-22T11:30:00Z,0,,11,0,0,0,0,1,0,0.4,0,0,2,0.0,0,,15985,43847,53,False,0,0,0,0,0,1
Chido Obi,FWD,Man Utd,,0,0,0,0,0.0,441,0.00,0.00,0.00,0.00,4,0,0,0.0,0.0,2026-08-22T11:30:00Z,0,,11,0,0,0,0,1,0,0.9,0,0,2,0.0,0,,45543,74737,45,False,0,0,0,0,0,1
Nick Pope,GKP,Newcastle,,0,0,0,0,0.0,442,0.00,0.00,0.00,0.00,9,0,0,0.0,0.0,2026-08-23T15:30:00Z,0,,14,0,0,0,0,1,0,0.9,0,2,2,0.0,0,,13411,54024,49,True,0,0,0,0,0,1
Mark Gillespie,GKP,Newcastle,,0,0,0,0,0.0,443,0.00,0.00,0.00,0.00,9,0,0,0.0,0.0,2026-08-23T15:30:00Z,0,,14,0,0,0,0,1,0,0.0,0,2,2,0.0,0,,771,1211,45,True,0,0,0,0,0,1
Ewen Jaouen,GKP,Newcastle,,0,0,0,0,0.0,444,0.00,0.00,0.00,0.00,9,0,0,0.0,0.0,2026-08-23T15:30:00Z,0,,14,0,0,0,0,1,0,0.0,0,2,2,0.0,0,,453,1530,44,True,0,0,0,0,0,1
Malick Thiaw,DEF,Newcastle,,0,0,0,0,0.2,445,0.00,0.00,0.00,2.98,9,2,0,3.8,37.8,2026-08-23T15:30:00Z,90,,14,0,0,0,0,1,0,2.2,1,2,2,0.0,3,,178717,123809,50,True,0,15,15,2,0,1
Fabian Schär,DEF,Newcastle,,0,0,-1,0,0.0,446,0.00,0.00,0.00,0.79,9,0,0,0.0,0.0,2026-08-23T15:30:00Z,1,,14,0,0,0,0,1,0,0.2,0,2,2,0.0,1,,7112,13905,49,True,0,0,0,0,0,1
Sven Botman,DEF,Newcastle,,0,0,4,0,0.3,447,0.01,0.01,0.00,2.98,9,2,0,3.3,32.4,2026-08-23T15:30:00Z,90,,14,0,0,0,0,1,0,0.7,1,2,2,0.0,3,,47890,28578,50,True,0,10,10,2,0,1
Dan Burn,DEF,Newcastle,,0,0,0,0,0.0,448,0.00,0.00,0.00,0.00,9,0,0,0.0,0.0,2026-08-23T15:30:00Z,0,,14,0,0,0,0,1,0,0.7,0,2,2,0.0,0,,7337,161053,48,True,0,0,0,0,0,1
Lewis Hall,DEF,Newcastle,,0,0,8,0,15.2,449,0.35,0.35,0.00,2.98,9,2,0,3.7,22.0,2026-08-23T15:30:00Z,90,,14,0,0,0,0,1,0,17.4,1,2,2,0.0,3,,1674374,350956,53,True,0,6,11,8,5,1
Tino Livramento,DEF,Newcastle,,0,0,0,0,0.0,450,0.00,0.00,0.00,0.00,9,0,0,0.0,0.0,2026-08-23T15:30:00Z,0,,14,0,0,0,0,1,0,0.1,0,2,2,0.0,0,,10253,6032,49,True,0,0,0,0,0,1
Alex Murphy,DEF,Newcastle,,0,0,0,0,0.0,451,0.00,0.00,0.00,0.00,9,0,0,0.0,0.0,2026-08-23T15:30:00Z,0,,14,0,0,0,0,1,0,0.1,0,2,2,0.0,0,,0,6964,40,True,0,0,0,0,0,1
Bruno Guimarães Rodriguez Moura,MID,Arsenal,,0,0,0,0,0.0,452,0.00,0.00,0.00,0.00,1,0,0,0.0,0.0,2026-08-21T19:00:00Z,0,,7,0,0,0,0,1,0,1.8,0,0,3,0.0,0,,31275,245199,67,True,0,0,0,0,0,1
Harvey Barnes,MID,Newcastle,,0,0,12,0,2.4,453,0.02,0.09,0.07,2.98,9,0,0,1.7,5.2,2026-08-23T15:30:00Z,90,,14,0,0,0,0,1,0,5.9,1,2,2,9.0,2,,643905,153716,61,True,0,3,0,4,1,1
Anthony Elanga,MID,Newcastle,,0,2,31,0,3.5,454,0.01,0.23,0.22,1.94,9,0,1,6.9,37.4,2026-08-23T15:30:00Z,75,,14,0,0,0,0,1,0,4.5,1,2,2,28.0,9,,1286184,1092759,61,True,0,1,0,1,0,1
Sandro Tonali,MID,Spurs,,0,0,14,0,6.4,455,0.06,0.10,0.04,3.87,2,0,0,2.1,6.2,2026-08-22T16:30:00Z,90,,4,0,0,0,0,1,0,1.8,1,0,3,8.0,2,,48060,270436,53,False,0,0,0,3,1,1
Jacob Ramsey,MID,Newcastle,,0,0,1,0,1.3,456,0.01,0.07,0.06,1.50,9,0,0,1.3,7.8,2026-08-23T15:30:00Z,34,,14,0,0,0,0,1,0,0.2,0,2,2,4.0,0,,16624,31139,49,True,1,3,0,1,2,1
Jacob Murphy,MID,Newcastle,,0,0,-1,0,0.1,457,0.00,0.00,0.00,1.04,9,0,0,0.1,0.0,2026-08-23T15:30:00Z,14,,14,0,0,0,0,1,0,0.1,0,2,2,2.0,0,,6128,11025,59,True,1,1,0,1,0,1
Joelinton Cássio Apolinário de Lira,MID,Newcastle,,0,0,0,0,0.0,458,0.00,0.00,0.00,0.00,9,0,0,0.0,0.0,2026-08-23T15:30:00Z,0,,14,0,0,0,0,1,0,0.0,0,2,2,0.0,0,,232,2249,54,True,0,0,0,0,0,1
Lewis Miley,MID,Newcastle,,0,0,13,0,21.4,459,0.01,0.06,0.05,1.94,9,0,0,4.0,15.6,2026-08-23T15:30:00Z,75,,14,0,0,0,0,1,0,0.1,1,2,2,3.0,3,,6356,5575,55,True,1,6,13,6,1,1
Joe Willock,MID,Newcastle,,0,0,28,0,13.9,460,0.17,0.26,0.09,1.50,9,0,1,6.1,38.4,2026-08-23T15:30:00Z,34,,14,0,0,0,0,1,0,0.6,0,2,2,9.0,6,,65089,30995,50,True,0,0,0,1,2,1
Bazoumana Touré,MID,Newcastle,,0,0,0,0,0.0,461,0.00,0.00,0.00,0.00,9,0,0,0.0,0.0,2026-08-23T15:30:00Z,0,,14,0,0,0,0,1,0,0.1,0,2,2,0.0,0,,3731,16508,58,True,0,0,0,0,0,1
Sean Steur,MID,Newcastle,,0,0,3,0,1.2,462,0.00,0.00,0.00,1.48,9,0,0,0.2,0.4,2026-08-23T15:30:00Z,55,,14,0,0,0,0,1,0,0.1,1,2,2,0.0,1,,2435,6209,49,True,0,0,0,2,0,1
Nick Woltemade,FWD,Newcastle,,0,0,0,0,0.0,463,0.00,0.00,0.00,0.00,9,0,0,0.0,0.0,2026-08-23T15:30:00Z,0,,14,0,0,0,0,1,0,0.5,0,2,2,0.0,0,,14520,142362,59,True,0,0,0,0,0,1
Yoane Wissa,FWD,Newcastle,,1,0,7,0,16.3,464,0.02,1.02,1.00,2.19,9,0,0,6.4,20.0,2026-08-23T15:30:00Z,90,,14,0,0,0,0,1,0,18.7,1,2,2,28.0,4,,2291030,734245,62,True,1,1,0,3,4,1
William Osula,FWD,Newcastle,,1,0,18,0,13.7,465,0.14,0.20,0.06,1.48,9,0,0,5.0,28.2,2026-08-23T15:30:00Z,55,,14,0,0,0,0,1,0,0.3,1,2,2,8.0,4,,21459,86855,58,True,0,2,0,2,1,1
Sean Neave,FWD,Newcastle,,0,0,0,0,0.0,466,0.00,0.00,0.00,0.00,9,0,0,0.0,0.0,2026-08-23T15:30:00Z,0,,14,0,0,0,0,1,0,0.5,0,2,2,0.0,0,,23805,52711,45,True,0,0,0,0,0,1
Matz Sels,GKP,Nott'm Forest,,0,0,11,0,0.0,467,0.00,0.00,0.00,0.47,6,0,0,1.4,14.2,2026-08-22T14:00:00Z,90,,13,0,0,0,0,1,0,1.6,1,1,0,0.0,2,,68406,62587,50,True,0,0,0,9,0,1
John Victor Maciel Furtado,GKP,Nott'm Forest,,0,0,0,0,0.0,468,0.00,0.00,0.00,0.00,6,0,0,0.0,0.0,2026-08-22T14:00:00Z,0,,13,0,0,0,0,1,0,0.1,0,1,0,0.0,0,,873,2026,45,True,0,0,0,0,0,1
Neco Williams,DEF,Nott'm Forest,,0,0,13,0,5.8,469,0.02,0.02,0.00,0.47,6,0,0,2.7,15.2,2026-08-22T14:00:00Z,90,,13,0,0,0,0,1,0,8.7,1,1,0,6.0,2,,326358,354866,50,True,0,3,0,10,3,1
Felipe Rodrigues da Silva,DEF,Nott'm Forest,,0,0,0,0,0.0,470,0.00,0.00,0.00,0.00,6,0,0,0.0,0.0,2026-08-22T14:00:00Z,0,,13,0,0,0,0,1,0,0.0,0,1,0,0.0,0,,424,3704,50,True,0,0,0,0,0,1
Nikola Milenković,DEF,Nott'm Forest,,0,0,4,0,0.6,471,0.02,0.13,0.11,0.47,6,0,0,2.2,7.6,2026-08-22T14:00:00Z,90,,13,0,0,0,0,1,0,1.0,1,1,0,14.0,2,,18001,108027,54,True,0,7,0,6,0,1
Murillo Costa dos Santos,DEF,Nott'm Forest,,0,0,15,0,25.9,472,0.28,0.28,0.00,0.47,6,0,0,5.8,32.2,2026-08-22T14:00:00Z,90,,13,0,0,0,0,1,0,2.1,1,1,0,0.0,4,,104710,61996,55,True,0,12,14,3,2,1
Ola Aina,DEF,Nott'm Forest,,0,0,24,1,35.6,473,0.17,0.21,0.04,0.34,6,0,0,6.3,16.0,2026-08-22T14:00:00Z,73,,13,0,0,0,0,1,0,2.4,1,1,0,11.0,5,,69235,171141,44,True,1,2,0,4,0,1
Jair Paula da Cunha Filho,DEF,Nott'm Forest,,0,0,5,0,1.3,474,0.00,0.00,0.00,0.47,6,0,0,2.2,20.8,2026-08-22T14:00:00Z,90,,13,0,0,0,0,1,0,0.2,1,1,0,0.0,1,,9789,13197,45,True,1,7,0,0,1,1
Nicolò Savona,DEF,Nott'm Forest,,0,0,0,0,0.0,475,0.00,0.00,0.00,0.00,6,0,0,0.0,0.0,2026-08-22T14:00:00Z,0,,13,0,0,0,0,1,0,0.0,0,1,0,0.0,0,,241,278,45,True,0,0,0,0,0,1
Omar Richards,DEF,Nott'm Forest,,0,0,0,0,0.0,476,0.00,0.00,0.00,0.00,6,0,0,0.0,0.0,2026-08-22T14:00:00Z,0,,13,0,0,0,0,1,0,0.2,0,1,0,0.0,0,,4026,8327,40,True,0,0,0,0,0,1
Zach Abbott,DEF,Nott'm Forest,,0,0,0,0,0.0,477,0.00,0.00,0.00,0.00,6,0,0,0.0,0.0,2026-08-22T14:00:00Z,0,,13,0,0,0,0,1,0,0.1,0,1,0,0.0,0,,2459,13942,40,True,0,0,0,0,0,1
Luca Netz,DEF,Nott'm Forest,,0,0,-2,0,0.9,478,0.00,0.00,0.00,0.13,6,0,0,0.1,0.0,2026-08-22T14:00:00Z,16,,13,0,0,0,0,1,0,0.0,0,1,0,0.0,1,,691,1593,44,True,0,0,0,1,0,1
Tyler Bindon,DEF,Nott'm Forest,,0,0,0,0,0.0,479,0.00,0.00,0.00,0.00,6,0,0,0.0,0.0,2026-08-22T14:00:00Z,0,,13,0,0,0,0,1,0,0.1,0,1,0,0.0,0,,799,8686,40,True,0,0,0,0,0,1
Morgan Gibbs-White,MID,Nott'm Forest,,0,0,10,0,9.3,480,0.06,0.19,0.13,0.47,6,0,0,2.4,0.0,2026-08-22T14:00:00Z,90,,13,0,0,0,0,1,0,15.7,1,1,0,16.0,2,,1215040,672085,80,True,0,1,0,2,0,1
Elliot Anderson,MID,Man City,,0,0,14,0,20.8,481,0.25,0.25,0.00,0.55,8,0,0,2.8,7.2,2026-08-23T13:00:00Z,62,,3,0,0,0,0,1,0,4.0,1,1,2,0.0,2,,105851,447156,63,True,0,1,0,3,2,1
Callum Hudson-Odoi,MID,Nott'm Forest,,0,0,0,0,0.0,482,0.00,0.00,0.00,0.00,6,0,0,0.0,0.0,2026-08-22T14:00:00Z,0,,13,0,0,0,0,1,0,0.1,0,1,0,0.0,0,,5290,17608,58,True,0,0,0,0,0,1
Dan Ndoye,MID,Nott'm Forest,,0,0,5,1,2.5,483,0.00,0.00,0.00,0.25,6,0,0,0.4,1.4,2026-08-22T14:00:00Z,61,,13,0,0,0,0,1,0,0.7,1,1,0,0.0,3,,72420,49641,55,True,0,1,0,1,1,1
Omari Hutchinson,MID,Nott'm Forest,,0,0,0,0,0.0,484,0.00,0.00,0.00,0.00,6,0,0,0.0,0.0,2026-08-22T14:00:00Z,0,,13,0,0,0,0,1,0,0.1,0,1,0,0.0,0,,427,11021,54,True,0,0,0,0,0,1
Dilane Bakwa,MID,Nott'm Forest,,0,0,0,0,0.0,485,0.00,0.00,0.00,0.00,6,0,0,0.0,0.0,2026-08-22T14:00:00Z,0,,13,0,0,0,0,1,0,0.0,0,1,0,0.0,0,,107,1179,55,True,0,0,0,0,0,1
James McAtee,MID,Nott'm Forest,,0,0,18,1,42.5,486,0.16,0.16,0.00,0.34,6,0,0,5.4,11.6,2026-08-22T14:00:00Z,73,,13,0,0,0,0,1,0,0.1,1,1,0,0.0,3,,10019,5996,55,True,0,2,0,5,1,1
Nicolás Domínguez,MID,Nott'm Forest,,0,0,0,0,0.0,487,0.00,0.00,0.00,0.00,6,0,0,0.0,0.0,2026-08-22T14:00:00Z,0,,13,0,0,0,0,1,0,0.1,0,1,0,0.0,0,,1201,4109,49,True,0,0,0,0,0,1
Ibrahim Sangaré,MID,Nott'm Forest,,0,0,10,0,13.0,488,0.01,0.04,0.03,0.47,6,0,0,3.4,17.8,2026-08-22T14:00:00Z,90,,13,0,0,0,0,1,0,0.4,1,1,0,3.0,2,,9228,68851,48,True,0,3,0,3,0,1
Ryan Yates,MID,Nott'm Forest,,0,0,0,0,0.0,489,0.00,0.00,0.00,0.00,6,0,0,0.0,0.0,2026-08-22T14:00:00Z,0,,13,0,0,0,0,1,0,1.2,0,1,0,0.0,0,,30269,94058,45,True,0,0,0,0,0,1
Chris Wood,FWD,Nott'm Forest,,0,0,3,0,2.4,490,0.01,0.13,0.12,0.22,6,0,0,0.4,0.0,2026-08-22T14:00:00Z,28,,13,0,0,0,0,1,0,0.9,0,1,0,3.0,1,,24769,116656,58,True,0,0,0,1,0,1
Igor Jesus Maciel da Cruz,FWD,Nott'm Forest,,0,0,8,0,6.8,491,0.02,0.24,0.22,0.47,6,0,0,4.3,5.2,2026-08-22T14:00:00Z,90,,13,0,0,0,0,1,0,2.6,1,1,0,31.0,2,,126987,271705,58,True,0,2,0,1,0,1
Taiwo Awoniyi,FWD,Coventry City,,0,0,4,0,1.4,492,0.00,0.00,0.00,0.29,1,0,0,0.1,0.0,2026-08-21T19:00:00Z,20,,1,0,0,0,0,1,0,0.4,0,0,3,0.0,1,,21351,65082,54,False,0,0,0,1,0,1
Arnaud Kalimuendo,FWD,Nott'm Forest,,0,0,3,0,0.0,493,0.00,0.00,0.00,0.00,6,0,0,0.0,0.0,2026-08-22T14:00:00Z,1,,13,0,0,0,0,1,0,0.1,0,1,0,0.0,1,,3054,4139,54,True,0,0,0,0,0,1
Guglielmo Vicario,GKP,Spurs,,0,0,0,0,0.0,494,0.00,0.00,0.00,0.00,2,0,0,0.0,0.0,2026-08-22T16:30:00Z,0,,4,0,0,0,0,1,0,0.1,0,0,3,0.0,0,,0,22135,45,False,0,0,0,0,0,1
Brandon Austin,GKP,Spurs,,0,0,0,0,0.0,495,0.00,0.00,0.00,0.00,2,0,0,0.0,0.0,2026-08-22T16:30:00Z,0,,4,0,0,0,0,1,0,1.0,0,0,3,0.0,0,,29710,21971,40,False,0,0,0,0,0,1
Antonín Kinský,GKP,Spurs,,0,0,15,0,0.0,496,0.00,0.00,0.00,3.87,2,3,0,4.4,43.6,2026-08-22T16:30:00Z,90,,4,0,0,0,0,1,5,17.2,1,0,3,0.0,2,,349307,799317,45,False,0,4,0,12,0,1
Martin Dubravka,GKP,Spurs,,0,0,0,0,0.0,497,0.00,0.00,0.00,0.00,2,0,0,0.0,0.0,2026-08-22T16:30:00Z,0,,4,0,0,0,0,1,0,17.1,0,0,3,0.0,0,,399394,444017,40,False,0,0,0,0,0,1
Marcos Senesi Barón,DEF,Spurs,,0,0,10,0,2.2,498,0.02,0.02,0.00,3.87,2,3,0,3.9,36.6,2026-08-22T16:30:00Z,90,,4,0,0,0,0,1,0,3.5,1,0,3,0.0,3,,29425,459044,58,False,0,11,16,2,5,1
Pedro Porro Sauceda,DEF,Spurs,,0,0,0,0,0.0,499,0.00,0.00,0.00,0.00,2,0,0,0.0,0.0,2026-08-22T16:30:00Z,0,,4,0,0,0,0,1,0,7.5,0,0,3,0.0,0,,124538,996901,54,False,0,0,0,0,0,1
Cristian Romero,DEF,Spurs,,0,0,0,0,0.0,500,0.00,0.00,0.00,0.00,2,0,0,0.0,0.0,2026-08-22T16:30:00Z,0,,4,0,0,0,0,1,0,0.1,0,0,3,0.0,0,,0,16825,50,False,0,0,0,0,0,1
Kevin Danso,DEF,Sunderland,,0,0,0,0,0.0,501,0.00,0.00,0.00,0.00,2,0,0,0.0,0.0,2026-08-22T16:30:00Z,0,,4,0,0,0,0,1,0,0.2,0,0,3,0.0,0,,6653,9922,50,False,0,0,0,0,0,1
Andrew Robertson,DEF,Spurs,,0,0,13,0,19.2,502,0.06,0.06,0.00,3.87,2,3,0,5.3,31.8,2026-08-22T16:30:00Z,90,,4,0,0,0,0,1,0,2.5,1,0,3,2.0,3,,67826,184447,44,False,0,9,11,3,2,1
Micky van de Ven,DEF,Spurs,,0,0,0,0,0.0,503,0.00,0.00,0.00,0.00,2,0,0,0.0,0.0,2026-08-22T16:30:00Z,0,,4,0,0,0,0,1,0,3.8,0,0,3,0.0,0,,94979,268240,50,False,0,0,0,0,0,1
Luka Vušković,DEF,Brighton,,0,0,19,1,4.5,504,0.03,0.16,0.13,0.29,7,0,0,2.9,12.4,2026-08-23T13:00:00Z,90,,2,0,0,0,0,1,0,3.7,1,0,4,12.0,6,,265526,139702,50,True,0,4,0,2,0,1
Djed Spence,DEF,Spurs,,0,0,0,0,0.0,505,0.00,0.00,0.00,0.00,2,0,0,0.0,0.0,2026-08-22T16:30:00Z,0,,4,0,0,0,0,1,0,0.2,0,0,3,0.0,0,,0,69359,45,False,0,0,0,0,0,1
Destiny Udogie,DEF,Spurs,,0,0,3,0,0.7,506,0.02,0.02,0.00,0.44,2,0,0,0.0,0.0,2026-08-22T16:30:00Z,4,,4,0,0,0,0,1,0,0.3,0,0,3,0.0,1,,5598,22532,44,False,0,0,0,2,0,1
Ashley Phillips,DEF,Spurs,,0,0,0,0,0.0,507,0.00,0.00,0.00,0.00,2,0,0,0.0,0.0,2026-08-22T16:30:00Z,0,,4,0,0,0,0,1,0,0.0,0,0,3,0.0,0,,0,1270,45,False,0,0,0,0,0,1
Ben Davies,DEF,Spurs,,0,0,0,0,0.0,508,0.00,0.00,0.00,0.00,2,0,0,0.0,0.0,2026-08-22T16:30:00Z,0,,4,0,0,0,0,1,0,0.9,0,0,3,0.0,0,,19696,41640,39,False,0,0,0,0,0,1
Jun'ai Byfield,DEF,Spurs,,0,0,0,0,0.0,509,0.00,0.00,0.00,0.00,2,0,0,0.0,0.0,2026-08-22T16:30:00Z,0,,4,0,0,0,0,1,0,0.1,0,0,3,0.0,0,,2344,2599,40,False,0,0,0,0,0,1
James Rowswell,DEF,Spurs,,0,0,0,0,0.0,510,0.00,0.00,0.00,0.00,2,0,0,0.0,0.0,2026-08-22T16:30:00Z,0,,4,0,0,0,0,1,0,0.1,0,0,3,0.0,0,,2900,3485,40,False,0,0,0,0,0,1
João Victor de Souza Menezes,DEF,Spurs,,0,0,0,0,0.0,511,0.00,0.00,0.00,0.00,2,0,0,0.0,0.0,2026-08-22T16:30:00Z,0,,4,0,0,0,0,1,0,0.2,0,0,3,0.0,0,,2555,16913,40,False,0,0,0,0,0,1
Mohammed Kudus,MID,Spurs,,0,0,0,0,0.0,512,0.00,0.00,0.00,0.00,2,0,0,0.0,0.0,2026-08-22T16:30:00Z,0,,4,0,0,0,0,1,0,0.2,0,0,3,0.0,0,,13265,11196,65,False,0,0,0,0,0,1
Xavi Simons,MID,Spurs,,0,0,0,0,0.0,513,0.00,0.00,0.00,0.00,2,0,0,0.0,0.0,2026-08-22T16:30:00Z,0,,4,0,0,0,0,1,0,0.0,0,0,3,0.0,0,,349,1126,59,False,0,0,0,0,0,1
Mathys Tel,MID,Spurs,,0,0,17,0,26.0,514,0.06,0.12,0.06,3.87,2,0,0,4.5,10.4,2026-08-22T16:30:00Z,90,,4,0,0,0,0,1,0,0.2,1,0,3,9.0,2,,9144,46878,57,False,0,1,0,7,0,1
James Maddison,MID,Spurs,,0,0,6,0,8.3,515,0.01,0.01,0.00,0.85,2,0,0,2.1,4.4,2026-08-22T16:30:00Z,22,,4,0,0,0,0,1,0,0.4,0,0,3,8.0,1,,5877,96334,63,False,0,1,0,1,0,1
Rodrigo Bentancur,MID,Spurs,,0,0,8,0,14.7,516,0.01,0.01,0.00,2.18,2,0,0,1.7,2.0,2026-08-22T16:30:00Z,45,,4,0,0,0,0,1,0,0.2,0,0,3,0.0,1,,5198,8452,55,False,0,0,0,2,3,1
Wilson Odobert,MID,Spurs,,0,0,0,0,0.0,517,0.00,0.00,0.00,0.00,2,0,0,0.0,0.0,2026-08-22T16:30:00Z,0,,4,0,0,0,0,1,0,0.0,0,0,3,0.0,0,,133,110,55,False,0,0,0,0,0,1
Pape Matar Sarr,MID,Spurs,,0,0,0,0,0.0,518,0.00,0.00,0.00,0.00,2,0,0,0.0,0.0,2026-08-22T16:30:00Z,0,,4,0,0,0,0,1,0,0.1,0,0,3,0.0,0,,4138,23787,49,False,0,0,0,0,0,1
Conor Gallagher,MID,Spurs,,0,0,1,0,5.5,519,0.06,0.08,0.02,1.70,2,0,0,0.5,0.0,2026-08-22T16:30:00Z,45,,4,0,0,0,0,1,0,0.2,1,0,3,1.0,0,,4701,17085,53,False,1,0,0,2,1,1
Lucas Bergvall,MID,Spurs,,0,0,2,0,2.0,520,0.01,0.01,0.00,1.70,2,0,0,0.0,0.0,2026-08-22T16:30:00Z,45,,4,0,0,0,0,1,0,0.1,1,0,3,2.0,1,,1893,9590,53,False,0,0,0,7,1,1
Dejan Kulusevski,MID,Spurs,,0,0,0,0,0.0,521,0.00,0.00,0.00,0.00,2,0,0,0.0,0.0,2026-08-22T16:30:00Z,0,,4,0,0,0,0,1,0,0.0,0,0,3,0.0,0,,414,743,65,False,0,0,0,0,0,1
Archie Gray,MID,Spurs,,0,0,15,0,3.3,522,0.01,0.01,0.00,3.43,2,0,0,1.0,6.2,2026-08-22T16:30:00Z,85,,4,0,0,0,0,1,0,0.2,1,0,3,0.0,2,,6867,13455,49,False,0,2,0,2,1,1
Mikey Moore,MID,Spurs,,0,0,10,0,5.9,523,0.02,0.40,0.38,3.02,2,0,0,7.5,14.2,2026-08-22T16:30:00Z,67,,4,0,0,0,0,1,0,0.1,1,0,3,55.0,2,,3258,17054,50,False,0,0,0,1,1,1
Callum Olusesi,MID,Spurs,,0,0,0,0,0.0,524,0.00,0.00,0.00,0.00,2,0,0,0.0,0.0,2026-08-22T16:30:00Z,0,,4,0,0,0,0,1,0,1.0,0,0,3,0.0,0,,55810,49756,44,False,0,0,0,0,0,1
Mateus Fernandes,MID,Spurs,,0,0,16,0,27.2,525,0.06,0.06,0.00,2.18,2,0,0,3.6,7.2,2026-08-22T16:30:00Z,45,,4,0,0,0,0,1,0,0.8,0,0,3,2.0,1,,14488,125090,57,False,0,0,0,1,1,1
Dominic Solanke-Mitchell,FWD,Spurs,,0,0,3,0,0.0,526,0.00,0.07,0.07,0.85,2,0,0,0.5,0.0,2026-08-22T16:30:00Z,22,,4,0,0,0,0,1,0,0.8,0,0,3,5.0,1,,29698,95094,58,False,0,0,0,0,0,1
Richarlison de Andrade,FWD,Spurs,,0,0,6,0,2.2,527,0.00,0.00,0.00,3.02,2,0,0,0.2,0.0,2026-08-22T16:30:00Z,67,,4,0,0,0,0,1,0,0.6,1,0,3,0.0,2,,21439,268611,59,False,0,1,0,0,0,1
Dane Scarlett,FWD,Spurs,,0,0,0,0,0.0,528,0.00,0.00,0.00,0.00,2,0,0,0.0,0.0,2026-08-22T16:30:00Z,0,,4,0,0,0,0,1,0,1.1,0,0,3,0.0,0,,42525,110011,45,False,0,0,0,0,0,1
Robin Roefs,GKP,Sunderland,,0,0,7,0,0.0,529,0.00,0.00,0.00,1.80,5,2,0,1.5,15.2,2026-08-22T14:00:00Z,90,,12,0,0,0,0,1,0,2.4,1,1,2,0.0,1,,22019,178511,49,False,0,1,0,8,0,1
Anthony Patterson,GKP,Sunderland,,0,0,0,0,0.0,530,0.00,0.00,0.00,0.00,5,0,0,0.0,0.0,2026-08-22T14:00:00Z,0,,12,0,0,0,0,1,0,0.1,0,1,2,0.0,0,,0,6030,40,False,0,0,0,0,0,1
Melker Ellborg,GKP,Sunderland,,0,0,0,0,0.0,531,0.00,0.00,0.00,0.00,5,0,0,0.0,0.0,2026-08-22T14:00:00Z,0,,12,0,0,0,0,1,0,0.1,0,1,2,0.0,0,,1186,3347,44,False,0,0,0,0,0,1
Daniel Ballard,DEF,Sunderland,,0,0,4,0,1.2,532,0.01,0.01,0.00,1.80,5,2,0,1.9,18.2,2026-08-22T14:00:00Z,90,,12,0,0,0,0,1,0,2.5,1,1,2,0.0,0,,45545,319514,49,False,1,7,0,0,2,1
Nordi Mukiele,DEF,Sunderland,,0,0,0,0,0.0,533,0.00,0.00,0.00,0.00,5,0,0,0.0,0.0,2026-08-22T14:00:00Z,0,,12,0,0,0,0,1,0,1.9,0,1,2,0.0,0,,44780,130441,54,False,0,0,0,0,0,1
Trai Hume,DEF,Sunderland,,0,0,14,0,39.4,534,0.27,0.31,0.04,1.69,5,0,0,6.2,9.4,2026-08-22T14:00:00Z,79,,12,0,0,0,0,1,0,2.8,1,1,2,13.0,2,,37913,398963,43,False,0,1,0,6,3,1
Omar Alderete,DEF,Sunderland,,0,0,2,0,0.6,535,0.01,0.01,0.00,0.10,5,0,0,0.0,0.0,2026-08-22T14:00:00Z,23,,12,0,0,0,0,1,0,0.2,0,1,2,0.0,1,,4988,27406,48,False,0,0,0,2,0,1
Reinildo Mandava,DEF,Sunderland,,0,0,9,0,27.5,536,0.29,0.29,0.00,1.80,5,2,0,5.5,23.0,2026-08-22T14:00:00Z,90,,12,0,0,0,0,1,0,0.3,1,1,2,4.0,1,,4091,24421,44,False,0,5,0,5,3,1
Jenson Seelt,DEF,Sunderland,,0,0,0,0,0.0,537,0.00,0.00,0.00,0.00,5,0,0,0.0,0.0,2026-08-22T14:00:00Z,0,,12,0,0,0,0,1,0,0.0,0,1,2,0.0,0,,61,665,45,False,0,0,0,0,0,1
Leo Fuhr Hjelde,DEF,Sunderland,,0,0,0,0,0.0,538,0.00,0.00,0.00,0.00,5,0,0,0.0,0.0,2026-08-22T14:00:00Z,0,,12,0,0,0,0,1,0,0.0,0,1,2,0.0,0,,0,2537,40,False,0,0,0,0,0,1
Luke O'Nien,DEF,Sunderland,,0,0,1,0,1.4,539,0.01,0.02,0.01,1.69,5,0,0,1.7,11.4,2026-08-22T14:00:00Z,66,,12,0,0,0,0,1,0,2.5,1,1,2,4.0,1,,33468,122347,39,False,1,4,0,4,1,1
Arthur Masuaku,DEF,Sunderland,,0,0,0,0,0.0,540,0.00,0.00,0.00,0.00,5,0,0,0.0,0.0,2026-08-22T14:00:00Z,0,,12,0,0,0,0,1,0,0.1,0,1,2,0.0,0,,0,11595,40,False,0,0,0,0,0,1
Thomas Meunier,DEF,Sunderland,,0,0,5,0,5.3,541,0.08,0.16,0.08,1.80,5,2,0,3.0,13.8,2026-08-22T14:00:00Z,90,,12,0,0,0,0,1,0,0.3,1,1,2,11.0,1,,7167,9719,45,False,0,2,0,3,2,1
Enzo Le Fée,MID,Sunderland,,0,0,13,0,9.9,542,0.03,0.03,0.00,1.69,5,0,0,1.5,4.6,2026-08-22T14:00:00Z,79,,12,0,0,0,0,1,0,3.4,1,1,2,0.0,2,,45827,652184,57,False,0,0,0,1,1,1
Habib Diarra,MID,Sunderland,,0,0,3,0,0.6,543,0.00,0.03,0.03,0.10,5,0,0,0.3,0.4,2026-08-22T14:00:00Z,10,,12,0,0,0,0,1,0,0.0,0,1,2,2.0,1,,558,5933,53,False,0,0,0,0,0,1
Granit Xhaka,MID,Sunderland,,1,2,31,0,31.4,544,0.09,0.09,0.00,1.80,5,0,0,5.0,18.8,2026-08-22T14:00:00Z,90,,12,0,0,0,0,1,0,3.6,1,1,2,0.0,9,,131183,209563,55,False,0,2,13,8,3,1
Noah Sadiki,MID,Sunderland,,0,0,18,0,32.1,545,0.03,0.09,0.06,1.80,5,0,0,7.2,14.6,2026-08-22T14:00:00Z,90,,12,0,0,0,0,1,0,0.2,1,1,2,25.0,2,,5739,18454,49,False,0,0,0,2,0,1
Simon Adingra,MID,Sunderland,,0,0,0,0,0.0,546,0.00,0.00,0.00,0.00,5,0,0,0.0,0.0,2026-08-22T14:00:00Z,0,,12,0,0,0,0,1,0,0.0,0,1,2,0.0,0,,240,7424,49,False,0,0,0,0,0,1
Romaine Mundle,MID,Sunderland,,0,0,0,0,0.0,547,0.00,0.00,0.00,0.00,5,0,0,0.0,0.0,2026-08-22T14:00:00Z,0,,12,0,0,0,0,1,0,0.0,0,1,2,0.0,0,,202,674,49,False,0,0,0,0,0,1
Chris Rigg,MID,Sunderland,,0,0,3,0,0.3,548,0.00,0.00,0.00,0.10,5,0,0,0.0,0.0,2026-08-22T14:00:00Z,10,,12,0,0,0,0,1,0,0.0,0,1,2,0.0,1,,471,2863,49,False,0,0,0,1,0,1
Chemsdine Talbi,MID,Sunderland,,0,0,1,0,0.9,549,0.00,0.00,0.00,0.14,5,0,0,0.0,0.0,2026-08-22T14:00:00Z,31,,12,0,0,0,0,1,0,0.1,0,1,2,0.0,1,,1349,11816,53,False,0,0,0,2,0,1
Djiamgone Jocelin Ta Bi,MID,Sunderland,,0,0,0,0,0.0,550,0.00,0.00,0.00,0.00,5,0,0,0.0,0.0,2026-08-22T14:00:00Z,0,,12,0,0,0,0,1,0,0.0,0,1,2,0.0,0,,316,426,50,False,0,0,0,0,0,1
Nilson Angulo,MID,Sunderland,,0,0,23,0,3.3,551,0.01,0.16,0.15,1.66,5,0,1,5.2,32.8,2026-08-22T14:00:00Z,58,,12,0,0,0,0,1,0,0.1,1,1,2,16.0,5,,12821,10606,50,False,1,1,0,5,1,1
Brian Brobbey,FWD,Sunderland,,0,0,1,0,1.5,552,0.00,0.30,0.30,1.69,5,0,0,1.1,0.0,2026-08-22T14:00:00Z,66,,12,0,0,0,0,1,0,6.9,1,1,2,9.0,2,,288908,937964,57,False,0,0,0,0,0,1
Wilson Isidor,FWD,Sunderland,,0,0,3,0,0.2,553,0.00,0.00,0.00,0.10,5,0,0,0.0,0.0,2026-08-22T14:00:00Z,23,,12,0,0,0,0,1,0,1.3,0,1,2,0.0,1,,95995,87251,55,False,0,0,0,0,0,1
Kayne van Oevelen,GKP,Ipswich Town,,0,0,0,0,0.0,554,0.00,0.00,0.00,0.00,5,0,0,0.0,0.0,2026-08-22T14:00:00Z,0,,20,0,0,0,0,1,0,0.0,0,1,2,0.0,0,,54,1961,45,True,0,0,0,0,0,1
Remi Matthews,GKP,Crystal Palace,,0,0,0,0,0.0,555,0.00,0.00,0.00,0.00,3,0,0,0.0,0.0,2026-08-22T14:00:00Z,0,,9,0,0,0,0,1,0,1.7,0,0,2,0.0,0,,23358,31615,40,False,0,0,0,0,0,1
Matt Targett,DEF,Hull City,,0,0,3,0,0.0,556,0.00,0.00,0.00,0.07,4,0,0,0.0,0.4,2026-08-22T11:30:00Z,5,,16,0,0,0,0,1,0,1.6,0,0,2,0.0,1,,24842,87747,40,True,0,0,0,1,0,1
Christos Tzolis,MID,Arsenal,,1,0,30,1,39.8,557,0.14,0.33,0.19,0.06,1,0,0,8.7,17.0,2026-08-21T19:00:00Z,75,,7,0,0,0,0,1,0,12.0,1,0,3,30.0,6,,462835,1620412,63,True,0,2,0,3,1,1
Xaver Schlager,MID,Nott'm Forest,,0,0,3,0,1.0,558,0.00,0.00,0.00,0.13,6,0,0,0.4,0.6,2026-08-22T14:00:00Z,16,,13,0,0,0,0,1,0,0.1,0,1,0,2.0,1,,5914,5844,50,True,0,0,0,1,0,1
Aladji Bamba,MID,Newcastle,,0,0,5,0,0.0,559,0.00,0.00,0.00,1.04,9,0,0,0.4,4.0,2026-08-23T15:30:00Z,14,,14,0,0,0,0,1,0,0.1,0,2,2,0.0,1,,2571,7599,49,True,0,1,0,0,1,1
Mike Penders,GKP,Chelsea,,0,0,0,0,0.0,560,0.00,0.00,0.00,0.00,10,0,0,0.0,0.0,2026-08-24T19:00:00Z,0,,10,0,0,0,0,1,0,0.1,0,3,2,0.0,0,,2028,3634,44,False,0,0,0,0,0,1
Aaron Anselmino,DEF,Chelsea,,0,0,0,0,0.0,561,0.00,0.00,0.00,0.00,10,0,0,0.0,0.0,2026-08-24T19:00:00Z,0,,10,0,0,0,0,1,0,0.0,0,3,2,0.0,0,,826,1259,45,False,0,0,0,0,0,1
Daizen Maeda,MID,Ipswich Town,,0,0,7,0,1.4,562,0.00,0.61,0.61,0.63,5,0,0,2.1,12.6,2026-08-22T14:00:00Z,79,,20,0,0,0,0,1,0,0.2,1,1,2,7.0,2,,2874,20313,53,True,0,3,0,2,4,1
Hidemasa Morita,MID,Hull City,,0,0,0,0,0.0,563,0.00,0.00,0.00,0.00,4,0,0,0.0,0.0,2026-08-22T11:30:00Z,0,,16,0,0,0,0,1,0,0.0,0,0,2,0.0,0,,727,1785,49,True,0,0,0,0,0,1
Kjell Scherpen,GKP,Ipswich Town,,0,0,12,0,0.0,564,0.00,0.00,0.00,0.66,5,0,0,1.4,14.4,2026-08-22T14:00:00Z,90,,20,0,0,0,0,1,0,0.6,1,1,2,0.0,2,,15298,23535,45,True,0,1,0,10,0,1
Mamadou Sangaré,MID,Brentford,,2,3,41,1,21.8,565,0.33,0.38,0.05,0.47,2,0,0,7.4,31.6,2026-08-22T16:30:00Z,75,,19,0,0,0,0,1,0,9.8,1,0,3,21.0,14,,1228194,826542,56,True,0,4,13,7,2,1
António João Pereira de Albuquerque Tavares da Silva,DEF,Bournemouth,,0,0,5,0,0.3,566,0.00,0.00,0.00,2.25,8,2,0,3.2,31.4,2026-08-23T13:00:00Z,90,,15,0,0,0,0,1,0,0.4,1,1,2,0.0,2,,33248,25708,50,False,1,13,13,1,0,1
Lukás Hornícek,GKP,Newcastle,,0,0,12,0,0.0,567,0.00,0.00,0.00,2.98,9,2,0,4.1,41.2,2026-08-23T15:30:00Z,90,,14,0,0,0,0,1,5,1.5,1,2,2,0.0,1,,152282,71998,50,True,1,3,0,5,0,1
Valentín Barco,MID,Chelsea,,0,0,0,0,0.0,568,0.00,0.00,0.00,0.00,10,0,0,0.0,0.0,2026-08-24T19:00:00Z,0,,10,0,0,0,0,1,0,0.1,0,3,2,0.0,0,,3174,7043,54,False,0,0,0,0,0,1
Gonzalo García,FWD,Fulham,,0,0,33,0,4.3,569,0.01,0.74,0.73,2.24,10,0,1,8.2,37.2,2026-08-24T19:00:00Z,90,,6,0,0,0,0,1,0,4.1,1,3,2,40.0,6,,440616,314279,60,True,0,0,0,1,1,1
César Palacios,MID,Fulham,,0,0,10,0,7.3,570,0.01,0.17,0.16,2.21,10,0,0,1.8,2.8,2026-08-24T19:00:00Z,72,,6,0,0,0,0,1,0,0.2,1,3,2,8.0,2,,6033,10643,54,True,0,0,0,2,2,1
Florentino Ibrain Morris Luís,MID,Ipswich Town,,0,0,0,0,0.0,571,0.00,0.00,0.00,0.00,5,0,0,0.0,0.0,2026-08-22T14:00:00Z,0,,20,0,0,0,0,1,0,0.1,0,1,2,0.0,0,,1064,7088,48,True,0,0,0,0,0,1
Konstantinos Tzolakis,GKP,Hull City,,0,3,41,1,0.0,572,0.00,0.00,0.00,1.83,4,0,0,3.5,34.6,2026-08-22T11:30:00Z,90,,16,0,0,0,0,1,5,12.8,1,0,2,0.0,10,,1002866,220020,47,True,0,0,0,22,0,1
Juanlu Sánchez,DEF,Bournemouth,,0,0,0,0,0.0,573,0.00,0.00,0.00,0.00,8,0,0,0.0,0.0,2026-08-23T13:00:00Z,0,,15,0,0,0,0,1,0,0.2,0,1,2,0.0,0,,1579,7123,44,False,0,0,0,0,0,1
Jens Hjertø-Dahl,MID,Hull City,,0,0,0,0,0.0,574,0.00,0.00,0.00,0.00,4,0,0,0.0,0.0,2026-08-22T11:30:00Z,0,,16,0,0,0,0,1,0,0.1,0,0,2,0.0,0,,1442,4459,49,True,0,0,0,0,0,1
Caleb Yirenkyi,MID,Coventry City,,0,0,2,0,3.1,575,0.00,0.00,0.00,1.56,1,0,0,0.0,0.0,2026-08-21T19:00:00Z,61,,1,0,0,0,0,1,0,0.1,1,0,3,0.0,1,,2967,13722,48,False,1,0,0,3,0,1
Elliot Stroud,MID,Hull City,,0,0,11,1,4.8,576,0.03,0.03,0.00,1.16,4,0,0,1.3,8.4,2026-08-22T11:30:00Z,70,,16,0,0,0,0,1,0,0.1,1,0,2,0.0,3,,3670,4717,50,True,0,1,0,2,3,1
Takehiro Tomiyasu,DEF,Crystal Palace,,0,0,3,0,2.4,577,0.01,0.01,0.00,0.14,3,0,0,0.5,2.4,2026-08-22T14:00:00Z,18,,9,0,0,0,0,1,0,0.3,0,0,2,0.0,1,,3478,13407,44,False,0,1,0,1,0,1
Mykhailo Mudryk,MID,Spurs,,0,0,0,0,0.0,578,0.00,0.00,0.00,0.00,10,0,0,0.0,0.0,2026-08-24T19:00:00Z,0,,10,0,0,0,0,1,0,0.0,0,3,2,0.0,0,,5443,7632,53,False,0,0,0,0,0,1
Ronald Araujo,DEF,Liverpool,,0,0,3,0,1.2,579,0.03,0.03,0.00,0.54,9,0,0,1.4,13.2,2026-08-23T15:30:00Z,20,,17,0,0,0,0,1,0,3.1,0,2,2,0.0,1,,150200,160775,54,False,0,3,0,1,1,1
Shea Charles,MID,Fulham,,0,0,5,0,1.3,580,0.00,0.00,0.00,0.03,10,0,0,0.5,3.4,2026-08-24T19:00:00Z,23,,6,0,0,0,0,1,0,0.1,0,3,2,0.0,1,,2437,4143,50,True,0,0,0,2,1,1
Ousmane Diomande,DEF,Nott'm Forest,,0,0,0,0,0.0,581,0.00,0.00,0.00,0.00,6,0,0,0.0,0.0,2026-08-22T14:00:00Z,0,,13,0,0,0,0,1,0,0.5,0,1,0,0.0,0,,13743,41849,54,True,0,0,0,0,0,1
Brian Madjo,FWD,Aston Villa,,0,0,0,0,0.0,582,0.00,0.00,0.00,0.00,7,0,0,0.0,0.0,2026-08-23T13:00:00Z,0,,5,0,0,0,0,1,0,0.2,0,0,4,0.0,0,,2963,30660,54,False,0,0,0,0,0,1
Pep Chavarría,DEF,Chelsea,,0,0,3,0,0.2,583,0.00,0.00,0.00,0.28,10,0,0,0.5,2.4,2026-08-24T19:00:00Z,25,,10,0,0,0,0,1,0,0.1,0,3,2,2.0,1,,3421,11188,49,False,0,1,0,1,0,1
Gustavo Hamer,MID,Coventry City,,0,0,3,0,0.3,584,0.00,0.00,0.00,0.13,1,0,0,0.1,0.4,2026-08-21T19:00:00Z,8,,1,0,0,0,0,1,0,0.1,0,0,3,0.0,1,,793,6423,54,False,0,0,0,1,0,1
Lucas Herrington,DEF,Hull City,,0,0,4,0,0.0,585,0.00,0.00,0.00,0.96,4,0,0,0.8,8.0,2026-08-22T11:30:00Z,26,,16,0,0,0,0,1,0,0.6,0,0,2,0.0,1,,12886,18672,40,True,0,4,0,0,0,1
Nobel Mendy,DEF,Hull City,,0,1,35,1,0.6,586,0.00,0.28,0.28,0.86,4,0,1,8.5,51.8,2026-08-22T11:30:00Z,63,,16,0,0,0,0,1,0,6.3,1,0,2,33.0,15,,683967,359524,41,True,0,13,13,2,0,1
Gerónimo Rulli,GKP,Man City,,0,0,0,0,0.0,587,0.00,0.00,0.00,0.00,8,0,0,0.0,0.0,2026-08-23T13:00:00Z,0,,3,0,0,0,0,1,0,0.0,0,1,2,0.0,0,,614,1117,50,True,0,0,0,0,0,1
Anan Khalaili,DEF,Crystal Palace,,0,0,12,0,26.5,588,0.16,0.16,0.00,0.27,3,0,0,5.5,24.0,2026-08-22T14:00:00Z,35,,9,0,0,0,0,1,0,0.3,0,0,2,4.0,1,,34904,15559,50,False,0,5,0,3,4,1
Lucas Gourna-Douath,MID,Hull City,,0,0,0,0,0.0,589,0.00,0.00,0.00,0.00,4,0,0,0.0,0.0,2026-08-22T11:30:00Z,0,,16,0,0,0,0,1,0,0.0,0,0,2,0.0,0,,702,1346,50,True,0,0,0,0,0,1
Steven Benda,GKP,Nott'm Forest,,0,0,0,0,0.0,590,0.00,0.00,0.00,0.00,6,0,0,0.0,0.0,2026-08-22T14:00:00Z,0,,13,0,0,0,0,1,0,0.1,0,1,0,0.0,0,,2674,2847,45,True,0,0,0,0,0,1
Julio Enciso,MID,Ipswich Town,,1,0,24,0,14.0,591,0.31,0.54,0.23,0.63,5,0,0,5.4,21.6,2026-08-22T14:00:00Z,70,,20,0,0,0,0,1,0,0.8,1,1,2,18.0,5,,94141,52719,55,True,0,2,0,5,1,1
Abdoul Ouattara,DEF,Ipswich Town,,0,0,4,0,10.0,592,0.00,0.00,0.00,0.03,5,0,0,1.5,5.2,2026-08-22T14:00:00Z,10,,20,0,0,0,0,1,0,0.9,0,1,2,0.0,1,,13532,26318,40,True,0,2,0,0,0,1
Amar Dedic,DEF,Newcastle,,0,0,-1,0,1.2,593,0.00,0.03,0.03,2.98,9,2,0,2.3,16.4,2026-08-23T15:30:00Z,90,,14,0,0,0,0,1,0,1.8,1,2,2,5.0,1,,447901,309450,45,True,0,7,0,2,2,1
Promise David,FWD,Brighton,,0,0,0,0,0.0,594,0.00,0.00,0.00,0.00,7,0,0,0.0,0.0,2026-08-23T13:00:00Z,0,,2,0,0,0,0,1,0,0.2,0,0,4,0.0,0,,15214,22587,59,True,0,0,0,0,0,1
Zavier Gozo,MID,Crystal Palace,,0,0,0,0,0.0,595,0.00,0.00,0.00,0.00,3,0,0,0.0,0.0,2026-08-22T14:00:00Z,0,,9,0,0,0,0,1,0,0.0,0,0,2,0.0,0,,491,886,49,False,0,0,0,0,0,1
Matteo Ruggeri,DEF,Aston Villa,,0,0,3,0,0.0,596,0.00,0.00,0.00,0.14,7,0,0,0.4,4.0,2026-08-23T13:00:00Z,8,,5,0,0,0,0,1,0,0.1,0,0,4,0.0,1,,3254,5624,45,False,0,0,0,0,2,1
Zion Suzuki,GKP,Aston Villa,,0,0,0,0,0.0,597,0.00,0.00,0.00,0.00,7,0,0,0.0,0.0,2026-08-23T13:00:00Z,0,,5,0,0,0,0,1,0,1.9,0,0,4,0.0,0,,152070,62950,50,False,0,0,0,0,0,1
Nico Elvedi,DEF,Leeds,,0,0,0,0,0.0,598,0.00,0.00,0.00,0.00,6,0,0,0.0,0.0,2026-08-22T14:00:00Z,0,,18,0,0,0,0,1,0,0.1,0,1,0,0.0,0,,5381,2815,45,False,0,0,0,0,0,1
Sidiki Cherif,FWD,Coventry City,,0,0,0,0,0.0,599,0.00,0.00,0.00,0.00,1,0,0,0.0,0.0,2026-08-21T19:00:00Z,0,,1,0,0,0,0,1,0,0.1,0,0,3,0.0,0,,7497,7626,50,False,0,0,0,0,0,1
Ibrahim Osman,MID,Brighton,,0,0,7,0,15.4,600,0.05,0.05,0.00,0.00,7,0,0,2.4,4.2,2026-08-23T13:00:00Z,12,,2,0,0,0,0,1,0,0.0,0,0,4,4.0,1,,949,1099,50,True,0,0,0,2,0,1
Luca Williams-Barnett,MID,Spurs,,0,0,0,0,0.0,601,0.00,0.00,0.00,0.00,2,0,0,0.0,0.0,2026-08-22T16:30:00Z,0,,4,0,0,0,0,1,0,0.1,0,0,3,0.0,0,,10258,7070,45,False,0,0,0,0,0,1
Cameron Humphreys,MID,Ipswich Town,,0,0,0,0,0.0,602,0.00,0.00,0.00,0.00,5,0,0,0.0,0.0,2026-08-22T14:00:00Z,0,,20,0,0,0,0,1,0,0.0,0,1,2,0.0,0,,2861,3246,45,True,0,0,0,0,0,1
Jayden Lienou,DEF,Leeds,,0,0,0,0,0.0,603,0.00,0.00,0.00,0.00,6,0,0,0.0,0.0,2026-08-22T14:00:00Z,0,,18,0,0,0,0,1,0,0.1,0,1,0,0.0,0,,6922,4001,40,False,0,0,0,0,0,1
Alfie Cresswell,MID,Leeds,,0,0,0,0,0.0,604,0.00,0.00,0.00,0.00,6,0,0,0.0,0.0,2026-08-22T14:00:00Z,0,,18,0,0,0,0,1,0,0.1,0,1,0,0.0,0,,14077,7961,45,False,0,0,0,0,0,1
Malick Yalcouyé,MID,Brighton,,0,0,3,0,2.7,605,0.01,0.01,0.00,0.00,7,0,0,0.3,0.6,2026-08-23T13:00:00Z,4,,2,0,0,0,0,1,0,4.0,0,0,4,0.0,1,,556325,172782,45,True,0,0,0,0,0,1
Triston Rowe,DEF,Aston Villa,,0,0,0,0,0.0,606,0.00,0.00,0.00,0.00,7,0,0,0.0,0.0,2026-08-23T13:00:00Z,0,,5,0,0,0,0,1,0,0.2,0,0,4,0.0,0,,13029,6190,40,False,0,0,0,0,0,1
Luka Lynch,MID,Aston Villa,,0,0,0,0,0.0,607,0.00,0.00,0.00,0.00,7,0,0,0.0,0.0,2026-08-23T13:00:00Z,0,,5,0,0,0,0,1,0,0.1,0,0,4,0.0,0,,7103,8180,45,False,0,0,0,0,0,1
Daniel Jebbison,FWD,Bournemouth,,0,0,6,0,0.8,608,0.00,0.10,0.10,0.31,8,0,0,2.1,3.4,2026-08-23T13:00:00Z,15,,15,0,0,0,0,1,0,0.1,0,1,2,17.0,1,,13328,7299,50,False,0,0,0,1,0,1
Leo Shahar,DEF,Newcastle,,0,0,0,0,0.0,609,0.00,0.00,0.00,0.00,9,0,0,0.0,0.0,2026-08-23T15:30:00Z,0,,14,0,0,0,0,1,0,0.2,0,2,2,0.0,0,,18236,15829,40,True,0,0,0,0,0,1
Luc De Fougerolles,DEF,Fulham,,0,0,0,0,0.0,610,0.00,0.00,0.00,0.00,10,0,0,0.0,0.0,2026-08-24T19:00:00Z,0,,6,0,0,0,0,1,0,0.1,0,3,2,0.0,0,,5787,5266,40,True,0,0,0,0,0,1
David Raya Martín,GKP,Arsenal,,0,0,21,1,0.0,1,0.00,0.00,0.00,0.33,20,0,0,0.6,5.6,2026-08-31T19:00:00Z,90,,2,0,0,0,0,2,0,42.3,1,1,0,0.0,6,,975029,646041,61,False,0,1,0,11,0,2
Kepa Arrizabalaga Revuelta,GKP,Arsenal,,0,0,0,0,0.0,2,0.00,0.00,0.00,0.00,20,0,0,0.0,0.0,2026-08-31T19:00:00Z,0,,2,0,0,0,0,2,0,0.1,0,1,0,0.0,0,,1494,4292,49,False,0,0,0,0,0,2
Illan Meslier,GKP,Arsenal,,0,0,0,0,0.0,3,0.00,0.00,0.00,0.00,20,0,0,0.0,0.0,2026-08-31T19:00:00Z,0,,2,0,0,0,0,2,0,0.0,0,1,0,0.0,0,,517,1589,49,False,0,0,0,0,0,2
Gabriel dos Santos Magalhães,DEF,Arsenal,,0,0,23,1,3.2,4,0.02,0.15,0.13,0.33,20,0,0,2.7,18.2,2026-08-31T19:00:00Z,90,,2,0,0,0,0,2,0,22.7,1,1,0,6.0,8,,237976,913705,80,False,0,8,10,5,2,2
Jurriën Timber,DEF,Arsenal,,0,0,0,0,0.0,5,0.00,0.00,0.00,0.00,20,0,0,0.0,0.0,2026-08-31T19:00:00Z,0,,2,0,0,0,0,2,0,0.4,0,1,0,0.0,0,,35772,15324,65,False,0,0,0,0,0,2
William Saliba,DEF,Arsenal,,0,0,0,0,0.0,6,0.00,0.00,0.00,0.00,20,0,0,0.0,0.0,2026-08-31T19:00:00Z,0,,2,0,0,0,0,2,0,0.2,0,1,0,0.0,0,,3512,18731,59,False,0,0,0,0,0,2
Myles Lewis-Skelly,MID,Arsenal,,0,0,15,1,3.2,7,0.02,0.09,0.07,0.33,20,0,0,1.9,10.6,2026-08-31T19:00:00Z,70,,2,0,0,0,0,2,0,0.6,1,1,0,5.0,3,,29705,49980,54,False,0,4,0,1,0,2
Riccardo Calafiori,DEF,Arsenal,,1,2,30,1,11.9,8,0.46,0.57,0.11,0.33,20,0,0,4.2,21.2,2026-08-31T19:00:00Z,90,,2,0,0,0,0,2,0,50.5,1,1,0,9.0,11,,1664668,406418,58,False,0,2,0,4,1,2
Piero Hincapié,DEF,Arsenal,,0,0,0,0,0.0,9,0.00,0.00,0.00,0.00,20,0,0,0.0,0.0,2026-08-31T19:00:00Z,0,,2,0,0,0,0,2,0,0.9,0,1,0,0.0,0,,16365,117691,52,False,0,0,0,0,0,2
Benjamin White,DEF,Arsenal,,0,1,26,1,20.3,10,0.05,0.05,0.00,0.33,20,0,0,3.7,16.4,2026-08-31T19:00:00Z,90,,2,0,0,0,0,2,0,4.9,1,1,0,0.0,7,,456053,570239,55,False,0,3,0,2,1,2
Cristhian Mosquera,DEF,Arsenal,,0,0,25,1,1.4,11,0.01,0.01,0.00,0.33,20,0,0,1.2,10.2,2026-08-31T19:00:00Z,78,,2,0,0,0,0,2,0,1.6,1,1,0,0.0,6,,31476,468747,53,False,0,4,0,0,0,2
Bukayo Saka,MID,Arsenal,,0,3,46,1,8.0,12,0.04,0.67,0.63,0.33,20,0,1,9.3,41.0,2026-08-31T19:00:00Z,90,,2,0,0,0,0,2,0,13.9,1,1,0,44.0,11,,815982,400720,95,False,0,3,0,6,2,2
Declan Rice,MID,Arsenal,,0,0,19,1,27.6,13,0.10,0.10,0.00,0.33,20,0,0,5.2,24.0,2026-08-31T19:00:00Z,84,,2,0,0,0,0,2,0,11.5,1,1,0,0.0,5,,119629,733628,74,False,0,2,12,7,3,2
Eberechi Eze,MID,Arsenal,,0,0,6,0,2.0,14,0.07,0.07,0.00,0.24,20,0,0,0.6,1.6,2026-08-31T19:00:00Z,45,,2,0,0,0,0,2,0,1.0,0,1,0,2.0,1,,23757,140023,62,False,0,0,0,3,0,2
Martin Ødegaard,MID,Arsenal,,0,0,13,1,6.8,15,0.07,0.15,0.08,0.33,20,0,0,1.9,6.8,2026-08-31T19:00:00Z,70,,2,0,0,0,0,2,0,19.8,1,1,0,5.0,3,,1641442,553996,68,False,0,2,0,1,2,2
Noni Madueke,MID,Arsenal,,0,0,0,0,0.0,16,0.00,0.00,0.00,0.00,20,0,0,0.0,0.0,2026-08-31T19:00:00Z,0,,2,0,0,0,0,2,0,0.2,0,1,0,0.0,0,,6070,26052,62,False,0,0,0,0,0,2
Mikel Merino Zazón,MID,Arsenal,,0,0,7,0,1.0,17,0.00,0.00,0.00,0.00,20,0,0,0.4,2.8,2026-08-31T19:00:00Z,19,,2,0,0,0,0,2,0,0.4,0,1,0,0.0,1,,9567,48309,57,False,0,0,0,4,0,2
Gabriel Martinelli Silva,MID,Arsenal,,0,0,0,0,0.0,18,0.00,0.00,0.00,0.00,20,0,0,0.0,0.0,2026-08-31T19:00:00Z,0,,2,0,0,0,0,2,0,0.1,0,1,0,0.0,0,,2483,21910,63,False,0,0,0,0,0,2
Martín Zubimendi Ibáñez,MID,Arsenal,,0,0,5,0,0.9,19,0.00,0.00,0.00,0.00,20,0,0,0.6,4.8,2026-08-31T19:00:00Z,5,,2,0,0,0,0,2,0,0.6,0,1,0,0.0,1,,8551,66854,53,False,0,0,0,0,2,2
Max Dowman,MID,Arsenal,,0,0,0,0,0.0,20,0.00,0.00,0.00,0.00,20,0,0,0.0,0.0,2026-08-31T19:00:00Z,0,,2,0,0,0,0,2,0,0.1,0,1,0,0.0,0,,3068,7347,53,False,0,0,0,0,0,2
Christian Nørgaard,MID,Everton,,0,0,0,0,0.0,21,0.00,0.00,0.00,0.00,12,0,0,0.0,0.0,2026-08-29T14:00:00Z,0,,3,0,0,0,0,2,0,0.0,0,1,1,0.0,0,,501,7449,48,False,0,0,0,0,0,2
Ethan Nwaneri,MID,Arsenal,,0,0,0,0,0.0,22,0.00,0.00,0.00,0.00,20,0,0,0.0,0.0,2026-08-31T19:00:00Z,0,,2,0,0,0,0,2,0,0.0,0,1,0,0.0,0,,233,1256,54,False,0,0,0,0,0,2
Fábio Ferreira Vieira,MID,Arsenal,,0,0,0,0,0.0,23,0.00,0.00,0.00,0.00,20,0,0,0.0,0.0,2026-08-31T19:00:00Z,0,,2,0,0,0,0,2,0,0.0,0,1,0,0.0,0,,255,923,55,False,0,0,0,0,0,2
Reiss Nelson,MID,Arsenal,,0,0,0,0,0.0,24,0.00,0.00,0.00,0.00,20,0,0,0.0,0.0,2026-08-31T19:00:00Z,0,,2,0,0,0,0,2,0,0.0,0,1,0,0.0,0,,68,678,55,False,0,0,0,0,0,2
Viktor Gyökeres,FWD,Arsenal,,0,0,0,0,0.0,25,0.00,0.00,0.00,0.00,20,0,0,0.0,0.0,2026-08-31T19:00:00Z,0,,2,0,0,0,0,2,0,3.2,0,1,0,0.0,0,,44503,612492,71,False,0,0,0,0,0,2
Kai Havertz,FWD,Arsenal,,0,0,5,0,3.4,26,0.03,0.05,0.02,0.33,20,0,0,2.9,2.4,2026-08-31T19:00:00Z,90,,2,0,0,0,0,2,0,8.2,1,1,0,23.0,2,,654143,433219,76,False,0,0,0,5,0,2
Gabriel Fernando de Jesus,FWD,Arsenal,,0,0,0,0,0.0,27,0.00,0.00,0.00,0.00,20,0,0,0.0,0.0,2026-08-31T19:00:00Z,0,,2,0,0,0,0,2,0,0.1,0,1,0,0.0,0,,4164,29355,59,False,0,0,0,0,0,2
Emiliano Martínez Romero,GKP,Chelsea,,0,0,18,0,20.0,28,0.01,0.01,0.00,1.41,16,3,0,5.6,36.2,2026-08-30T13:00:00Z,90,,5,0,0,0,0,2,4,4.7,1,3,4,0.0,2,,246162,247696,50,True,0,1,0,13,0,2
Marco Bizot,GKP,Aston Villa,,0,0,0,0,0.0,29,0.00,0.00,0.00,0.00,20,0,0,0.0,0.0,2026-08-31T19:00:00Z,0,,1,0,0,0,0,2,0,0.1,0,1,0,0.0,0,,4662,7439,45,True,0,0,0,0,0,2
Lucas Digne,DEF,Aston Villa,,0,0,0,0,0.0,30,0.00,0.00,0.00,0.00,20,0,0,0.0,0.0,2026-08-31T19:00:00Z,0,,1,0,0,0,0,2,0,0.0,0,1,0,0.0,0,,0,8658,45,True,0,0,0,0,0,2
Ezri Konsa Ngoyo,DEF,Arsenal,,0,0,3,0,0.1,31,0.00,0.00,0.00,0.00,20,0,0,0.3,3.2,2026-08-31T19:00:00Z,11,,2,0,0,0,0,2,0,19.4,0,1,0,0.0,1,,1470141,644128,46,False,0,1,0,0,0,2
Matty Cash,DEF,Aston Villa,,0,0,8,0,1.8,32,0.01,0.16,0.15,1.04,20,0,0,2.3,14.0,2026-08-31T19:00:00Z,77,,1,0,0,0,0,2,0,4.8,1,1,0,7.0,2,,95546,420549,44,True,0,2,0,1,4,2
Tyrone Mings,DEF,Aston Villa,,0,0,0,0,0.0,33,0.00,0.00,0.00,0.00,20,0,0,0.0,0.0,2026-08-31T19:00:00Z,0,,1,0,0,0,0,2,0,0.4,0,1,0,0.0,0,,16670,17551,45,True,0,0,0,0,0,2
Pau Torres,DEF,Aston Villa,,0,0,6,0,0.8,34,0.01,0.01,0.00,1.04,20,0,0,1.2,11.0,2026-08-31T19:00:00Z,90,,1,0,0,0,0,2,0,0.3,1,1,0,0.0,2,,11240,27670,44,True,0,3,0,8,1,2
Lamare Bogarde,MID,Aston Villa,,0,0,0,0,0.0,35,0.00,0.00,0.00,0.00,20,0,0,0.0,0.0,2026-08-31T19:00:00Z,0,,1,0,0,0,0,2,0,0.1,0,1,0,0.0,0,,2919,4782,49,True,0,0,0,0,0,2
Ian Maatsen,DEF,Aston Villa,,0,0,-5,0,0.5,36,0.00,0.07,0.07,1.04,20,0,0,1.7,4.8,2026-08-31T19:00:00Z,90,,1,0,0,0,0,2,0,0.5,1,1,0,12.0,1,,31897,62331,44,True,1,5,0,2,3,2
Victor Lindelöf,DEF,Aston Villa,,0,0,10,0,1.2,37,0.08,0.08,0.00,1.04,20,0,0,1.6,15.0,2026-08-31T19:00:00Z,90,,1,0,0,0,0,2,0,0.3,1,1,0,0.0,2,,14786,14433,45,True,0,6,0,1,1,2
Andrés García,DEF,Aston Villa,,0,0,0,0,0.0,38,0.00,0.00,0.00,0.00,20,0,0,0.0,0.0,2026-08-31T19:00:00Z,0,,1,0,0,0,0,2,0,1.5,0,1,0,0.0,0,,45385,68288,40,True,0,0,0,0,0,2
Kosta Nedeljkovic,DEF,Aston Villa,,0,0,0,0,0.0,39,0.00,0.00,0.00,0.00,20,0,0,0.0,0.0,2026-08-31T19:00:00Z,0,,1,0,0,0,0,2,0,0.1,0,1,0,0.0,0,,0,15284,40,True,0,0,0,0,0,2
Morgan Rogers,MID,Chelsea,,1,0,28,0,46.5,40,1.01,1.15,0.14,1.41,16,0,0,9.6,26.8,2026-08-30T13:00:00Z,90,,5,0,0,0,0,2,0,40.6,1,3,4,23.0,5,,2494253,666480,77,True,0,1,0,3,1,2
Emiliano Buendía Stati,MID,Aston Villa,,0,0,9,0,13.2,41,0.02,0.06,0.04,1.04,20,0,0,2.7,5.0,2026-08-31T19:00:00Z,90,,1,0,0,0,0,2,0,1.0,1,1,0,9.0,2,,61249,95809,59,True,0,0,0,4,1,2
Evann Guessand,MID,Crystal Palace,,0,0,3,0,0.3,42,0.01,0.01,0.00,0.20,11,0,0,0.3,2.2,2026-08-28T19:00:00Z,27,,15,0,0,0,0,2,0,0.0,0,4,1,0.0,1,,2410,3649,54,True,0,1,0,0,0,2
Youri Tielemans,MID,Man Utd,,0,0,26,0,46.3,43,0.11,0.58,0.47,2.06,18,0,0,10.0,33.2,2026-08-30T15:30:00Z,90,,12,0,0,0,0,2,0,1.5,1,2,5,20.0,4,,44789,161802,58,True,0,4,13,7,2,2
Leon Bailey,MID,Aston Villa,,0,0,0,0,0.0,44,0.00,0.00,0.00,0.00,20,0,0,0.0,0.0,2026-08-31T19:00:00Z,0,,1,0,0,0,0,2,0,0.1,0,1,0,0.0,0,,2096,13258,54,True,0,0,0,0,0,2
John McGinn,MID,Aston Villa,,0,0,2,0,12.0,45,0.05,0.10,0.05,1.04,20,0,0,1.7,0.0,2026-08-31T19:00:00Z,90,,1,0,0,0,0,2,0,2.2,1,1,0,10.0,1,,71282,156239,54,True,1,1,0,2,1,2
Ross Barkley,MID,Aston Villa,,0,0,23,0,23.3,46,0.02,0.05,0.03,1.04,20,0,0,3.8,12.8,2026-08-31T19:00:00Z,77,,1,0,0,0,0,2,0,0.3,1,1,0,2.0,2,,16160,16350,50,True,0,1,0,6,3,2
Boubacar Kamara,MID,Aston Villa,,0,0,13,0,14.2,47,0.03,0.03,0.00,1.04,20,0,0,2.5,10.6,2026-08-31T19:00:00Z,90,,1,0,0,0,0,2,0,0.3,1,1,0,0.0,2,,14602,21628,50,True,0,3,0,4,1,2
Amadou Onana,MID,Aston Villa,,0,0,0,0,0.0,48,0.00,0.00,0.00,0.00,20,0,0,0.0,0.0,2026-08-31T19:00:00Z,0,,1,0,0,0,0,2,0,0.0,0,1,0,0.0,0,,515,1671,49,True,0,0,0,0,0,2
Samuel Iling-Junior,MID,Aston Villa,,0,0,0,0,0.0,49,0.00,0.00,0.00,0.00,20,0,0,0.0,0.0,2026-08-31T19:00:00Z,0,,1,0,0,0,0,2,0,0.0,0,1,0,0.0,0,,0,237,50,True,0,0,0,0,0,2
Bradley Burrowes,MID,Aston Villa,,0,0,0,0,0.0,50,0.00,0.00,0.00,0.00,20,0,0,0.0,0.0,2026-08-31T19:00:00Z,0,,1,0,0,0,0,2,0,0.6,0,1,0,0.0,0,,21492,35262,45,True,0,0,0,0,0,2
George Hemmings,MID,Aston Villa,,0,0,5,0,4.3,51,0.01,0.01,0.00,1.01,20,0,0,0.6,1.8,2026-08-31T19:00:00Z,70,,1,0,0,0,0,2,0,1.2,1,1,0,0.0,2,,116047,70142,45,True,0,0,0,4,2,2
Alysson Edward Franco da Rocha dos Santos,MID,Aston Villa,,0,0,2,0,0.8,52,0.00,0.00,0.00,0.02,20,0,0,0.4,1.2,2026-08-31T19:00:00Z,19,,1,0,0,0,0,2,0,0.0,0,1,0,2.0,0,,3355,3686,50,True,1,0,0,1,1,2
Johan Manzambi,MID,Aston Villa,,0,0,0,0,0.0,53,0.00,0.00,0.00,0.00,20,0,0,0.0,0.0,2026-08-31T19:00:00Z,0,,1,0,0,0,0,2,0,0.4,0,1,0,0.0,0,,32544,20379,59,True,0,0,0,0,0,2
Joao Gomes,MID,Aston Villa,,0,0,0,0,0.0,54,0.00,0.00,0.00,0.00,20,0,0,0.0,0.0,2026-08-31T19:00:00Z,0,,1,0,0,0,0,2,0,0.0,0,1,0,0.0,0,,1336,4115,55,True,0,0,0,0,0,2
Ollie Watkins,FWD,Aston Villa,,0,0,0,0,0.0,55,0.00,0.00,0.00,0.00,20,0,0,0.0,0.0,2026-08-31T19:00:00Z,0,,1,0,0,0,0,2,0,2.5,0,1,0,0.0,0,,14882,761096,78,True,0,0,0,0,0,2
Tammy Abraham,FWD,Aston Villa,,0,0,3,0,1.3,56,0.00,0.00,0.00,0.02,20,0,0,0.1,0.0,2026-08-31T19:00:00Z,19,,1,0,0,0,0,2,0,0.2,0,1,0,0.0,1,,15876,13018,55,True,0,0,0,0,0,2
Đorđe Petrović,GKP,Bournemouth,,0,0,20,0,0.0,57,0.00,0.00,0.00,1.84,12,0,0,3.4,33.8,2026-08-29T14:00:00Z,90,,9,0,0,0,0,2,5,3.0,1,1,1,0.0,3,,112890,125290,45,True,0,3,0,8,0,2
Fraser Forster,GKP,Bournemouth,,0,0,0,0,0.0,58,0.00,0.00,0.00,0.00,12,0,0,0.0,0.0,2026-08-29T14:00:00Z,0,,9,0,0,0,0,2,0,3.5,0,1,1,0.0,0,,117900,79619,40,True,0,0,0,0,0,2
Will Dennis,GKP,Bournemouth,,0,0,0,0,0.0,59,0.00,0.00,0.00,0.00,12,0,0,0.0,0.0,2026-08-29T14:00:00Z,0,,9,0,0,0,0,2,0,0.1,0,1,1,0.0,0,,1133,7556,40,True,0,0,0,0,0,2
James Hill,DEF,Bournemouth,,0,0,19,0,21.0,60,0.74,0.74,0.00,1.84,12,0,0,5.1,25.6,2026-08-29T14:00:00Z,90,,9,0,0,0,0,2,0,0.8,1,1,1,4.0,4,,31233,43909,55,True,0,9,12,3,3,2
Adrien Truffert,DEF,Bournemouth,,0,2,27,0,23.7,61,0.07,0.07,0.00,1.84,12,0,0,5.6,27.8,2026-08-29T14:00:00Z,90,,9,0,0,0,0,2,0,3.0,1,1,1,4.0,4,,56893,161280,54,True,0,7,0,6,2,2
Bafodé Diakité,DEF,Bournemouth,,0,0,0,0,0.0,62,0.00,0.00,0.00,0.00,12,0,0,0.0,0.0,2026-08-29T14:00:00Z,0,,9,0,0,0,0,2,0,0.2,0,1,1,0.0,0,,7156,12081,49,True,0,0,0,0,0,2
Veljko Milosavljevic,DEF,Bournemouth,,0,0,0,0,0.0,63,0.00,0.00,0.00,0.00,12,0,0,0.0,0.0,2026-08-29T14:00:00Z,0,,9,0,0,0,0,2,0,0.0,0,1,1,0.0,0,,342,847,49,True,0,0,0,0,0,2
Adam Smith,DEF,Bournemouth,,0,0,5,0,15.7,64,0.02,0.02,0.00,1.84,12,0,0,3.1,15.6,2026-08-29T14:00:00Z,90,,9,0,0,0,0,2,0,0.1,1,1,1,0.0,1,,7234,7343,45,True,1,4,0,0,2,2
Julián Araujo Zúñiga,DEF,Bournemouth,,0,0,0,0,0.0,65,0.00,0.00,0.00,0.00,12,0,0,0.0,0.0,2026-08-29T14:00:00Z,0,,9,0,0,0,0,2,0,0.0,0,1,1,0.0,0,,426,1296,44,True,0,0,0,0,0,2
Julio Soler Barreto,DEF,Bournemouth,,0,0,0,0,0.0,66,0.00,0.00,0.00,0.00,12,0,0,0.0,0.0,2026-08-29T14:00:00Z,0,,9,0,0,0,0,2,0,0.3,0,1,1,0.0,0,,13860,11075,40,True,0,0,0,0,0,2
Rayan Vitor Simplício Rocha,MID,Bournemouth,,0,0,4,0,3.5,67,0.02,0.42,0.40,1.84,12,0,0,5.6,8.6,2026-08-29T14:00:00Z,90,,9,0,0,0,0,2,0,1.6,1,1,1,44.0,2,,53081,169776,63,True,0,1,0,3,1,2
Marcus Tavernier,MID,Bournemouth,,0,0,20,0,38.3,68,0.21,0.30,0.09,1.84,12,0,0,6.4,15.0,2026-08-29T14:00:00Z,90,,9,0,0,0,0,2,0,6.8,1,1,1,11.0,1,,701022,222963,61,True,1,1,0,6,4,2
Alex Scott,MID,Bournemouth,,0,3,39,1,32.1,69,0.27,0.53,0.26,1.71,12,0,1,10.1,47.6,2026-08-29T14:00:00Z,86,,9,0,0,0,0,2,0,5.8,1,1,1,21.0,12,,550143,212144,61,True,1,3,15,9,3,2
Justin Kluivert,MID,Bournemouth,,0,0,12,1,26.9,70,0.05,0.66,0.61,1.67,12,0,0,9.5,11.2,2026-08-29T14:00:00Z,80,,9,0,0,0,0,2,0,0.9,1,1,1,57.0,3,,52663,84208,60,True,0,0,0,5,0,2
Lewis Cook,MID,Bournemouth,,0,0,13,1,12.8,71,0.01,0.01,0.00,1.67,12,0,0,1.7,3.8,2026-08-29T14:00:00Z,68,,9,0,0,0,0,2,0,0.2,1,1,1,0.0,3,,13120,13990,50,True,0,0,0,2,0,2
Ben Gannon-Doak,MID,Bournemouth,,0,0,0,0,0.0,72,0.00,0.00,0.00,0.00,12,0,0,0.0,0.0,2026-08-29T14:00:00Z,0,,9,0,0,0,0,2,0,0.1,0,1,1,0.0,0,,1654,4663,49,True,0,0,0,0,0,2
Tyler Adams,MID,Bournemouth,,0,0,4,0,1.3,73,0.00,0.00,0.00,0.16,12,0,0,0.3,1.6,2026-08-29T14:00:00Z,21,,9,0,0,0,0,2,0,0.3,0,1,1,0.0,1,,18376,16726,50,True,0,0,0,3,0,2
David Brooks,MID,Bournemouth,,0,0,3,0,1.6,74,0.01,0.01,0.00,0.16,12,0,0,0.1,0.0,2026-08-29T14:00:00Z,9,,9,0,0,0,0,2,0,0.1,0,1,1,0.0,1,,3379,3804,50,True,0,0,0,0,0,2
Ryan Christie,MID,Bournemouth,,0,0,5,0,0.3,75,0.00,0.00,0.00,0.13,12,0,0,0.3,2.8,2026-08-29T14:00:00Z,3,,9,0,0,0,0,2,0,0.0,0,1,1,0.0,1,,3570,2210,50,True,0,0,0,1,1,2
Alex Tóth,MID,Bournemouth,,0,0,0,0,0.0,76,0.00,0.00,0.00,0.00,12,0,0,0.0,0.0,2026-08-29T14:00:00Z,0,,9,0,0,0,0,2,0,0.0,0,1,1,0.0,0,,386,786,49,True,0,0,0,0,0,2
Amine Adli,MID,Bournemouth,,0,0,0,0,0.0,77,0.00,0.00,0.00,0.00,12,0,0,0.0,0.0,2026-08-29T14:00:00Z,0,,9,0,0,0,0,2,0,0.0,0,1,1,0.0,0,,298,2220,49,True,0,0,0,0,0,2
Junior Kroupi,MID,Bournemouth,,0,0,0,0,0.0,78,0.00,0.00,0.00,0.00,12,0,0,0.0,0.0,2026-08-29T14:00:00Z,0,,9,0,0,0,0,2,0,0.2,0,1,1,0.0,0,,1259,27448,74,True,0,0,0,0,0,2
Francisco Evanilson de Lima Barbosa,FWD,Bournemouth,,1,0,11,0,22.2,79,0.04,0.62,0.58,1.67,12,0,0,5.9,15.0,2026-08-29T14:00:00Z,80,,9,0,0,0,0,2,0,3.2,1,1,1,22.0,5,,255398,177065,60,True,0,1,0,2,0,2
Enes Ünal,FWD,Bournemouth,,0,0,0,0,0.0,80,0.00,0.00,0.00,0.00,12,0,0,0.0,0.0,2026-08-29T14:00:00Z,0,,9,0,0,0,0,2,0,0.0,0,1,1,0.0,0,,0,1987,55,True,0,0,0,0,0,2
Álvaro Rodríguez,FWD,Bournemouth,,0,0,4,0,0.0,81,0.00,0.00,0.00,0.16,12,0,0,0.0,0.0,2026-08-29T14:00:00Z,9,,9,0,0,0,0,2,0,0.1,0,1,1,0.0,1,,5568,6885,60,True,0,0,0,1,0,2
Caoimhín Kelleher,GKP,Brentford,,0,0,7,0,0.0,82,0.00,0.00,0.00,1.46,17,0,0,0.9,9.4,2026-08-30T13:00:00Z,90,,13,0,0,0,0,2,0,6.1,1,1,1,0.0,2,,252924,215004,50,False,0,2,0,4,0,2
Hákon Rafn Valdimarsson,GKP,Brentford,,0,0,0,0,0.0,83,0.00,0.00,0.00,0.00,17,0,0,0.0,0.0,2026-08-30T13:00:00Z,0,,13,0,0,0,0,2,0,0.1,0,1,1,0.0,0,,2886,4606,45,False,0,0,0,0,0,2
Nathan Collins,DEF,Brentford,,0,0,14,0,0.9,84,0.01,0.18,0.17,1.46,17,0,0,6.3,28.0,2026-08-30T13:00:00Z,90,,13,0,0,0,0,2,0,0.9,1,1,1,34.0,3,,58746,157349,54,False,1,11,13,8,2,2
Sepp van den Berg,DEF,Brentford,,0,0,0,0,0.0,85,0.00,0.00,0.00,0.00,17,0,0,0.0,0.0,2026-08-30T13:00:00Z,0,,13,0,0,0,0,2,0,0.1,0,1,1,0.0,0,,414,8985,49,False,0,0,0,0,0,2
Keane Lewis-Potter,MID,Brentford,,1,1,29,0,31.6,86,0.13,0.15,0.02,1.46,17,0,0,7.2,38.4,2026-08-30T13:00:00Z,87,,13,0,0,0,0,2,0,1.7,1,1,1,2.0,6,,190552,120949,55,False,0,3,0,6,2,2
Kristoffer Ajer,DEF,Brentford,,0,0,7,0,21.0,87,0.01,0.01,0.00,1.46,17,0,0,6.1,37.8,2026-08-30T13:00:00Z,90,,13,0,0,0,0,2,0,3.9,1,1,1,2.0,3,,317785,277731,45,False,1,17,17,2,0,2
Michael Kayode,DEF,Brentford,,0,0,9,0,16.0,88,0.21,0.23,0.02,1.46,17,0,0,3.8,14.4,2026-08-30T13:00:00Z,87,,13,0,0,0,0,2,0,7.6,1,1,1,8.0,2,,597270,368969,46,False,0,3,0,4,1,2
Rico Henry,DEF,Brentford,,0,0,3,0,0.0,89,0.00,0.00,0.00,0.00,17,0,0,0.0,0.0,2026-08-30T13:00:00Z,2,,13,0,0,0,0,2,0,0.2,0,1,1,0.0,1,,1991,8633,44,False,0,0,0,0,0,2
Aaron Hickey,DEF,Brentford,,0,0,6,0,4.1,90,0.02,0.02,0.00,0.00,17,0,0,0.8,4.0,2026-08-30T13:00:00Z,2,,13,0,0,0,0,2,0,0.1,0,1,1,0.0,1,,2111,3000,45,False,0,0,0,0,1,2
Ethan Pinnock,DEF,Coventry City,,0,0,-1,0,0.7,91,0.00,0.00,0.00,0.54,13,0,0,0.5,3.8,2026-08-29T14:00:00Z,12,,11,0,0,0,0,2,0,0.1,0,1,0,0.0,1,,2606,4018,45,True,0,2,0,0,0,2
Kim Ji-soo,DEF,Brentford,,0,0,0,0,0.0,92,0.00,0.00,0.00,0.00,17,0,0,0.0,0.0,2026-08-30T13:00:00Z,0,,13,0,0,0,0,2,0,0.0,0,1,1,0.0,0,,496,963,44,False,0,0,0,0,0,2
Jannik Schuster,DEF,Brentford,,0,0,0,0,0.0,93,0.00,0.00,0.00,0.00,17,0,0,0.0,0.0,2026-08-30T13:00:00Z,0,,13,0,0,0,0,2,0,0.3,0,1,1,0.0,0,,17818,7138,45,False,0,0,0,0,0,2
Kevin Schade,MID,Brentford,,0,3,34,0,11.1,94,0.02,0.27,0.25,1.46,17,0,1,9.1,45.6,2026-08-30T13:00:00Z,87,,13,0,0,0,0,2,0,11.8,1,1,1,34.0,10,,1038036,248971,62,False,0,3,0,4,2,2
Dango Ouattara,MID,Brentford,,0,0,16,0,15.5,95,0.08,0.10,0.02,1.36,17,0,0,3.3,15.4,2026-08-30T13:00:00Z,29,,13,0,0,0,0,2,0,0.5,0,1,1,2.0,1,,15243,82468,63,False,0,3,0,3,1,2
Mikkel Damsgaard,MID,Brentford,,0,0,20,1,32.4,96,0.13,0.16,0.03,0.13,17,0,0,7.4,16.6,2026-08-30T13:00:00Z,68,,13,0,0,0,0,2,0,0.4,1,1,1,25.0,3,,15310,30455,54,False,0,2,0,5,2,2
Mathias Jensen,MID,Brentford,,0,0,0,0,0.0,97,0.00,0.00,0.00,0.00,17,0,0,0.0,0.0,2026-08-30T13:00:00Z,0,,13,0,0,0,0,2,0,0.1,0,1,1,0.0,0,,4507,15121,54,False,0,0,0,0,0,2
Vitaly Janelt,MID,Brentford,,0,0,11,0,35.4,98,0.14,0.14,0.00,1.46,17,0,0,5.6,16.4,2026-08-30T13:00:00Z,90,,13,0,0,0,0,2,0,2.5,1,1,1,4.0,1,,308032,108206,50,False,1,5,0,2,3,2
Antoni Milambo,MID,Brentford,,0,0,0,0,0.0,99,0.00,0.00,0.00,0.00,17,0,0,0.0,0.0,2026-08-30T13:00:00Z,0,,13,0,0,0,0,2,0,0.0,0,1,1,0.0,0,,116,160,50,False,0,0,0,0,0,2
Fábio Freitas Gouveia Carvalho,MID,Brentford,,0,0,0,0,0.0,100,0.00,0.00,0.00,0.00,17,0,0,0.0,0.0,2026-08-30T13:00:00Z,0,,13,0,0,0,0,2,0,0.0,0,1,1,0.0,0,,1921,1461,50,False,0,0,0,0,0,2
Jordan Henderson,MID,Chelsea,,0,0,0,0,0.0,101,0.00,0.00,0.00,0.00,16,0,0,0.0,0.0,2026-08-30T13:00:00Z,0,,5,0,0,0,0,2,0,0.0,0,3,4,0.0,0,,1153,2643,49,True,0,0,0,0,0,2
Yehor Yarmoliuk,MID,Brentford,,0,0,4,0,12.5,102,0.01,0.01,0.00,1.32,17,0,0,2.0,3.0,2026-08-30T13:00:00Z,21,,13,0,0,0,0,2,0,0.6,0,1,1,4.0,1,,5887,61868,48,False,0,0,0,0,0,2
Josh Dasilva,MID,Brentford,,0,0,0,0,0.0,103,0.00,0.00,0.00,0.00,17,0,0,0.0,0.0,2026-08-30T13:00:00Z,0,,13,0,0,0,0,2,0,0.0,0,1,1,0.0,0,,401,1953,49,False,0,0,0,0,0,2
Frank Onyeka,MID,Coventry City,,0,0,0,0,0.0,104,0.00,0.00,0.00,0.00,13,0,0,0.0,0.0,2026-08-29T14:00:00Z,0,,11,0,0,0,0,2,0,0.1,0,1,0,0.0,0,,3995,9604,49,True,0,0,0,0,0,2
Jaidon Anthony,MID,Brentford,,0,0,4,1,25.9,105,0.06,0.17,0.11,0.09,17,0,0,4.4,3.2,2026-08-30T13:00:00Z,60,,13,0,0,0,0,2,0,0.1,1,1,1,15.0,2,,7521,11066,59,False,1,0,0,1,0,2
Igor Thiago Nascimento Rodrigues,FWD,Brentford,,0,0,2,0,6.2,106,0.01,0.81,0.80,1.46,17,0,0,6.4,2.4,2026-08-30T13:00:00Z,90,,13,0,0,0,0,2,0,9.1,1,1,1,55.0,2,,284742,1037892,78,False,0,0,0,3,1,2
Kaye Furo,FWD,Brentford,,0,0,0,0,0.0,107,0.00,0.00,0.00,0.00,17,0,0,0.0,0.0,2026-08-30T13:00:00Z,0,,13,0,0,0,0,2,0,0.9,0,1,1,0.0,0,,61736,67147,45,False,0,0,0,0,0,2
Callum Wilson,FWD,Brentford,,0,0,3,0,0.1,108,0.00,0.04,0.04,0.00,17,0,0,0.7,0.0,2026-08-30T13:00:00Z,2,,13,0,0,0,0,2,0,0.3,0,1,1,7.0,1,,15657,26644,54,False,0,0,0,1,0,2
Bart Verbruggen,GKP,Brighton,,0,0,-1,0,0.0,109,0.00,0.00,0.00,2.93,16,4,0,1.0,10.2,2026-08-30T13:00:00Z,90,,6,0,0,0,0,2,0,21.6,1,3,4,0.0,0,,771651,613220,45,False,0,0,0,14,0,2
Carl Rushworth,GKP,Coventry City,,0,0,10,0,0.0,110,0.00,0.00,0.00,0.72,13,0,0,1.1,10.6,2026-08-29T14:00:00Z,90,,11,0,0,0,0,2,0,0.8,1,1,0,0.0,2,,23915,59368,45,True,0,1,0,13,0,2
Jason Steele,GKP,Brighton,,0,0,0,0,0.0,111,0.00,0.00,0.00,0.00,16,0,0,0.0,0.0,2026-08-30T13:00:00Z,0,,6,0,0,0,0,2,0,4.1,0,3,4,0.0,0,,147770,121515,40,False,0,0,0,0,0,2
Jan Paul van Hecke,DEF,Spurs,,0,0,9,0,13.7,112,0.03,0.14,0.11,0.72,15,2,0,7.3,26.6,2026-08-29T16:30:00Z,90,,17,0,0,0,0,2,0,6.5,1,2,0,33.0,1,,155401,480775,49,True,0,6,0,4,2,2
Ferdi Kadıoğlu,DEF,Brighton,,0,0,-4,0,16.7,113,0.01,0.03,0.02,2.93,16,4,0,2.8,2.8,2026-08-30T13:00:00Z,90,,6,0,0,0,0,2,0,1.6,1,3,4,8.0,0,,30744,134998,44,False,0,0,0,2,0,2
Olivier Boscagli,DEF,Brighton,,0,0,-2,0,26.6,114,0.11,0.16,0.05,2.93,16,4,0,5.4,16.8,2026-08-30T13:00:00Z,90,,6,0,0,0,0,2,0,0.3,1,3,4,11.0,-1,,16466,11937,45,False,1,3,0,2,0,2
Maxim De Cuyper,DEF,Brighton,,0,0,-2,0,23.7,115,0.05,0.08,0.03,2.93,16,4,0,3.8,8.8,2026-08-30T13:00:00Z,90,,6,0,0,0,0,2,0,27.9,1,3,4,5.0,0,,2734862,409330,50,False,0,2,0,3,0,2
Lewis Dunk,DEF,Brighton,,0,0,-4,0,2.0,116,0.01,0.01,0.00,2.93,16,4,0,1.7,14.8,2026-08-30T13:00:00Z,90,,6,0,0,0,0,2,0,1.5,1,3,4,0.0,-1,,89258,51953,45,False,1,2,0,4,1,2
Diego Coppola,DEF,Brighton,,0,0,0,0,0.0,117,0.00,0.00,0.00,0.00,16,0,0,0.0,0.0,2026-08-30T13:00:00Z,0,,6,0,0,0,0,2,0,0.0,0,3,4,0.0,0,,927,1067,45,False,0,0,0,0,0,2
Igor Julio dos Santos de Paulo,DEF,Brighton,,0,0,0,0,0.0,118,0.00,0.00,0.00,0.00,16,0,0,0.0,0.0,2026-08-30T13:00:00Z,0,,6,0,0,0,0,2,0,0.0,0,3,4,0.0,0,,915,5956,45,False,0,0,0,0,0,2
João Pedro Loureiro da Costa,DEF,Brighton,,0,0,-1,0,0.3,119,0.00,0.00,0.00,0.04,16,0,0,0.0,0.0,2026-08-30T13:00:00Z,10,,6,0,0,0,0,2,0,0.0,0,3,4,0.0,0,,1287,1466,45,False,1,0,0,0,0,2
Michael Svoboda,DEF,Brighton,,0,0,0,0,0.0,120,0.00,0.00,0.00,0.00,16,0,0,0.0,0.0,2026-08-30T13:00:00Z,0,,6,0,0,0,0,2,0,0.1,0,3,4,0.0,0,,4536,4007,50,False,0,0,0,0,0,2
Mitoma Kaoru,MID,Brighton,,0,0,0,0,0.0,121,0.00,0.00,0.00,0.00,16,0,0,0.0,0.0,2026-08-30T13:00:00Z,0,,6,0,0,0,0,2,0,0.0,0,3,4,0.0,0,,566,3123,59,False,0,0,0,0,0,2
Yankuba Minteh,MID,Brighton,,0,0,0,0,0.0,122,0.00,0.00,0.00,0.00,16,0,0,0.0,0.0,2026-08-30T13:00:00Z,0,,6,0,0,0,0,2,0,0.0,0,3,4,0.0,0,,338,6916,58,False,0,0,0,0,0,2
Jack Hinshelwood,MID,Brighton,,0,0,0,0,0.0,123,0.00,0.00,0.00,0.00,16,0,0,0.0,0.0,2026-08-30T13:00:00Z,0,,6,0,0,0,0,2,0,0.6,0,3,4,0.0,0,,147919,216383,59,False,0,0,0,0,0,2
Pascal Groß,MID,Brighton,,1,3,46,0,33.2,124,0.11,0.16,0.05,2.93,16,0,1,10.4,47.8,2026-08-30T13:00:00Z,90,,6,0,0,0,0,2,0,29.4,1,3,4,23.0,13,,2191665,543603,59,False,0,2,0,3,1,2
Georginio Rutter,FWD,Brighton,,0,0,0,0,0.0,125,0.00,0.00,0.00,0.00,16,0,0,0.0,0.0,2026-08-30T13:00:00Z,0,,6,0,0,0,0,2,0,0.5,0,3,4,0.0,0,,34858,76699,53,False,0,0,0,0,0,2
Matt O'Riley,MID,Brighton,,0,0,0,0,0.0,126,0.00,0.00,0.00,0.00,16,0,0,0.0,0.0,2026-08-30T13:00:00Z,0,,6,0,0,0,0,2,0,0.1,0,3,4,0.0,0,,3624,6550,54,False,0,0,0,0,0,2
Diego Gómez Amarilla,MID,Brighton,,1,0,15,0,20.3,127,0.17,0.55,0.38,2.93,16,0,0,6.7,4.6,2026-08-30T13:00:00Z,90,,6,0,0,0,0,2,0,3.9,1,3,4,42.0,5,,335423,302345,50,False,0,1,0,2,2,2
Facundo Buonanotte,MID,Brighton,,0,0,0,0,0.0,128,0.00,0.00,0.00,0.00,16,0,0,0.0,0.0,2026-08-30T13:00:00Z,0,,6,0,0,0,0,2,0,0.0,0,3,4,0.0,0,,0,330,50,False,0,0,0,0,0,2
Yasin Ayari,MID,Brighton,,0,0,0,0,0.0,129,0.00,0.00,0.00,0.00,16,0,0,0.0,0.0,2026-08-30T13:00:00Z,0,,6,0,0,0,0,2,0,0.4,0,3,4,0.0,0,,12775,41705,54,False,0,0,0,0,0,2
Mats Wieffer,DEF,Brighton,,0,0,6,0,9.2,130,0.08,0.11,0.03,2.89,16,4,0,3.4,20.4,2026-08-30T13:00:00Z,79,,6,0,0,0,0,2,0,0.2,1,3,4,4.0,0,,25950,43537,49,False,0,7,0,4,0,2
Carlos Baleba,MID,Man Utd,,0,0,0,0,0.0,131,0.00,0.00,0.00,0.00,18,0,0,0.0,0.0,2026-08-30T15:30:00Z,0,,12,0,0,0,0,2,0,0.1,0,2,5,0.0,0,,6877,14428,49,True,0,0,0,0,0,2
Harry Howell,MID,Brighton,,0,0,0,0,0.0,132,0.00,0.00,0.00,0.00,16,0,0,0.0,0.0,2026-08-30T13:00:00Z,0,,6,0,0,0,0,2,0,0.0,0,3,4,0.0,0,,0,3702,45,False,0,0,0,0,0,2
Tom Watson,MID,Brighton,,0,0,0,0,0.0,133,0.00,0.00,0.00,0.00,16,0,0,0.0,0.0,2026-08-30T13:00:00Z,0,,6,0,0,0,0,2,0,0.0,0,3,4,0.0,0,,0,136,50,False,0,0,0,0,0,2
Nehemiah Oriola,MID,Brighton,,0,0,0,0,0.0,134,0.00,0.00,0.00,0.00,16,0,0,0.0,0.0,2026-08-30T13:00:00Z,0,,6,0,0,0,0,2,0,0.2,0,3,4,0.0,0,,8774,14265,45,False,0,0,0,0,0,2
Zadok Yohanna,MID,Brighton,,0,0,0,0,0.0,135,0.00,0.00,0.00,0.00,16,0,0,0.0,0.0,2026-08-30T13:00:00Z,0,,6,0,0,0,0,2,0,0.0,0,3,4,0.0,0,,1269,5515,48,False,0,0,0,0,0,2
Danny Welbeck,FWD,Chelsea,,0,0,0,0,0.0,136,0.00,0.00,0.00,0.00,16,0,0,0.0,0.0,2026-08-30T13:00:00Z,0,,5,0,0,0,0,2,0,1.0,0,3,4,0.0,0,,62321,83697,59,True,0,0,0,0,0,2
Stefanos Tzimas,FWD,Brighton,,0,0,0,0,0.0,137,0.00,0.00,0.00,0.00,16,0,0,0.0,0.0,2026-08-30T13:00:00Z,0,,6,0,0,0,0,2,0,0.0,0,3,4,0.0,0,,336,755,54,False,0,0,0,0,0,2
Charalampos Kostoulas,FWD,Brighton,,1,0,17,0,15.1,138,0.02,0.19,0.17,2.89,16,0,0,3.7,5.0,2026-08-30T13:00:00Z,79,,6,0,0,0,0,2,0,4.4,1,3,4,17.0,5,,440171,54281,56,False,0,0,0,6,0,2
Evan Ferguson,FWD,Brighton,,0,0,0,0,0.0,139,0.00,0.00,0.00,0.00,16,0,0,0.0,0.0,2026-08-30T13:00:00Z,0,,6,0,0,0,0,2,0,0.0,0,3,4,0.0,0,,1600,2539,50,False,0,0,0,0,0,2
Robert Lynch Sánchez,GKP,Chelsea,,0,0,0,0,0.0,140,0.00,0.00,0.00,0.00,16,0,0,0.0,0.0,2026-08-30T13:00:00Z,0,,5,0,0,0,0,2,0,0.7,0,3,4,0.0,0,,10847,176756,49,True,0,0,0,0,0,2
Filip Jörgensen,GKP,Chelsea,,0,0,0,0,0.0,141,0.00,0.00,0.00,0.00,16,0,0,0.0,0.0,2026-08-30T13:00:00Z,0,,5,0,0,0,0,2,0,0.0,0,3,4,0.0,0,,0,951,50,True,0,0,0,0,0,2
Reece James,DEF,Chelsea,,0,0,-1,0,0.4,142,0.00,0.00,0.00,0.14,16,0,0,0.3,0.4,2026-08-30T13:00:00Z,22,,5,0,0,0,0,2,0,5.8,0,3,4,2.0,1,,168886,604450,53,True,0,0,0,1,0,2
Trevoh Chalobah,DEF,Chelsea,,0,0,0,0,0.0,143,0.00,0.00,0.00,0.00,16,0,0,0.0,0.0,2026-08-30T13:00:00Z,0,,5,0,0,0,0,2,0,0.1,0,3,4,0.0,0,,0,13974,55,True,0,0,0,0,0,2
Malo Gusto,DEF,Chelsea,,0,0,-1,0,0.7,144,0.01,0.01,0.00,1.41,16,3,0,0.9,7.8,2026-08-30T13:00:00Z,90,,5,0,0,0,0,2,0,0.9,1,3,4,0.0,1,,36987,67618,49,True,0,4,0,3,1,2
Wesley Fofana,DEF,Chelsea,,0,0,-2,0,0.9,145,0.01,0.01,0.00,1.26,16,2,0,2.0,19.4,2026-08-30T13:00:00Z,67,,5,0,0,0,0,2,0,0.2,1,3,4,0.0,0,,18838,8324,50,True,1,9,0,0,0,2
Benoît Badiashile Mukinayi,DEF,Chelsea,,0,0,0,0,0.0,146,0.00,0.00,0.00,0.00,16,0,0,0.0,0.0,2026-08-30T13:00:00Z,0,,5,0,0,0,0,2,0,0.0,0,3,4,0.0,0,,232,1944,45,True,0,0,0,0,0,2
Tosin Adarabioyo,DEF,Spurs,,0,0,0,0,0.0,147,0.00,0.00,0.00,0.00,16,0,0,0.0,0.0,2026-08-30T13:00:00Z,0,,6,0,0,0,0,2,0,0.1,0,3,4,0.0,0,,2003,7937,44,False,0,0,0,0,0,2
Jorrel Hato,DEF,Chelsea,,1,0,12,0,20.7,148,0.06,0.06,0.00,1.41,16,3,0,5.1,30.0,2026-08-30T13:00:00Z,90,,5,0,0,0,0,2,0,0.8,1,3,4,0.0,4,,91293,60009,45,True,0,4,0,3,2,2
Levi Samuels Colwill,DEF,Chelsea,,0,0,2,0,0.4,149,0.00,0.00,0.00,1.31,16,2,0,1.4,13.2,2026-08-30T13:00:00Z,71,,5,0,0,0,0,2,0,0.9,1,3,4,0.0,1,,26839,98692,48,True,0,8,0,2,1,2
Mamadou Sarr,DEF,Chelsea,,0,0,0,0,0.0,150,0.00,0.00,0.00,0.00,16,0,0,0.0,0.0,2026-08-30T13:00:00Z,0,,5,0,0,0,0,2,0,0.0,0,3,4,0.0,0,,429,5994,45,True,0,0,0,0,0,2
Josh Acheampong,DEF,Chelsea,,0,0,-1,0,0.1,151,0.00,0.00,0.00,0.14,16,0,0,0.6,6.2,2026-08-30T13:00:00Z,22,,5,0,0,0,0,2,0,0.3,0,3,4,0.0,1,,21158,22600,45,True,0,2,0,0,1,2
Marco Palestra,DEF,Chelsea,,0,0,0,0,0.0,152,0.00,0.00,0.00,0.00,16,0,0,0.0,0.0,2026-08-30T13:00:00Z,0,,5,0,0,0,0,2,0,0.6,0,3,4,0.0,0,,6717,220677,53,True,0,0,0,0,0,2
Axel Disasi,DEF,Crystal Palace,,0,0,-2,0,0.0,153,0.00,0.00,0.00,0.20,11,0,0,0.1,1.2,2026-08-28T19:00:00Z,16,,15,0,0,0,0,2,0,0.1,0,4,1,0.0,1,,9429,10399,45,True,0,0,0,1,1,2
Cole Palmer,MID,Chelsea,,0,0,28,0,25.3,154,0.13,0.79,0.66,1.41,16,0,1,9.2,40.8,2026-08-30T13:00:00Z,90,,5,0,0,0,0,2,0,25.5,1,3,4,26.0,7,,1954762,680980,97,True,0,2,0,4,2,2
Enzo Fernández,MID,Man City,,0,0,0,0,0.0,155,0.00,0.00,0.00,0.00,16,0,0,0.0,0.0,2026-08-30T13:00:00Z,0,,6,0,0,0,0,2,0,3.6,0,3,4,0.0,0,,174562,322764,69,False,0,0,0,0,0,2
Pedro Lomba Neto,MID,Chelsea,,0,0,32,0,25.6,156,0.33,0.74,0.41,1.26,16,0,1,10.9,45.2,2026-08-30T13:00:00Z,67,,5,0,0,0,0,2,0,1.4,1,3,4,38.0,7,,82879,91742,65,True,0,3,0,1,0,2
Estêvão Almeida de Oliveira Gonçalves,MID,Chelsea,,0,0,0,0,0.0,157,0.00,0.00,0.00,0.00,16,0,0,0.0,0.0,2026-08-30T13:00:00Z,0,,5,0,0,0,0,2,0,0.7,0,3,4,0.0,0,,17865,87248,63,True,0,0,0,0,0,2
Jamie Bynoe-Gittens,MID,Chelsea,,0,0,0,0,0.0,158,0.00,0.00,0.00,0.00,16,0,0,0.0,0.0,2026-08-30T13:00:00Z,0,,5,0,0,0,0,2,0,0.0,0,3,4,0.0,0,,1138,2898,58,True,0,0,0,0,0,2
Moisés Caicedo Corozo,MID,Chelsea,,0,0,3,0,0.1,159,0.00,0.00,0.00,0.07,16,0,0,0.0,0.0,2026-08-30T13:00:00Z,13,,5,0,0,0,0,2,0,1.0,0,3,4,0.0,1,,15071,281848,53,True,0,0,0,0,0,2
Alejandro Garnacho Ferreyra,MID,Aston Villa,,0,0,3,0,2.0,160,0.00,0.00,0.00,0.00,20,0,0,0.2,0.2,2026-08-31T19:00:00Z,12,,1,0,0,0,0,2,0,0.3,0,1,0,0.0,1,,7534,41343,58,True,0,0,0,2,0,2
Roméo Lavia,MID,Chelsea,,0,0,32,0,0.8,161,0.00,0.54,0.54,1.26,16,0,1,7.3,39.0,2026-08-30T13:00:00Z,67,,5,0,0,0,0,2,0,0.2,1,3,4,33.0,7,,25839,15666,50,True,0,3,0,3,1,2
Andrey Nascimento dos Santos,MID,Man Utd,,0,0,2,0,0.7,162,0.00,0.00,0.00,1.00,18,0,0,0.7,6.2,2026-08-30T15:30:00Z,10,,12,0,0,0,0,2,0,0.6,0,2,5,0.0,1,,22278,73810,48,True,0,0,0,2,3,2
Dário Luís Essugo,MID,Chelsea,,0,0,0,0,0.0,163,0.00,0.00,0.00,0.00,16,0,0,0.0,0.0,2026-08-30T13:00:00Z,0,,5,0,0,0,0,2,0,0.1,0,3,4,0.0,0,,2698,14474,45,True,0,0,0,0,0,2
Geovany Quenda,MID,Chelsea,,0,0,0,0,0.0,164,0.00,0.00,0.00,0.00,16,0,0,0.0,0.0,2026-08-30T13:00:00Z,0,,5,0,0,0,0,2,0,0.0,0,3,4,0.0,0,,909,3409,53,True,0,0,0,0,0,2
João Pedro Junqueira de Jesus,FWD,Chelsea,,1,2,44,0,22.5,165,0.04,1.27,1.23,1.41,16,0,1,12.1,52.8,2026-08-30T13:00:00Z,90,,5,1,0,0,0,2,0,64.9,1,3,4,46.0,9,,1584711,1486196,77,True,0,0,0,2,1,2
Nicolas Jackson,FWD,Aston Villa,,0,0,11,0,5.9,166,0.10,0.10,0.00,1.01,20,0,0,1.2,4.2,2026-08-31T19:00:00Z,70,,1,0,0,0,0,2,0,1.5,1,1,0,2.0,2,,185165,85835,65,True,0,0,0,3,0,2
Liam Delap,FWD,Nott'm Forest,,0,0,9,0,10.1,167,0.00,0.07,0.07,0.33,14,0,0,2.1,4.0,2026-08-29T11:30:00Z,24,,14,0,0,0,0,2,0,2.7,0,2,2,7.0,1,,313002,83652,56,False,0,0,0,0,0,2
Marc Guiu Paz,FWD,Chelsea,,0,0,0,0,0.0,168,0.00,0.00,0.00,0.00,16,0,0,0.0,0.0,2026-08-30T13:00:00Z,0,,5,0,0,0,0,2,0,0.2,0,3,4,0.0,0,,4102,33363,50,True,0,0,0,0,0,2
Shumaira Mheuka,FWD,Chelsea,,0,0,0,0,0.0,169,0.00,0.00,0.00,0.00,16,0,0,0.0,0.0,2026-08-30T13:00:00Z,0,,5,0,0,0,0,2,0,0.5,0,3,4,0.0,0,,32496,25503,45,True,0,0,0,0,0,2
Emmanuel Emegha,FWD,Chelsea,,0,0,0,0,0.0,170,0.00,0.00,0.00,0.00,16,0,0,0.0,0.0,2026-08-30T13:00:00Z,0,,5,0,0,0,0,2,0,0.1,0,3,4,0.0,0,,6091,12652,49,True,0,0,0,0,0,2
Oliver Dovin,GKP,Coventry City,,0,0,0,0,0.0,171,0.00,0.00,0.00,0.00,13,0,0,0.0,0.0,2026-08-29T14:00:00Z,0,,11,0,0,0,0,2,0,1.0,0,1,0,0.0,0,,8924,58249,40,True,0,0,0,0,0,2
Ben Wilson,GKP,Coventry City,,0,0,0,0,0.0,172,0.00,0.00,0.00,0.00,13,0,0,0.0,0.0,2026-08-29T14:00:00Z,0,,11,0,0,0,0,2,0,0.4,0,1,0,0.0,0,,1426,12434,44,True,0,0,0,0,0,2
Bobby Thomas,DEF,Coventry City,,0,2,28,1,0.7,173,0.01,0.01,0.00,0.18,13,0,0,1.8,17.0,2026-08-29T14:00:00Z,77,,11,0,0,0,0,2,0,8.5,1,1,0,0.0,8,,366248,287355,40,True,0,9,0,6,0,2
Liam Kitching,DEF,Coventry City,,0,0,0,0,0.0,174,0.00,0.00,0.00,0.00,13,0,0,0.0,0.0,2026-08-29T14:00:00Z,0,,11,0,0,0,0,2,0,0.3,0,1,0,0.0,0,,981,33050,40,True,0,0,0,0,0,2
Milan van Ewijk,DEF,Coventry City,,0,0,15,0,33.9,175,0.19,0.19,0.00,0.72,13,0,0,5.5,15.4,2026-08-29T14:00:00Z,90,,11,0,0,0,0,2,0,8.7,1,1,0,6.0,2,,123111,505349,40,True,0,1,0,3,1,2
Jay Dasilva,DEF,Coventry City,,0,0,15,0,7.3,176,0.05,0.23,0.18,0.72,13,0,0,4.0,15.2,2026-08-29T14:00:00Z,90,,11,0,0,0,0,2,0,0.7,1,1,0,17.0,2,,16370,22970,40,True,0,1,0,3,2,2
Kaine Kesler-Hayden,DEF,Coventry City,,0,0,0,0,0.0,177,0.00,0.00,0.00,0.00,13,0,0,0.0,0.0,2026-08-29T14:00:00Z,0,,11,0,0,0,0,2,0,0.0,0,1,0,0.0,0,,1688,3830,39,True,0,0,0,0,0,2
Jake Bidwell,DEF,Coventry City,,0,0,0,0,0.0,178,0.00,0.00,0.00,0.00,13,0,0,0.0,0.0,2026-08-29T14:00:00Z,0,,11,0,0,0,0,2,0,0.1,0,1,0,0.0,0,,2494,3547,40,True,0,0,0,0,0,2
Joel Latibeaudiere,DEF,Coventry City,,0,0,0,0,0.0,179,0.00,0.00,0.00,0.00,13,0,0,0.0,0.0,2026-08-29T14:00:00Z,0,,11,0,0,0,0,2,0,0.0,0,1,0,0.0,0,,987,1746,40,True,0,0,0,0,0,2
Luke Woolfenden,DEF,Coventry City,,0,0,0,0,0.0,180,0.00,0.00,0.00,0.00,13,0,0,0.0,0.0,2026-08-29T14:00:00Z,0,,11,0,0,0,0,2,0,0.1,0,1,0,0.0,0,,2294,9063,39,True,0,0,0,0,0,2
Miguel Brau,DEF,Coventry City,,0,0,0,0,0.0,181,0.00,0.00,0.00,0.00,13,0,0,0.0,0.0,2026-08-29T14:00:00Z,0,,11,0,0,0,0,2,0,0.0,0,1,0,0.0,0,,275,2179,40,True,0,0,0,0,0,2
Aurèle Amenda,DEF,Coventry City,,0,0,4,0,2.1,182,0.04,0.06,0.02,0.72,13,0,0,1.9,11.4,2026-08-29T14:00:00Z,90,,11,0,0,0,0,2,0,0.6,1,1,0,5.0,1,,11487,34085,40,True,1,4,0,1,0,2
Jack Rudoni,MID,Coventry City,,0,0,12,1,27.7,183,0.09,0.15,0.06,0.02,13,0,0,3.9,6.8,2026-08-29T14:00:00Z,70,,11,0,0,0,0,2,0,0.1,1,1,0,4.0,3,,4451,8121,49,True,0,1,0,4,1,2
Matt Grimes,MID,Coventry City,,0,0,14,0,20.9,184,0.04,0.05,0.01,0.72,13,0,0,3.7,14.2,2026-08-29T14:00:00Z,90,,11,0,0,0,0,2,0,0.1,1,1,0,2.0,2,,4094,11307,49,True,0,1,0,9,0,2
Tatsuhiro Sakamoto,MID,Coventry City,,0,0,8,0,5.9,185,0.02,0.04,0.02,0.69,13,0,0,1.9,6.2,2026-08-29T14:00:00Z,31,,11,0,0,0,0,2,0,0.1,0,1,0,7.0,1,,1022,5776,48,True,0,0,0,2,2,2
Ephron Mason-Clark,MID,Coventry City,,0,0,4,0,16.0,186,0.06,0.06,0.00,0.02,13,0,0,2.0,4.2,2026-08-29T14:00:00Z,57,,11,0,0,0,0,2,0,0.1,1,1,0,0.0,1,,1117,5975,53,True,0,2,0,2,0,2
Josh Eccles,MID,Coventry City,,0,0,0,0,0.0,187,0.00,0.00,0.00,0.00,13,0,0,0.0,0.0,2026-08-29T14:00:00Z,0,,11,0,0,0,0,2,0,0.0,0,1,0,0.0,0,,636,1471,48,True,0,0,0,0,0,2
Victor Torp,MID,Coventry City,,0,0,2,0,3.6,188,0.01,0.01,0.00,0.69,13,0,0,0.3,0.0,2026-08-29T14:00:00Z,19,,11,0,0,0,0,2,0,0.1,0,1,0,0.0,1,,797,7995,53,True,0,0,0,2,0,2
George Shepherd,MID,Coventry City,,0,0,0,0,0.0,189,0.00,0.00,0.00,0.00,13,0,0,0.0,0.0,2026-08-29T14:00:00Z,0,,11,0,0,0,0,2,0,0.3,0,1,0,0.0,0,,10906,15490,44,True,0,0,0,0,0,2
Loum Tchaouna,MID,Coventry City,,0,0,7,0,18.5,190,0.13,0.18,0.05,0.02,13,0,0,3.1,7.0,2026-08-29T14:00:00Z,58,,11,0,0,0,0,2,0,0.1,1,1,0,5.0,1,,3143,8249,54,True,0,2,0,3,1,2
Raphael Borges Rodrigues,MID,Coventry City,,0,0,0,0,0.0,191,0.00,0.00,0.00,0.00,13,0,0,0.0,0.0,2026-08-29T14:00:00Z,0,,11,0,0,0,0,2,0,0.1,0,1,0,0.0,0,,1943,11548,45,True,0,0,0,0,0,2
Kai Andrews,MID,Coventry City,,0,0,0,0,0.0,192,0.00,0.00,0.00,0.00,13,0,0,0.0,0.0,2026-08-29T14:00:00Z,0,,11,0,0,0,0,2,0,0.3,0,1,0,0.0,0,,2718,41208,45,True,0,0,0,0,0,2
Haji Wright,FWD,Coventry City,,0,0,0,0,0.0,193,0.00,0.00,0.00,0.00,13,0,0,0.0,0.0,2026-08-29T14:00:00Z,0,,11,0,0,0,0,2,0,0.1,0,1,0,0.0,0,,617,12523,53,True,0,0,0,0,0,2
Brandon Thomas-Asante,FWD,Coventry City,,0,0,5,0,2.0,194,0.00,0.00,0.00,0.69,13,0,0,0.5,1.2,2026-08-29T14:00:00Z,32,,11,0,0,0,0,2,0,0.8,0,1,0,2.0,1,,59474,57349,50,True,0,0,0,2,0,2
Ellis Simms,FWD,Coventry City,,0,0,0,0,0.0,195,0.00,0.00,0.00,0.00,13,0,0,0.0,0.0,2026-08-29T14:00:00Z,0,,11,0,0,0,0,2,0,0.6,0,1,0,0.0,0,,40664,64777,49,True,0,0,0,0,0,2
Jahnoah Markelo,FWD,Coventry City,,0,0,0,0,0.0,196,0.00,0.00,0.00,0.00,13,0,0,0.0,0.0,2026-08-29T14:00:00Z,0,,11,0,0,0,0,2,0,0.0,0,1,0,0.0,0,,0,1190,50,True,0,0,0,0,0,2
Norman Bassette,FWD,Coventry City,,0,0,0,0,0.0,197,0.00,0.00,0.00,0.00,13,0,0,0.0,0.0,2026-08-29T14:00:00Z,0,,11,0,0,0,0,2,0,0.0,0,1,0,0.0,0,,0,2114,45,True,0,0,0,0,0,2
Dean Henderson,GKP,Crystal Palace,,0,0,4,0,0.0,198,0.00,0.00,0.00,2.21,11,4,0,3.0,30.2,2026-08-28T19:00:00Z,90,,15,0,0,0,0,2,4,1.3,1,4,1,0.0,1,,55286,120819,49,True,0,2,0,11,0,2
Walter Benítez,GKP,Crystal Palace,,0,0,0,0,0.0,199,0.00,0.00,0.00,0.00,11,0,0,0.0,0.0,2026-08-28T19:00:00Z,0,,15,0,0,0,0,2,0,0.1,0,4,1,0.0,0,,3821,4825,45,True,0,0,0,0,0,2
Maxence Lacroix,DEF,Chelsea,,0,0,-3,0,0.1,200,0.00,0.02,0.02,1.41,16,3,0,1.9,13.0,2026-08-30T13:00:00Z,90,,5,0,0,0,0,2,0,6.8,1,3,4,6.0,1,,175485,426437,59,True,0,8,0,1,1,2
Daniel Muñoz Mejía,DEF,Nott'm Forest,,0,0,0,0,0.0,201,0.00,0.00,0.00,0.00,11,0,0,0.0,0.0,2026-08-28T19:00:00Z,0,,8,0,0,0,0,2,0,5.7,0,4,1,0.0,0,,158919,485848,54,False,0,0,0,0,0,2
Chris Richards,DEF,Crystal Palace,,0,0,-4,0,0.1,202,0.00,0.04,0.04,2.21,11,4,0,3.2,15.0,2026-08-28T19:00:00Z,90,,15,0,0,0,0,2,0,0.6,1,4,1,17.0,0,,22638,38067,49,True,0,4,0,2,2,2
Jaydee Canvot,DEF,Crystal Palace,,0,0,-1,0,0.5,203,0.00,0.00,0.00,2.21,11,4,0,2.3,22.8,2026-08-28T19:00:00Z,90,,15,0,0,0,0,2,0,0.2,1,4,1,0.0,0,,5795,19574,48,True,0,6,0,1,1,2
Tyrick Mitchell,DEF,Crystal Palace,,0,0,-8,0,21.6,204,0.16,0.27,0.11,2.21,11,4,0,4.0,11.6,2026-08-28T19:00:00Z,90,,15,0,0,0,0,2,0,6.1,1,4,1,7.0,0,,312900,265845,45,True,0,3,0,1,2,2
Borna Sosa,DEF,Crystal Palace,,0,0,0,0,0.0,205,0.00,0.00,0.00,0.00,11,0,0,0.0,0.0,2026-08-28T19:00:00Z,0,,15,0,0,0,0,2,0,0.0,0,4,1,0.0,0,,236,2083,45,True,0,0,0,0,0,2
Chadi Riad Dnanou,DEF,Crystal Palace,,0,0,0,0,0.0,206,0.00,0.00,0.00,0.00,11,0,0,0.0,0.0,2026-08-28T19:00:00Z,0,,15,0,0,0,0,2,0,0.0,0,4,1,0.0,0,,649,5691,43,True,0,0,0,0,0,2
Oscar Mingueza,DEF,Crystal Palace,,0,0,1,0,0.1,207,0.00,0.00,0.00,0.20,11,0,0,0.2,2.2,2026-08-28T19:00:00Z,15,,15,0,0,0,0,2,0,0.1,0,4,1,0.0,1,,2004,4853,44,True,0,0,0,0,1,2
Ismaïla Sarr,MID,Crystal Palace,,0,0,0,0,0.0,208,0.00,0.00,0.00,0.00,11,0,0,0.0,0.0,2026-08-28T19:00:00Z,0,,15,0,0,0,0,2,0,0.6,0,4,1,0.0,0,,6756,376808,62,True,0,0,0,0,0,2
Brennan Johnson,MID,Everton,,0,0,1,0,0.0,209,0.00,0.00,0.00,1.58,12,0,0,0.1,1.2,2026-08-29T14:00:00Z,28,,3,0,0,0,0,2,0,0.1,0,1,1,0.0,1,,5353,10470,59,False,0,0,0,1,1,2
Adam Wharton,MID,Crystal Palace,,0,0,21,0,24.7,210,0.07,0.07,0.00,2.21,11,0,0,4.1,16.2,2026-08-28T19:00:00Z,90,,15,0,0,0,0,2,0,0.7,1,4,1,0.0,2,,29629,48730,54,True,0,0,0,3,4,2
Yéremy Pino Santos,MID,Crystal Palace,,1,0,27,0,34.2,211,0.07,0.12,0.05,2.01,11,0,0,5.4,10.8,2026-08-28T19:00:00Z,67,,15,0,0,0,0,2,0,0.3,1,4,1,9.0,5,,45280,31220,55,True,0,2,0,6,2,2
Will Hughes,MID,Crystal Palace,,0,0,0,0,0.0,212,0.00,0.00,0.00,0.00,11,0,0,0.0,0.0,2026-08-28T19:00:00Z,0,,15,0,0,0,0,2,0,7.3,0,4,1,0.0,0,,122853,485354,44,True,0,0,0,0,0,2
Jefferson Lerma Solís,MID,Crystal Palace,,0,0,0,0,0.0,213,0.00,0.00,0.00,0.00,11,0,0,0.0,0.0,2026-08-28T19:00:00Z,0,,15,0,0,0,0,2,0,0.1,0,4,1,0.0,0,,1302,5579,48,True,0,0,0,0,0,2
Daichi Kamada,MID,Crystal Palace,,0,0,21,0,2.8,214,0.02,0.07,0.05,2.21,11,0,0,2.7,17.6,2026-08-28T19:00:00Z,90,,15,0,0,0,0,2,0,0.5,1,4,1,7.0,2,,50210,24845,50,True,0,1,0,2,6,2
Justin Devenny,MID,Crystal Palace,,0,0,0,0,0.0,215,0.00,0.00,0.00,0.00,11,0,0,0.0,0.0,2026-08-28T19:00:00Z,0,,15,0,0,0,0,2,0,0.0,0,4,1,0.0,0,,132,951,50,True,0,0,0,0,0,2
Romain Esse,MID,Crystal Palace,,0,0,0,0,0.0,216,0.00,0.00,0.00,0.00,11,0,0,0.0,0.0,2026-08-28T19:00:00Z,0,,15,0,0,0,0,2,0,0.0,0,4,1,0.0,0,,399,3244,50,True,0,0,0,0,0,2
Matheus França de Oliveira,MID,Crystal Palace,,0,0,0,0,0.0,217,0.00,0.00,0.00,0.00,11,0,0,0.0,0.0,2026-08-28T19:00:00Z,0,,15,0,0,0,0,2,0,0.0,0,4,1,0.0,0,,1007,3446,49,True,0,0,0,0,0,2
Cheick Doucouré,MID,Crystal Palace,,0,0,0,0,0.0,218,0.00,0.00,0.00,0.00,11,0,0,0.0,0.0,2026-08-28T19:00:00Z,0,,15,0,0,0,0,2,0,0.0,0,4,1,0.0,0,,2092,4471,48,True,0,0,0,0,0,2
Jesurun Rak-Sakyi,MID,Crystal Palace,,0,0,0,0,0.0,219,0.00,0.00,0.00,0.00,11,0,0,0.0,0.0,2026-08-28T19:00:00Z,0,,15,0,0,0,0,2,0,0.0,0,4,1,0.0,0,,145,470,49,True,0,0,0,0,0,2
Rio Cardines,DEF,Crystal Palace,,0,0,0,0,0.0,220,0.00,0.00,0.00,0.00,11,0,0,0.0,0.0,2026-08-28T19:00:00Z,0,,15,0,0,0,0,2,0,0.0,0,4,1,0.0,0,,0,128,45,True,0,0,0,0,0,2
Joél Drakes-Thomas,MID,Crystal Palace,,0,0,0,0,0.0,221,0.00,0.00,0.00,0.00,11,0,0,0.0,0.0,2026-08-28T19:00:00Z,0,,15,0,0,0,0,2,0,0.1,0,4,1,0.0,0,,2703,4693,44,True,0,0,0,0,0,2
Jørgen Strand Larsen,FWD,Crystal Palace,,0,0,13,0,0.3,222,0.00,0.05,0.05,2.01,11,0,0,1.0,5.2,2026-08-28T19:00:00Z,62,,15,0,0,0,0,2,0,0.7,1,4,1,4.0,2,,50670,41239,60,True,0,2,0,1,1,2
Jean-Philippe Mateta,FWD,Crystal Palace,,0,0,0,0,0.0,223,0.00,0.00,0.00,0.00,11,0,0,0.0,0.0,2026-08-28T19:00:00Z,0,,15,0,0,0,0,2,0,1.3,0,4,1,0.0,0,,25986,455100,63,True,0,0,0,0,0,2
Eddie Nketiah,FWD,Crystal Palace,,0,0,8,0,10.6,224,0.00,0.36,0.36,2.01,11,0,0,2.1,2.6,2026-08-28T19:00:00Z,67,,15,0,0,0,0,2,0,0.5,1,4,1,8.0,2,,47363,50163,55,True,0,1,0,3,2,2
Christantus Uche,FWD,Crystal Palace,,0,0,0,0,0.0,225,0.00,0.00,0.00,0.00,11,0,0,0.0,0.0,2026-08-28T19:00:00Z,0,,15,0,0,0,0,2,0,0.0,0,4,1,0.0,0,,0,0,50,True,0,0,0,0,0,2
Jordan Pickford,GKP,Everton,,0,0,22,0,0.0,226,0.00,0.00,0.00,2.16,12,0,0,3.2,31.6,2026-08-29T14:00:00Z,90,,3,0,0,0,0,2,4,9.1,1,1,1,0.0,3,,297990,237193,55,False,0,4,0,11,0,2
Mark Travers,GKP,Everton,,0,0,0,0,0.0,227,0.00,0.00,0.00,0.00,12,0,0,0.0,0.0,2026-08-29T14:00:00Z,0,,3,0,0,0,0,2,0,0.0,0,1,1,0.0,0,,1822,2138,50,False,0,0,0,0,0,2
Tom King,GKP,Everton,,0,0,0,0,0.0,228,0.00,0.00,0.00,0.00,12,0,0,0.0,0.0,2026-08-29T14:00:00Z,0,,3,0,0,0,0,2,0,0.0,0,1,1,0.0,0,,1189,1749,45,False,0,0,0,0,0,2
James Tarkowski,DEF,Everton,,0,2,27,0,11.3,229,0.01,0.11,0.10,2.16,12,0,1,8.5,54.8,2026-08-29T14:00:00Z,90,,3,0,0,0,0,2,0,16.7,1,1,1,19.0,12,,957082,287322,62,False,0,9,10,3,1,2
Jarrad Branthwaite,DEF,Everton,,0,0,6,0,1.5,230,0.01,0.10,0.09,2.16,12,0,0,5.7,22.6,2026-08-29T14:00:00Z,90,,3,0,0,0,0,2,0,2.4,1,1,1,33.0,4,,141547,72405,55,False,0,11,12,3,1,2
Michael Keane,DEF,Everton,,0,0,0,0,0.0,231,0.00,0.00,0.00,0.00,12,0,0,0.0,0.0,2026-08-29T14:00:00Z,0,,3,0,0,0,0,2,0,0.7,0,1,1,0.0,0,,9327,90836,48,False,0,0,0,0,0,2
Jake O'Brien,DEF,Everton,,0,0,0,0,0.0,232,0.00,0.00,0.00,0.00,12,0,0,0.0,0.0,2026-08-29T14:00:00Z,0,,3,0,0,0,0,2,0,0.3,0,1,1,0.0,0,,4616,24698,48,False,0,0,0,0,0,2
Vitalii Mykolenko,DEF,Everton,,0,0,7,0,1.0,233,0.01,0.01,0.00,2.16,12,0,0,3.8,36.8,2026-08-29T14:00:00Z,90,,3,0,0,0,0,2,0,4.1,1,1,1,0.0,4,,412864,122640,46,False,0,11,12,7,1,2
Nathan Patterson,DEF,Everton,,0,0,0,0,0.0,234,0.00,0.00,0.00,0.00,12,0,0,0.0,0.0,2026-08-29T14:00:00Z,0,,3,0,0,0,0,2,0,0.0,0,1,1,0.0,0,,371,2447,45,False,0,0,0,0,0,2
Adam Aznou,DEF,Everton,,0,0,0,0,0.0,235,0.00,0.00,0.00,0.00,12,0,0,0.0,0.0,2026-08-29T14:00:00Z,0,,3,0,0,0,0,2,0,0.1,0,1,1,0.0,0,,1728,11186,40,False,0,0,0,0,0,2
Kiernan Dewsbury-Hall,MID,Everton,,0,0,24,0,52.3,236,0.16,0.22,0.06,2.16,12,0,0,8.1,19.4,2026-08-29T14:00:00Z,90,,3,0,0,0,0,2,0,5.9,1,1,1,9.0,2,,586283,329480,66,False,0,0,0,7,3,2
Iliman Ndiaye,MID,Man City,,0,0,16,0,14.5,237,0.07,0.09,0.02,2.16,12,0,0,3.7,12.6,2026-08-29T14:00:00Z,90,,3,0,0,0,0,2,0,6.7,1,1,1,10.0,4,,298391,1139924,58,False,0,5,13,7,1,2
Jack Grealish,MID,Everton,,0,0,0,0,0.0,238,0.00,0.00,0.00,0.00,11,0,0,0.0,0.0,2026-08-28T19:00:00Z,0,,8,0,0,0,0,2,0,0.5,0,4,1,0.0,0,,41121,23432,65,False,0,0,0,0,0,2
James Garner,MID,Everton,,0,0,9,0,1.1,239,0.00,0.00,0.00,0.58,12,0,0,0.5,3.4,2026-08-29T14:00:00Z,61,,3,0,0,0,0,2,0,0.2,1,1,1,0.0,1,,21359,14055,60,False,1,0,0,7,3,2
Tim Iroegbunam,MID,Hull City,,0,0,2,0,0.0,240,0.00,0.00,0.00,0.00,12,0,0,0.0,0.0,2026-08-29T14:00:00Z,4,,3,0,0,0,0,2,0,0.0,0,1,1,0.0,1,,1118,1159,50,False,0,0,0,0,0,2
Dwight McNeil,MID,Crystal Palace,,0,0,2,0,0.3,241,0.00,0.00,0.00,0.20,11,0,0,0.1,0.4,2026-08-28T19:00:00Z,22,,15,0,0,0,0,2,0,0.1,0,4,1,0.0,1,,1792,8246,53,True,0,1,0,1,0,2
Tyrique George,MID,Everton,,0,0,12,0,12.2,242,0.01,0.06,0.05,0.58,12,0,0,3.4,6.0,2026-08-29T14:00:00Z,61,,3,0,0,0,0,2,0,0.9,1,1,1,16.0,2,,107276,43017,55,False,0,0,0,1,1,2
Carlos Alcaraz Durán,MID,Everton,,0,0,-2,0,0.5,243,0.02,0.05,0.03,0.00,12,0,0,0.5,0.0,2026-08-29T14:00:00Z,4,,3,0,0,0,0,2,0,0.1,0,1,1,8.0,0,,2866,5854,49,False,1,0,0,0,0,2
Harrison Armstrong,MID,Everton,,0,0,12,0,12.3,244,0.03,0.03,0.00,2.16,12,0,0,2.4,11.2,2026-08-29T14:00:00Z,86,,3,0,0,0,0,2,0,0.4,1,1,1,0.0,2,,53975,32820,50,False,0,3,0,3,3,2
Tyler Dibling,MID,Everton,,0,0,0,0,0.0,245,0.00,0.00,0.00,0.00,12,0,0,0.0,0.0,2026-08-29T14:00:00Z,0,,3,0,0,0,0,2,0,0.0,0,1,1,0.0,0,,1177,2660,54,False,0,0,0,0,0,2
Merlin Röhl,MID,Everton,,0,0,13,0,2.3,246,0.01,0.01,0.00,2.16,12,0,0,1.1,8.4,2026-08-29T14:00:00Z,85,,3,0,0,0,0,2,0,0.0,1,1,1,0.0,2,,1963,4711,49,False,0,2,0,4,3,2
Hayden Hackney,MID,Everton,,0,0,3,0,1.4,247,0.01,0.01,0.00,1.58,12,0,0,1.1,7.8,2026-08-29T14:00:00Z,28,,3,0,0,0,0,2,0,0.2,0,1,1,2.0,1,,3760,11986,54,False,0,2,0,1,0,2
Norberto Bercique Gomes Betuncal,FWD,Everton,,0,0,2,0,0.3,248,0.00,0.04,0.04,1.58,12,0,0,0.6,3.0,2026-08-29T14:00:00Z,20,,3,0,0,0,0,2,0,0.6,0,1,1,3.0,1,,16222,220012,54,False,0,1,0,0,0,2
Thierno Barry,FWD,Everton,,0,0,6,0,11.7,249,0.00,1.48,1.48,0.58,12,0,0,8.0,10.0,2026-08-29T14:00:00Z,69,,3,0,0,0,0,2,0,8.3,1,1,1,58.0,2,,972888,360765,57,False,0,2,0,1,0,2
Bernd Leno,GKP,Fulham,,0,0,11,0,0.0,250,0.00,0.00,0.00,2.02,19,0,0,1.9,19.2,2026-08-30T13:00:00Z,90,,20,0,0,0,0,2,3,3.4,1,0,1,0.0,3,,154950,103757,45,False,0,2,0,8,0,2
Benjamin Lecomte,GKP,Fulham,,0,0,0,0,0.0,251,0.00,0.00,0.00,0.00,19,0,0,0.0,0.0,2026-08-30T13:00:00Z,0,,20,0,0,0,0,2,0,1.1,0,0,1,0.0,0,,25412,26138,40,False,0,0,0,0,0,2
Alfie McNally,GKP,Fulham,,0,0,0,0,0.0,252,0.00,0.00,0.00,0.00,19,0,0,0.0,0.0,2026-08-30T13:00:00Z,0,,20,0,0,0,0,2,0,0.1,0,0,1,0.0,0,,2589,6624,40,False,0,0,0,0,0,2
Joachim Andersen,DEF,Fulham,,0,0,4,0,12.9,253,0.04,0.04,0.00,2.02,19,0,0,3.3,17.8,2026-08-30T13:00:00Z,90,,20,0,0,0,0,2,0,0.2,1,0,1,2.0,1,,14784,9284,50,False,1,8,0,2,0,2
Antonee Robinson,DEF,Fulham,,0,0,10,0,4.6,254,0.02,0.02,0.00,2.02,19,0,0,1.4,9.8,2026-08-30T13:00:00Z,90,,20,0,0,0,0,2,0,1.5,1,0,1,0.0,2,,60277,71320,45,False,0,0,0,2,3,2
Jorge Cuenca Barreno,DEF,Fulham,,0,0,0,0,0.0,255,0.00,0.00,0.00,0.00,19,0,0,0.0,0.0,2026-08-30T13:00:00Z,0,,20,0,0,0,0,2,0,0.0,0,0,1,0.0,0,,1548,2014,45,False,0,0,0,0,0,2
Kenny Tete,DEF,Fulham,,0,0,0,0,0.0,256,0.00,0.00,0.00,0.00,19,0,0,0.0,0.0,2026-08-30T13:00:00Z,0,,20,0,0,0,0,2,0,0.2,0,0,1,0.0,0,,1397,10522,44,False,0,0,0,0,0,2
Calvin Bassey,DEF,Fulham,,0,0,13,0,2.6,257,0.01,0.01,0.00,2.02,19,0,0,2.2,19.4,2026-08-30T13:00:00Z,90,,20,0,0,0,0,2,0,0.7,1,0,1,0.0,2,,27563,30194,45,False,0,6,0,6,1,2
Timothy Castagne,DEF,Fulham,,0,0,18,1,0.7,258,0.00,0.00,0.00,0.26,19,0,0,0.0,0.0,2026-08-30T13:00:00Z,67,,20,0,0,0,0,2,0,1.0,1,0,1,0.0,6,,92731,44059,45,False,0,1,0,2,1,2
Issa Diop,DEF,Ipswich Town,,0,0,7,0,0.3,259,0.00,0.00,0.00,4.77,18,5,0,4.1,40.8,2026-08-30T15:30:00Z,90,,16,0,0,0,0,2,0,12.6,1,2,5,0.0,2,,136650,511318,40,False,0,12,12,4,0,2
Harry Wilson,MID,Leeds,,0,0,7,0,12.1,260,0.04,0.05,0.01,1.13,17,0,0,2.7,8.4,2026-08-30T13:00:00Z,45,,4,0,0,0,0,2,0,1.6,0,1,1,6.0,1,,29048,459181,62,True,0,2,0,3,1,2
Alex Iwobi,MID,Fulham,,0,0,20,0,35.5,261,0.40,0.41,0.01,2.02,19,0,0,5.0,12.0,2026-08-30T13:00:00Z,90,,20,0,0,0,0,2,0,0.7,1,0,1,2.0,2,,22858,55851,54,False,0,1,0,2,1,2
Emile Smith Rowe,MID,Fulham,,0,0,5,0,22.8,262,0.02,0.08,0.06,0.41,19,0,0,3.5,5.2,2026-08-30T13:00:00Z,14,,20,0,0,0,0,2,0,0.2,0,0,1,7.0,1,,4526,21051,53,False,0,0,0,1,0,2
Kevin Santos Lopes de Macedo,MID,Fulham,,0,0,2,0,1.5,263,0.04,0.04,0.00,0.17,19,0,0,0.1,0.0,2026-08-30T13:00:00Z,7,,20,0,0,0,0,2,0,0.0,0,0,1,0.0,1,,2014,4240,53,False,0,0,0,0,0,2
Oscar Bobb,MID,Fulham,,0,0,8,1,12.4,264,0.01,0.01,0.00,0.26,19,0,0,2.5,7.0,2026-08-30T13:00:00Z,67,,20,0,0,0,0,2,0,0.3,1,0,1,6.0,3,,16680,21029,55,False,0,1,0,2,2,2
Sander Berge,MID,Fulham,,0,0,14,0,27.9,265,0.20,0.20,0.00,1.85,19,0,0,3.6,6.0,2026-08-30T13:00:00Z,82,,20,0,0,0,0,2,0,0.3,1,0,1,2.0,2,,6416,18126,49,False,0,0,0,2,0,2
Tom Cairney,MID,Fulham,,0,0,0,0,0.0,266,0.00,0.00,0.00,0.00,19,0,0,0.0,0.0,2026-08-30T13:00:00Z,0,,20,0,0,0,0,2,0,0.0,0,0,1,0.0,0,,111,332,49,False,0,0,0,0,0,2
Saša Lukić,MID,Ipswich Town,,0,0,11,0,11.9,267,0.02,0.04,0.02,3.91,18,0,0,3.1,17.4,2026-08-30T15:30:00Z,72,,16,0,0,0,0,2,0,0.1,1,2,5,2.0,1,,3445,6513,49,False,1,7,0,1,3,2
Josh King,MID,Fulham,,0,0,8,0,4.5,268,0.03,0.50,0.47,2.02,19,0,0,3.6,10.6,2026-08-30T13:00:00Z,90,,20,0,0,0,0,2,0,2.7,1,0,1,21.0,2,,345122,99030,55,False,0,1,0,1,2,2
Ryan Sessegnon,DEF,Fulham,,0,0,3,0,11.0,269,0.12,0.14,0.02,1.77,19,0,0,2.8,8.6,2026-08-30T13:00:00Z,22,,20,0,0,0,0,2,0,0.3,0,0,1,8.0,1,,2772,19065,43,False,0,0,0,1,1,2
Harrison Reed,MID,Fulham,,0,0,0,0,0.0,270,0.00,0.00,0.00,0.00,19,0,0,0.0,0.0,2026-08-30T13:00:00Z,0,,20,0,0,0,0,2,0,1.1,0,0,1,0.0,0,,36414,73445,44,False,0,0,0,0,0,2
Rodrigo Muniz Carvalho,FWD,Fulham,,0,0,0,0,0.0,271,0.00,0.00,0.00,0.00,19,0,0,0.0,0.0,2026-08-30T13:00:00Z,0,,20,0,0,0,0,2,0,0.4,0,0,1,0.0,0,,16195,35253,54,False,0,0,0,0,0,2
Jonah Kusi-Asare,FWD,Fulham,,0,0,0,0,0.0,272,0.00,0.00,0.00,0.00,19,0,0,0.0,0.0,2026-08-30T13:00:00Z,0,,20,0,0,0,0,2,0,5.4,0,0,1,0.0,0,,161107,302816,45,False,0,0,0,0,0,2
Dillon Phillips,GKP,Hull City,,0,0,0,0,0.0,273,0.00,0.00,0.00,0.00,13,0,0,0.0,0.0,2026-08-29T14:00:00Z,0,,7,0,0,0,0,2,0,1.4,0,1,0,0.0,0,,29328,38654,40,False,0,0,0,0,0,2
Jack Butland,GKP,Hull City,,0,0,0,0,0.0,274,0.00,0.00,0.00,0.00,13,0,0,0.0,0.0,2026-08-29T14:00:00Z,0,,7,0,0,0,0,2,0,0.1,0,1,0,0.0,0,,639,4947,44,False,0,0,0,0,0,2
Harvey Cartwright,GKP,Hull City,,0,0,0,0,0.0,275,0.00,0.00,0.00,0.00,13,0,0,0.0,0.0,2026-08-29T14:00:00Z,0,,7,0,0,0,0,2,0,0.0,0,1,0,0.0,0,,0,331,40,False,0,0,0,0,0,2
Thimothée Lo-Tutala,GKP,Hull City,,0,0,0,0,0.0,276,0.00,0.00,0.00,0.00,13,0,0,0.0,0.0,2026-08-29T14:00:00Z,0,,7,0,0,0,0,2,0,0.0,0,1,0,0.0,0,,0,1113,40,False,0,0,0,0,0,2
John Egan,DEF,Hull City,,0,1,25,1,0.4,277,0.00,0.00,0.00,1.29,13,0,0,2.4,23.8,2026-08-29T14:00:00Z,90,,7,0,0,0,0,2,0,7.0,1,1,0,0.0,9,,752052,218267,41,False,0,12,13,1,1,2
Charlie Hughes,DEF,Hull City,,0,0,0,0,0.0,278,0.00,0.00,0.00,0.00,13,0,0,0.0,0.0,2026-08-29T14:00:00Z,0,,7,0,0,0,0,2,0,0.2,0,1,0,0.0,0,,16939,13004,39,False,0,0,0,0,0,2
Semi Ajayi,DEF,Hull City,,0,0,24,1,0.8,279,0.00,0.00,0.00,1.29,13,0,0,1.6,15.6,2026-08-29T14:00:00Z,90,,7,0,0,0,0,2,0,13.9,1,1,0,0.0,6,,1357386,312753,42,False,0,5,0,5,2,2
Lewie Coyle,DEF,Hull City,,0,0,2,0,0.3,280,0.00,0.00,0.00,1.09,13,0,0,0.5,4.6,2026-08-29T14:00:00Z,45,,7,0,0,0,0,2,0,0.7,1,1,0,0.0,0,,27755,26004,40,False,1,4,0,1,0,2
Cody Drameh,DEF,Hull City,,0,0,4,0,0.4,281,0.00,0.00,0.00,0.20,13,0,0,0.5,4.2,2026-08-29T14:00:00Z,45,,7,0,0,0,0,2,0,0.0,0,1,0,0.0,1,,2118,4516,40,False,0,3,0,2,0,2
Ryan Giles,DEF,Hull City,,0,0,21,1,15.0,282,0.07,0.07,0.00,1.29,13,0,0,2.7,9.6,2026-08-29T14:00:00Z,90,,7,0,0,0,0,2,0,2.9,1,1,0,2.0,6,,279310,67028,40,False,0,1,0,4,1,2
Matty Jacob,DEF,Hull City,,0,0,0,0,0.0,283,0.00,0.00,0.00,0.00,13,0,0,0.0,0.0,2026-08-29T14:00:00Z,0,,7,0,0,0,0,2,0,0.0,0,1,0,0.0,0,,114,696,40,False,0,0,0,0,0,2
Cathal McCarthy,DEF,Hull City,,0,0,0,0,0.0,284,0.00,0.00,0.00,0.00,13,0,0,0.0,0.0,2026-08-29T14:00:00Z,0,,7,0,0,0,0,2,0,0.1,0,1,0,0.0,0,,4947,4611,40,False,0,0,0,0,0,2
Paddy McNair,DEF,Hull City,,0,0,0,0,0.0,285,0.00,0.00,0.00,0.00,13,0,0,0.0,0.0,2026-08-29T14:00:00Z,0,,7,0,0,0,0,2,0,0.1,0,1,0,0.0,0,,3154,4742,40,False,0,0,0,0,0,2
Mohamed Belloumi,MID,Hull City,,1,0,23,1,12.1,286,0.02,0.14,0.12,1.11,13,0,0,4.6,23.2,2026-08-29T14:00:00Z,82,,7,0,0,0,0,2,0,5.2,1,1,0,11.0,6,,511325,87402,51,False,0,3,0,5,2,2
Liam Millar,MID,Hull City,,0,0,24,0,0.8,287,0.00,0.58,0.58,0.20,13,0,1,4.8,34.0,2026-08-29T14:00:00Z,31,,7,0,0,0,0,2,0,0.0,0,1,0,13.0,6,,3178,7541,50,False,0,1,0,0,0,2
Kieran Dowell,MID,Hull City,,0,0,0,0,0.0,288,0.00,0.00,0.00,0.00,13,0,0,0.0,0.0,2026-08-29T14:00:00Z,0,,7,0,0,0,0,2,0,0.3,0,1,0,0.0,0,,12388,21704,44,False,0,0,0,0,0,2
Matt Crooks,MID,Hull City,,0,0,0,0,0.0,289,0.00,0.00,0.00,0.00,13,0,0,0.0,0.0,2026-08-29T14:00:00Z,0,,7,0,0,0,0,2,0,0.5,0,1,0,0.0,0,,24663,40674,44,False,0,0,0,0,0,2
Regan Slater,MID,Hull City,,0,0,6,1,2.8,290,0.01,0.01,0.00,1.29,13,0,0,1.5,9.8,2026-08-29T14:00:00Z,90,,7,0,0,0,0,2,0,5.2,1,1,0,2.0,2,,499690,280825,45,False,1,2,0,4,4,2
Eliot Matazo,MID,Hull City,,0,0,0,0,0.0,291,0.00,0.00,0.00,0.00,13,0,0,0.0,0.0,2026-08-29T14:00:00Z,0,,7,0,0,0,0,2,0,0.0,0,1,0,0.0,0,,384,498,45,False,0,0,0,0,0,2
Abdülkadir Ömür,MID,Hull City,,0,0,0,0,0.0,292,0.00,0.00,0.00,0.00,13,0,0,0.0,0.0,2026-08-29T14:00:00Z,0,,7,0,0,0,0,2,0,0.0,0,1,0,0.0,0,,1208,1633,49,False,0,0,0,0,0,2
Abu Kamara,MID,Hull City,,0,0,0,0,0.0,293,0.00,0.00,0.00,0.00,13,0,0,0.0,0.0,2026-08-29T14:00:00Z,0,,7,0,0,0,0,2,0,0.0,0,1,0,0.0,0,,0,375,50,False,0,0,0,0,0,2
Óscar Zambrano,MID,Hull City,,0,0,0,0,0.0,294,0.00,0.00,0.00,0.00,13,0,0,0.0,0.0,2026-08-29T14:00:00Z,0,,7,0,0,0,0,2,0,0.1,0,1,0,0.0,0,,3886,6840,45,False,0,0,0,0,0,2
Oli McBurnie,FWD,Hull City,,0,0,7,0,13.3,295,0.01,0.01,0.00,1.29,13,0,0,2.2,0.8,2026-08-29T14:00:00Z,90,,7,0,0,0,0,2,0,1.9,1,1,0,8.0,1,,189768,154336,55,False,1,0,0,4,0,2
David Akintola,MID,Hull City,,0,0,0,0,0.0,296,0.00,0.00,0.00,0.00,13,0,0,0.0,0.0,2026-08-29T14:00:00Z,0,,7,0,0,0,0,2,0,0.0,0,1,0,0.0,0,,2704,4897,50,False,0,0,0,0,0,2
Darko Gyabi,MID,Hull City,,0,0,0,0,0.0,297,0.00,0.00,0.00,0.00,13,0,0,0.0,0.0,2026-08-29T14:00:00Z,0,,7,0,0,0,0,2,0,0.0,0,1,0,0.0,0,,457,1621,44,False,0,0,0,0,0,2
Enis Destan,FWD,Hull City,,0,0,0,0,0.0,298,0.00,0.00,0.00,0.00,13,0,0,0.0,0.0,2026-08-29T14:00:00Z,0,,7,0,0,0,0,2,0,0.2,0,1,0,0.0,0,,0,22396,45,False,0,0,0,0,0,2
Mason Burstow,FWD,Hull City,,0,0,0,0,0.0,299,0.00,0.00,0.00,0.00,13,0,0,0.0,0.0,2026-08-29T14:00:00Z,0,,7,0,0,0,0,2,0,0.0,0,1,0,0.0,0,,0,3080,45,False,0,0,0,0,0,2
Christian Walton,GKP,Ipswich Town,,0,0,0,0,0.0,300,0.00,0.00,0.00,0.00,18,0,0,0.0,0.0,2026-08-30T15:30:00Z,0,,16,0,0,0,0,2,0,0.4,0,2,5,0.0,0,,3569,15062,44,False,0,0,0,0,0,2
Alex Palmer,GKP,Ipswich Town,,0,0,0,0,0.0,301,0.00,0.00,0.00,0.00,18,0,0,0.0,0.0,2026-08-30T15:30:00Z,0,,16,0,0,0,0,2,0,3.9,0,2,5,0.0,0,,74859,113900,40,False,0,0,0,0,0,2
David Button,GKP,Ipswich Town,,0,0,0,0,0.0,302,0.00,0.00,0.00,0.00,18,0,0,0.0,0.0,2026-08-30T15:30:00Z,0,,16,0,0,0,0,2,0,0.6,0,2,5,0.0,0,,31576,15277,40,False,0,0,0,0,0,2
Cédric Kipré,DEF,Ipswich Town,,0,0,0,0,0.0,303,0.00,0.00,0.00,0.00,18,0,0,0.0,0.0,2026-08-30T15:30:00Z,0,,16,0,0,0,0,2,0,0.9,0,2,5,0.0,0,,49376,29394,39,False,0,0,0,0,0,2
Dara O'Shea,DEF,Ipswich Town,,0,0,-14,0,0.8,304,0.01,0.08,0.07,4.77,18,5,0,0.9,0.0,2026-08-30T15:30:00Z,90,,16,0,0,0,0,2,0,2.7,1,2,5,9.0,0,,65607,128841,40,False,0,1,0,2,0,2
Leif Davis,DEF,Ipswich Town,,0,0,1,0,14.7,305,0.12,0.66,0.54,4.77,18,5,1,11.2,47.0,2026-08-30T15:30:00Z,90,,16,0,0,0,0,2,0,7.0,1,2,5,50.0,6,,375542,187600,40,False,0,4,0,1,0,2
Jacob Greaves,DEF,Ipswich Town,,0,0,-13,0,1.3,306,0.01,0.01,0.00,4.77,18,5,0,2.0,18.4,2026-08-30T15:30:00Z,90,,16,1,0,0,0,2,0,1.1,1,2,5,0.0,-1,,8251,38460,40,False,1,9,10,4,1,2
Ben Johnson,DEF,Ipswich Town,,0,0,0,0,0.0,307,0.00,0.00,0.00,0.00,18,0,0,0.0,0.0,2026-08-30T15:30:00Z,0,,16,0,0,0,0,2,0,0.1,0,2,5,0.0,0,,1137,6330,40,False,0,0,0,0,0,2
Darnell Furlong,DEF,Ipswich Town,,0,0,-1,0,0.5,308,0.00,0.00,0.00,0.86,18,0,0,0.6,5.0,2026-08-30T15:30:00Z,17,,16,0,0,0,0,2,0,0.6,0,2,5,0.0,1,,19342,19926,39,False,0,2,0,0,1,2
Marcelino Núñez,MID,Ipswich Town,,0,0,6,0,12.1,309,0.02,0.02,0.00,2.85,18,0,0,2.6,11.6,2026-08-30T15:30:00Z,61,,16,0,0,0,0,2,0,0.1,1,2,5,2.0,2,,3119,7710,49,False,0,4,0,4,1,2
Azor Matusiwa,MID,Ipswich Town,,0,0,0,0,0.0,310,0.00,0.00,0.00,0.00,18,0,0,0.0,0.0,2026-08-30T15:30:00Z,0,,16,0,0,0,0,2,0,0.0,0,2,5,0.0,0,,127,280,49,False,0,0,0,0,0,2
Wes Burns,MID,Ipswich Town,,0,0,0,0,0.0,311,0.00,0.00,0.00,0.00,18,0,0,0.0,0.0,2026-08-30T15:30:00Z,0,,16,0,0,0,0,2,0,0.0,0,2,5,0.0,0,,0,348,50,False,0,0,0,0,0,2
Jack Taylor,MID,Ipswich Town,,0,0,0,0,0.0,312,0.00,0.00,0.00,0.00,18,0,0,0.0,0.0,2026-08-30T15:30:00Z,0,,16,0,0,0,0,2,0,0.0,0,2,5,0.0,0,,971,2671,44,False,0,0,0,0,0,2
Jack Clarke,MID,Ipswich Town,,0,0,0,0,0.0,313,0.00,0.00,0.00,0.00,18,0,0,0.0,0.0,2026-08-30T15:30:00Z,0,,16,0,0,0,0,2,0,0.2,0,2,5,0.0,0,,5519,15783,54,False,0,0,0,0,0,2
Chiedozie Ogbene,MID,Ipswich Town,,0,0,0,0,0.0,314,0.00,0.00,0.00,0.00,18,0,0,0.0,0.0,2026-08-30T15:30:00Z,0,,16,0,0,0,0,2,0,0.0,0,2,5,0.0,0,,104,1209,49,False,0,0,0,0,0,2
Abdul Fatawu,MID,Ipswich Town,,1,0,25,0,42.3,315,0.22,0.22,0.00,4.59,18,0,0,7.1,26.6,2026-08-30T15:30:00Z,82,,16,0,0,0,0,2,0,0.2,1,2,5,2.0,4,,5366,13515,54,False,1,1,0,2,1,2
Emersonn Correia da Silva,FWD,Ipswich Town,,0,0,7,0,11.1,316,0.00,0.00,0.00,0.77,18,0,0,1.4,1.0,2026-08-30T15:30:00Z,45,,16,0,0,0,0,2,0,3.6,1,2,5,2.0,1,,322152,143680,55,False,0,1,0,0,0,2
George Hirst,FWD,Ipswich Town,,0,0,0,0,0.0,317,0.00,0.00,0.00,0.00,18,0,0,0.0,0.0,2026-08-30T15:30:00Z,0,,16,0,0,0,0,2,0,0.1,0,2,5,0.0,0,,0,17140,50,False,0,0,0,0,0,2
Jaden Philogene,MID,Ipswich Town,,0,0,0,0,0.0,318,0.00,0.00,0.00,0.00,18,0,0,0.0,0.0,2026-08-30T15:30:00Z,0,,16,0,0,0,0,2,0,0.1,0,2,5,0.0,0,,304,9296,54,False,0,0,0,0,0,2
Sam Szmodics,MID,Ipswich Town,,0,0,0,0,0.0,319,0.00,0.00,0.00,0.00,18,0,0,0.0,0.0,2026-08-30T15:30:00Z,0,,16,0,0,0,0,2,0,0.0,0,2,5,0.0,0,,0,761,50,False,0,0,0,0,0,2
Chuba Akpom,FWD,Ipswich Town,,0,0,30,0,1.7,320,0.00,0.97,0.97,4.01,18,0,1,5.2,33.2,2026-08-30T15:30:00Z,45,,16,0,0,0,0,2,0,1.2,0,2,5,17.0,5,,131191,74494,50,False,0,0,0,0,0,2
Sindre Walle Egeli,FWD,Ipswich Town,,0,0,0,0,0.0,321,0.00,0.00,0.00,0.00,18,0,0,0.0,0.0,2026-08-30T15:30:00Z,0,,16,0,0,0,0,2,0,3.5,0,2,5,0.0,0,,332154,212795,45,False,0,0,0,0,0,2
Ali Al-Hamadi,FWD,Ipswich Town,,0,0,0,0,0.0,322,0.00,0.00,0.00,0.00,18,0,0,0.0,0.0,2026-08-30T15:30:00Z,0,,16,0,0,0,0,2,0,0.0,0,2,5,0.0,0,,755,9939,50,False,0,0,0,0,0,2
Kasey McAteer,MID,Ipswich Town,,0,0,3,0,0.0,323,0.00,0.00,0.00,0.18,18,0,0,0.0,0.2,2026-08-30T15:30:00Z,7,,16,0,0,0,0,2,0,1.0,0,2,5,0.0,1,,28415,62646,44,False,0,0,0,1,0,2
Anis Mehmeti,MID,Ipswich Town,,0,0,0,0,0.0,324,0.00,0.00,0.00,0.00,18,0,0,0.0,0.0,2026-08-30T15:30:00Z,0,,16,0,0,0,0,2,0,0.0,0,2,5,0.0,0,,406,2488,48,False,0,0,0,0,0,2
Karl Darlow,GKP,Man Utd,,0,0,0,0,0.0,325,0.00,0.00,0.00,0.00,18,0,0,0.0,0.0,2026-08-30T15:30:00Z,0,,12,0,0,0,0,2,0,0.0,0,2,5,0.0,0,,1071,1612,45,True,0,0,0,0,0,2
Lucas Estella Perri,GKP,Leeds,,0,0,0,0,0.0,326,0.00,0.00,0.00,0.00,17,0,0,0.0,0.0,2026-08-30T13:00:00Z,0,,4,0,0,0,0,2,0,0.3,0,1,1,0.0,0,,532,26572,45,True,0,0,0,0,0,2
Jaka Bijol,DEF,Leeds,,0,0,0,0,0.2,327,0.00,0.00,0.00,0.55,17,0,0,0.9,8.4,2026-08-30T13:00:00Z,45,,4,0,0,0,0,2,0,0.7,1,1,1,0.0,1,,69148,59396,50,True,0,5,0,2,0,2
Pascal Struijk,DEF,Brighton,,0,0,0,0,0.0,328,0.00,0.00,0.00,0.00,16,0,0,0.0,0.0,2026-08-30T13:00:00Z,0,,6,0,0,0,0,2,0,0.2,0,3,4,0.0,0,,5676,12220,49,False,0,0,0,0,0,2
Joe Rodon,DEF,Leeds,,0,0,4,0,0.3,329,0.00,0.00,0.00,0.35,17,0,0,1.1,8.6,2026-08-30T13:00:00Z,33,,4,0,0,0,0,2,0,0.8,1,1,1,2.0,1,,26944,297265,43,True,0,4,0,1,0,2
Jayden Bogle,DEF,Leeds,,0,0,9,0,11.3,330,0.01,0.01,0.00,0.74,17,0,0,3.4,18.6,2026-08-30T13:00:00Z,67,,4,0,0,0,0,2,0,7.3,1,1,1,4.0,2,,660799,87348,46,True,0,5,0,5,2,2
Gabriel Gudmundsson,DEF,Leeds,,0,0,0,0,0.0,331,0.00,0.00,0.00,0.00,17,0,0,0.0,0.0,2026-08-30T13:00:00Z,0,,4,0,0,0,0,2,0,0.1,0,1,1,0.0,0,,4205,2793,45,True,0,0,0,0,0,2
James Justin,DEF,Leeds,,0,0,12,0,11.8,332,0.01,0.04,0.03,1.67,17,0,0,4.5,24.6,2026-08-30T13:00:00Z,90,,4,0,0,0,0,2,0,1.4,1,1,1,9.0,2,,121949,71218,45,True,0,6,0,3,2,2
Sebastiaan Bornauw,DEF,Leeds,,0,0,0,0,0.0,333,0.00,0.00,0.00,0.00,17,0,0,0.0,0.0,2026-08-30T13:00:00Z,0,,4,0,0,0,0,2,0,0.0,0,1,1,0.0,0,,0,300,45,True,0,0,0,0,0,2
Tarik Muharemović,DEF,Leeds,,0,0,17,0,0.8,334,0.01,0.01,0.00,1.67,17,0,0,5.4,51.6,2026-08-30T13:00:00Z,90,,4,0,0,0,0,2,0,4.3,1,1,1,2.0,4,,302086,175017,50,True,0,17,19,3,2,2
Anton Stach,MID,Leeds,,0,0,13,0,17.0,335,0.01,0.08,0.07,1.67,17,0,0,4.6,24.6,2026-08-30T13:00:00Z,90,,4,0,0,0,0,2,0,2.5,1,1,1,4.0,4,,202536,165328,60,True,0,8,16,4,4,2
Noah Okafor,MID,Leeds,,0,0,11,0,7.5,336,0.01,0.09,0.08,0.74,17,0,0,2.4,6.4,2026-08-30T13:00:00Z,68,,4,0,0,0,0,2,0,0.4,1,1,1,10.0,2,,27034,35391,58,True,0,1,0,0,1,2
Brenden Aaronson,MID,Leeds,,0,0,6,0,0.6,337,0.01,0.01,0.00,0.55,17,0,0,0.3,2.2,2026-08-30T13:00:00Z,45,,4,0,0,0,0,2,0,0.5,1,1,1,0.0,1,,6787,48283,53,True,0,1,0,1,1,2
Ethan Ampadu,MID,Leeds,,0,0,12,0,16.6,338,0.09,0.10,0.01,1.67,17,0,0,3.7,19.6,2026-08-30T13:00:00Z,90,,4,0,0,0,0,2,0,0.9,1,1,1,1.0,2,,18185,60932,54,True,0,5,0,3,2,2
Sean Longstaff,MID,Leeds,,0,0,0,0,0.0,339,0.00,0.00,0.00,0.00,17,0,0,0.0,0.0,2026-08-30T13:00:00Z,0,,4,0,0,0,0,2,0,0.1,0,1,1,0.0,0,,2526,8148,48,True,0,0,0,0,0,2
Joe Gelhardt,MID,Hull City,,0,0,0,0,0.0,340,0.00,0.00,0.00,0.00,13,0,0,0.0,0.0,2026-08-29T14:00:00Z,0,,7,0,0,0,0,2,0,0.0,0,1,0,0.0,0,,710,1022,50,False,0,0,0,0,0,2
Wilfried Gnonto,MID,Leeds,,0,0,0,0,0.0,341,0.00,0.00,0.00,0.00,17,0,0,0.0,0.0,2026-08-30T13:00:00Z,0,,4,0,0,0,0,2,0,0.0,0,1,1,0.0,0,,244,1815,50,True,0,0,0,0,0,2
Jack Harrison,MID,Leeds,,0,0,0,0,0.0,342,0.00,0.00,0.00,0.00,17,0,0,0.0,0.0,2026-08-30T13:00:00Z,0,,4,0,0,0,0,2,0,0.0,0,1,1,0.0,0,,0,79,50,True,0,0,0,0,0,2
Daniel James,MID,Leeds,,0,0,2,0,1.1,343,0.01,0.25,0.24,0.93,17,0,0,1.1,0.0,2026-08-30T13:00:00Z,22,,4,0,0,0,0,2,0,0.1,0,1,1,12.0,1,,4173,8036,49,True,0,0,0,2,0,2
Ilia Gruev,MID,Leeds,,0,0,0,0,0.0,344,0.00,0.00,0.00,0.00,17,0,0,0.0,0.0,2026-08-30T13:00:00Z,0,,4,0,0,0,0,2,0,0.0,0,1,1,0.0,0,,130,317,50,True,0,0,0,0,0,2
Tanaka Ao,MID,Leeds,,0,0,6,0,1.8,345,0.01,0.01,0.00,1.13,17,0,0,2.2,20.0,2026-08-30T13:00:00Z,45,,4,0,0,0,0,2,0,0.3,0,1,1,0.0,1,,22905,17643,49,True,0,5,0,3,3,2
Dominic Calvert-Lewin,FWD,Leeds,,0,2,31,0,4.0,346,0.02,0.94,0.92,1.67,17,0,1,7.7,38.4,2026-08-30T13:00:00Z,90,,4,0,0,0,0,2,0,24.8,1,1,1,35.0,8,,1017095,1331454,60,True,0,3,0,1,0,2
Lukas Nmecha,FWD,Leeds,,1,0,18,0,20.3,347,0.00,0.10,0.10,0.93,17,0,0,4.5,18.2,2026-08-30T13:00:00Z,21,,4,0,0,0,0,2,0,0.5,0,1,1,6.0,4,,22332,37313,54,True,0,0,0,1,0,2
Joël Piroe,FWD,Leeds,,0,0,0,0,0.0,348,0.00,0.00,0.00,0.00,17,0,0,0.0,0.0,2026-08-30T13:00:00Z,0,,4,0,0,0,0,2,0,0.1,0,1,1,0.0,0,,0,11248,50,True,0,0,0,0,0,2
Mateo Joseph Fernández-Regatillo,FWD,Leeds,,0,0,0,0,0.0,349,0.00,0.00,0.00,0.00,17,0,0,0.0,0.0,2026-08-30T13:00:00Z,0,,4,0,0,0,0,2,0,0.1,0,1,1,0.0,0,,3128,4488,45,True,0,0,0,0,0,2
Alisson Becker,GKP,Liverpool,,0,0,-5,0,0.0,350,0.00,0.00,0.00,2.30,14,2,0,0.8,7.6,2026-08-29T11:30:00Z,90,,18,0,0,0,0,2,0,4.2,1,2,2,0.0,0,,148132,146183,55,True,1,2,0,4,0,2
Giorgi Mamardashvili,GKP,Liverpool,,0,0,0,0,0.0,351,0.00,0.00,0.00,0.00,14,0,0,0.0,0.0,2026-08-29T11:30:00Z,0,,18,0,0,0,0,2,0,0.1,0,2,2,0.0,0,,2883,8673,48,True,0,0,0,0,0,2
Freddie Woodman,GKP,Liverpool,,0,0,0,0,0.0,352,0.00,0.00,0.00,0.00,14,0,0,0.0,0.0,2026-08-29T11:30:00Z,0,,18,0,0,0,0,2,0,1.0,0,2,2,0.0,0,,18327,27336,40,True,0,0,0,0,0,2
Armin Pecsi,GKP,Liverpool,,0,0,0,0,0.0,353,0.00,0.00,0.00,0.00,14,0,0,0.0,0.0,2026-08-29T11:30:00Z,0,,18,0,0,0,0,2,0,0.0,0,2,2,0.0,0,,0,1096,40,True,0,0,0,0,0,2
Vitezslav Jaros,GKP,Liverpool,,0,0,0,0,0.0,354,0.00,0.00,0.00,0.00,14,0,0,0.0,0.0,2026-08-29T11:30:00Z,0,,18,0,0,0,0,2,0,0.0,0,2,2,0.0,0,,1763,1251,40,True,0,0,0,0,0,2
Harvey Davies,GKP,Liverpool,,0,0,0,0,0.0,355,0.00,0.00,0.00,0.00,14,0,0,0.0,0.0,2026-08-29T11:30:00Z,0,,18,0,0,0,0,2,0,0.2,0,2,2,0.0,0,,4761,4268,40,True,0,0,0,0,0,2
Virgil van Dijk,DEF,Liverpool,,0,0,5,0,4.3,356,0.03,0.03,0.00,2.30,14,2,0,3.1,24.6,2026-08-29T11:30:00Z,90,,18,0,0,0,0,2,0,16.2,1,2,2,2.0,1,,280924,619114,65,True,0,7,0,5,0,2
Jeremie Frimpong,DEF,Liverpool,,0,0,9,0,13.8,357,0.02,0.02,0.00,2.23,14,2,0,3.1,12.8,2026-08-29T11:30:00Z,70,,18,0,0,0,0,2,0,1.8,1,2,2,4.0,1,,59069,246675,53,True,0,4,0,3,2,2
Milos Kerkez,DEF,Liverpool,,0,0,9,0,12.8,358,0.01,0.01,0.00,2.23,14,2,0,3.7,24.0,2026-08-29T11:30:00Z,70,,18,0,0,0,0,2,0,2.2,1,2,2,0.0,1,,47791,188535,53,True,0,7,0,4,1,2
Joe Gomez,DEF,Liverpool,,0,0,0,0,0.0,359,0.00,0.00,0.00,0.00,14,0,0,0.0,0.0,2026-08-29T11:30:00Z,0,,18,0,0,0,0,2,0,0.0,0,2,2,0.0,0,,769,1185,49,True,0,0,0,0,0,2
Conor Bradley,DEF,Liverpool,,0,0,0,0,0.0,360,0.00,0.00,0.00,0.00,14,0,0,0.0,0.0,2026-08-29T11:30:00Z,0,,18,0,0,0,0,2,0,0.0,0,2,2,0.0,0,,380,802,50,True,0,0,0,0,0,2
Wellity Lucky,DEF,Liverpool,,0,0,0,0,0.0,361,0.00,0.00,0.00,0.00,14,0,0,0.0,0.0,2026-08-29T11:30:00Z,0,,18,0,0,0,0,2,0,0.1,0,2,2,0.0,0,,3884,5838,40,True,0,0,0,0,0,2
Jeremy Jacquet,DEF,Liverpool,,0,0,13,0,15.1,362,0.05,0.05,0.00,2.23,14,2,0,4.8,30.8,2026-08-29T11:30:00Z,76,,18,0,0,0,0,2,0,3.5,1,2,2,2.0,3,,234812,124489,50,True,0,8,11,4,3,2
Giovanni Leoni,DEF,Liverpool,,0,0,0,0,0.0,363,0.00,0.00,0.00,0.00,14,0,0,0.0,0.0,2026-08-29T11:30:00Z,0,,18,0,0,0,0,2,0,0.0,0,2,2,0.0,0,,870,2122,40,True,0,0,0,0,0,2
Kostas Tsimikas,DEF,Liverpool,,0,0,4,0,1.3,364,0.01,0.05,0.04,0.07,14,0,0,1.4,3.6,2026-08-29T11:30:00Z,19,,18,0,0,0,0,2,0,0.1,0,2,2,9.0,1,,1591,4438,49,True,0,0,0,0,0,2
Calvin Ramsay,DEF,Liverpool,,0,0,0,0,0.0,365,0.00,0.00,0.00,0.00,14,0,0,0.0,0.0,2026-08-29T11:30:00Z,0,,18,0,0,0,0,2,0,0.1,0,2,2,0.0,0,,638,12739,40,True,0,0,0,0,0,2
Florian Wirtz,MID,Liverpool,,1,0,23,0,24.3,366,0.20,0.43,0.23,2.30,14,0,0,7.4,27.8,2026-08-29T11:30:00Z,90,,18,0,0,0,0,2,0,5.7,1,2,2,22.0,4,,134868,767589,73,True,1,0,0,7,3,2
Cody Gakpo,MID,Liverpool,,1,0,21,0,27.8,367,0.65,0.65,0.00,2.23,14,0,0,5.7,23.2,2026-08-29T11:30:00Z,70,,18,0,0,0,0,2,0,12.2,1,2,2,6.0,5,,1338430,732264,72,True,0,1,0,2,0,2
Dominik Szoboszlai,MID,Liverpool,,0,0,24,0,40.7,368,0.17,0.33,0.16,2.30,14,0,0,6.6,21.4,2026-08-29T11:30:00Z,90,,18,0,0,0,0,2,0,32.6,1,2,2,4.0,4,,931403,1696952,69,True,0,3,13,7,3,2
Rio Ngumoha,MID,Liverpool,,0,0,5,0,1.3,369,0.03,0.03,0.00,0.07,14,0,0,0.5,2.0,2026-08-29T11:30:00Z,19,,18,0,0,0,0,2,0,0.5,0,2,2,2.0,1,,14635,89476,57,True,0,0,0,0,0,2
Federico Chiesa,MID,Liverpool,,0,0,0,0,0.0,370,0.00,0.00,0.00,0.00,14,0,0,0.0,0.0,2026-08-29T11:30:00Z,0,,18,0,0,0,0,2,0,0.0,0,2,2,0.0,0,,682,10096,53,True,0,0,0,0,0,2
Ryan Gravenberch,MID,Liverpool,,0,0,7,0,12.1,371,0.01,0.01,0.00,0.07,14,0,0,1.7,4.4,2026-08-29T11:30:00Z,19,,18,0,0,0,0,2,0,1.1,0,2,2,0.0,1,,35843,130845,58,True,0,0,0,0,1,2
Alexis Mac Allister,MID,Liverpool,,0,0,10,0,7.7,372,0.39,0.39,0.00,2.23,14,0,0,2.0,12.6,2026-08-29T11:30:00Z,76,,18,0,0,0,0,2,0,1.3,1,2,2,0.0,2,,45677,96940,54,True,0,2,0,5,3,2
Curtis Jones,MID,Liverpool,,0,0,0,0,0.0,373,0.00,0.00,0.00,0.00,14,0,0,0.0,0.0,2026-08-29T11:30:00Z,0,,18,0,0,0,0,2,0,0.0,0,2,2,0.0,0,,34,2653,55,True,0,0,0,0,0,2
Endo Wataru,MID,Liverpool,,0,0,0,0,0.0,374,0.00,0.00,0.00,0.00,14,0,0,0.0,0.0,2026-08-29T11:30:00Z,0,,18,0,0,0,0,2,0,0.1,0,2,2,0.0,0,,2335,4833,49,True,0,0,0,0,0,2
Trey Nyoni,MID,Liverpool,,0,0,3,0,2.2,375,0.00,0.00,0.00,0.07,14,0,0,0.9,6.4,2026-08-29T11:30:00Z,13,,18,0,0,0,0,2,0,0.0,0,2,2,0.0,1,,1354,3066,49,True,0,1,0,2,2,2
Stefan Bajčetić Maquieira,MID,Liverpool,,0,0,0,0,0.0,376,0.00,0.00,0.00,0.00,14,0,0,0.0,0.0,2026-08-29T11:30:00Z,0,,18,0,0,0,0,2,0,0.0,0,2,2,0.0,0,,19,107,50,True,0,0,0,0,0,2
Victor Munoz,MID,Liverpool,,0,0,24,0,16.8,377,0.19,0.51,0.32,2.30,14,0,1,8.8,42.2,2026-08-29T11:30:00Z,90,,18,0,0,0,0,2,0,0.9,1,2,2,29.0,6,,117590,102346,65,True,1,4,0,1,2,2
James McConnell,MID,Liverpool,,0,0,0,0,0.0,378,0.00,0.00,0.00,0.00,14,0,0,0.0,0.0,2026-08-29T11:30:00Z,0,,18,0,0,0,0,2,0,0.2,0,2,2,0.0,0,,6968,13038,44,True,0,0,0,0,0,2
Alexander Isak,FWD,Liverpool,,0,2,30,0,10.3,379,0.00,0.99,0.99,2.30,14,0,1,9.2,34.0,2026-08-29T11:30:00Z,90,,18,0,0,0,0,2,0,22.2,1,2,2,48.0,8,,1246105,759317,91,True,0,0,0,0,1,2
Hugo Ekitiké,FWD,Liverpool,,0,0,0,0,0.0,380,0.00,0.00,0.00,0.00,14,0,0,0.0,0.0,2026-08-29T11:30:00Z,0,,18,0,0,0,0,2,0,0.1,0,2,2,0.0,0,,2687,11347,74,True,0,0,0,0,0,2
Lewis Koumas,MID,Liverpool,,0,0,0,0,0.0,381,0.00,0.00,0.00,0.00,14,0,0,0.0,0.0,2026-08-29T11:30:00Z,0,,18,0,0,0,0,2,0,0.0,0,2,2,0.0,0,,855,1401,50,True,0,0,0,0,0,2
Jayden Danns,FWD,Liverpool,,0,0,0,0,0.0,382,0.00,0.00,0.00,0.00,14,0,0,0.0,0.0,2026-08-29T11:30:00Z,0,,18,0,0,0,0,2,0,0.2,0,2,2,0.0,0,,23508,9816,45,True,0,0,0,0,0,2
Harvey Elliott,MID,Liverpool,,0,0,0,0,0.0,383,0.00,0.00,0.00,0.00,14,0,0,0.0,0.0,2026-08-29T11:30:00Z,0,,18,0,0,0,0,2,0,0.0,0,2,2,0.0,0,,907,6160,54,True,0,0,0,0,0,2
Gianluigi Donnarumma,GKP,Man City,,0,0,5,0,0.0,384,0.00,0.00,0.00,0.66,11,0,0,0.7,6.8,2026-08-28T19:00:00Z,90,,8,1,0,0,0,2,0,7.6,1,4,1,0.0,0,,207526,318176,55,False,0,0,0,8,0,2
James Trafford,GKP,Leeds,,0,0,20,0,0.0,385,0.00,0.00,0.00,1.67,17,0,0,3.8,37.6,2026-08-30T13:00:00Z,90,,4,0,0,0,0,2,4,5.5,1,1,1,0.0,3,,266631,160544,50,True,0,0,0,11,0,2
Marcus Bettinelli,GKP,Man City,,0,0,0,0,0.0,386,0.00,0.00,0.00,0.00,11,0,0,0.0,0.0,2026-08-28T19:00:00Z,0,,8,0,0,0,0,2,0,0.0,0,4,1,0.0,0,,576,1127,45,False,0,0,0,0,0,2
Nico O'Reilly,DEF,Man City,,0,0,11,0,7.8,387,0.02,0.04,0.02,0.66,11,0,0,1.6,3.6,2026-08-28T19:00:00Z,88,,8,0,0,0,0,2,0,10.8,1,4,1,5.0,2,,192743,1214707,63,False,0,0,0,2,1,2
Marc Guéhi,DEF,Man City,,0,0,12,0,15.8,388,0.04,0.04,0.00,0.66,11,0,0,4.0,24.2,2026-08-28T19:00:00Z,90,,8,0,0,0,0,2,0,18.2,1,4,1,0.0,2,,507008,466945,60,False,0,5,0,4,0,2
Matheus Nunes,DEF,Man City,,0,0,0,0,0.0,389,0.00,0.00,0.00,0.00,11,0,0,0.0,0.0,2026-08-28T19:00:00Z,0,,8,0,0,0,0,2,0,1.0,0,4,1,0.0,0,,14925,74265,59,False,0,0,0,0,0,2
Rúben dos Santos Gato Alves Dias,DEF,Man City,,0,0,19,0,22.3,390,0.57,0.66,0.09,0.66,11,0,0,8.4,27.0,2026-08-28T19:00:00Z,90,,8,0,0,0,0,2,0,1.9,1,4,1,35.0,2,,67559,74341,55,False,0,5,0,6,1,2
Joško Gvardiol,DEF,Man City,,1,0,18,0,30.8,391,0.04,0.04,0.00,0.66,11,0,0,6.0,27.6,2026-08-28T19:00:00Z,74,,8,0,0,0,0,2,0,26.9,1,4,1,2.0,5,,1838108,420167,57,False,0,1,0,0,1,2
Rayan Aït-Nouri,DEF,Man City,,0,0,0,0,0.0,392,0.00,0.00,0.00,0.00,11,0,0,0.0,0.0,2026-08-28T19:00:00Z,0,,8,0,0,0,0,2,0,0.4,0,4,1,0.0,0,,7908,61705,52,False,0,0,0,0,0,2
Abdukodir Khusanov,DEF,Man City,,0,0,17,0,5.3,393,0.02,0.02,0.00,0.66,11,0,0,3.0,21.0,2026-08-28T19:00:00Z,88,,8,0,0,0,0,2,0,1.4,1,4,1,4.0,2,,26948,81022,54,False,0,3,0,3,4,2
Max Alleyne,DEF,Man City,,0,0,0,0,0.0,394,0.00,0.00,0.00,0.00,11,0,0,0.0,0.0,2026-08-28T19:00:00Z,0,,8,0,0,0,0,2,0,0.0,0,4,1,0.0,0,,0,618,50,False,0,0,0,0,0,2
Rico Lewis,DEF,Man City,,0,0,0,0,0.0,395,0.00,0.00,0.00,0.00,11,0,0,0.0,0.0,2026-08-28T19:00:00Z,0,,8,0,0,0,0,2,0,0.2,0,4,1,0.0,0,,8287,16324,44,False,0,0,0,0,0,2
Vitor de Oliveira Nunes dos Reis,DEF,Man City,,0,0,3,0,0.9,396,0.00,0.00,0.00,0.00,11,0,0,0.2,1.2,2026-08-28T19:00:00Z,1,,8,0,0,0,0,2,0,0.0,0,4,1,0.0,1,,557,1184,45,False,0,0,0,0,0,2
Antoine Semenyo,MID,Man City,,1,0,33,0,43.0,397,0.57,0.63,0.06,0.66,11,0,0,11.2,29.2,2026-08-28T19:00:00Z,90,,8,0,0,0,0,2,0,15.2,1,4,1,40.0,5,,318882,1222382,84,False,0,0,0,2,1,2
Phil Foden,MID,Man City,,2,1,38,0,45.8,398,0.45,1.32,0.87,0.66,11,0,0,10.6,42.8,2026-08-28T19:00:00Z,90,,8,0,0,0,0,2,0,1.8,1,4,1,17.0,9,,303475,567701,69,False,0,2,0,4,1,2
Rayan Cherki,MID,Man City,,0,3,60,0,47.8,399,0.55,0.90,0.35,0.66,11,0,2,17.2,74.8,2026-08-28T19:00:00Z,81,,8,0,0,0,0,2,0,28.4,1,4,1,49.0,14,,2680091,963636,78,False,1,0,0,3,0,2
Jérémy Doku,MID,Man City,,0,0,0,0,0.0,400,0.00,0.00,0.00,0.00,11,0,0,0.0,0.0,2026-08-28T19:00:00Z,0,,8,0,0,0,0,2,0,0.7,0,4,1,0.0,0,,6358,128329,74,False,0,0,0,0,0,2
Omar Marmoush,FWD,Spurs,,0,0,14,0,35.1,401,0.07,0.24,0.17,0.72,15,0,0,7.2,9.2,2026-08-29T16:30:00Z,90,,17,0,0,0,0,2,0,2.1,1,2,0,28.0,2,,235577,164120,70,True,0,0,0,3,1,2
Rodrigo 'Rodri' Hernandez Cascante,MID,Man City,,0,0,0,0,0.0,402,0.00,0.00,0.00,0.00,11,0,0,0.0,0.0,2026-08-28T19:00:00Z,0,,8,0,0,0,0,2,0,0.0,0,4,1,0.0,0,,0,1231,65,False,0,0,0,0,0,2
Sávio Moreira de Oliveira,MID,Spurs,,0,0,0,0,0.0,403,0.00,0.00,0.00,0.00,15,0,0,0.0,0.0,2026-08-29T16:30:00Z,0,,17,0,0,0,0,2,0,0.6,0,2,0,0.0,0,,100101,80156,65,True,0,0,0,0,0,2
Tijjani Reijnders,MID,Man City,,0,0,0,0,0.0,404,0.00,0.00,0.00,0.00,11,0,0,0.0,0.0,2026-08-28T19:00:00Z,0,,8,0,0,0,0,2,0,0.0,0,4,1,0.0,0,,0,8191,60,False,0,0,0,0,0,2
Nico González Iglesias,MID,Newcastle,,0,0,9,1,29.5,405,0.20,0.20,0.00,0.74,15,0,0,3.7,7.2,2026-08-29T16:30:00Z,70,,19,0,0,0,0,2,0,0.2,1,2,0,0.0,2,,18134,17056,55,False,1,2,0,2,0,2
Mateo Kovačić,MID,Man City,,0,0,9,0,3.1,406,0.01,0.01,0.00,0.00,11,0,0,0.5,2.0,2026-08-28T19:00:00Z,15,,8,0,0,0,0,2,0,0.1,0,4,1,0.0,1,,2264,6319,53,False,0,0,0,0,0,2
Claudio Echeverri,MID,Man City,,0,0,0,0,0.0,407,0.00,0.00,0.00,0.00,11,0,0,0.0,0.0,2026-08-28T19:00:00Z,0,,8,0,0,0,0,2,0,0.0,0,4,1,0.0,0,,250,1346,49,False,0,0,0,0,0,2
Kalvin Phillips,MID,Man City,,0,0,0,0,0.0,408,0.00,0.00,0.00,0.00,11,0,0,0.0,0.0,2026-08-28T19:00:00Z,0,,8,0,0,0,0,2,0,0.0,0,4,1,0.0,0,,0,572,50,False,0,0,0,0,0,2
Divine Mukasa,MID,Man City,,0,0,0,0,0.0,409,0.00,0.00,0.00,0.00,11,0,0,0.0,0.0,2026-08-28T19:00:00Z,0,,8,0,0,0,0,2,0,0.1,0,4,1,0.0,0,,1621,12208,45,False,0,0,0,0,0,2
Jeremy Monga,MID,Man City,,0,0,0,0,0.0,410,0.00,0.00,0.00,0.00,11,0,0,0.0,0.0,2026-08-28T19:00:00Z,0,,8,0,0,0,0,2,0,0.0,0,4,1,0.0,0,,219,1274,49,False,0,0,0,0,0,2
Erling Haaland,FWD,Man City,,0,3,60,0,0.1,411,0.00,0.66,0.66,0.66,11,0,2,12.0,69.0,2026-08-28T19:00:00Z,90,,8,0,0,0,0,2,0,73.9,1,4,1,51.0,13,,929667,324902,156,False,0,3,0,2,0,2
Senne Lammens,GKP,Man Utd,,0,0,11,0,0.0,412,0.00,0.00,0.00,2.06,18,2,0,2.7,27.0,2026-08-30T15:30:00Z,90,,12,0,0,0,0,2,3,9.9,1,2,5,0.0,2,,99522,689793,49,True,0,1,0,6,0,2
Altay Bayındır,GKP,Man Utd,,0,0,0,0,0.0,413,0.00,0.00,0.00,0.00,18,0,0,0.0,0.0,2026-08-30T15:30:00Z,0,,12,0,0,0,0,2,0,0.0,0,2,5,0.0,0,,0,1153,45,True,0,0,0,0,0,2
Tom Heaton,GKP,Man Utd,,0,0,0,0,0.0,414,0.00,0.00,0.00,0.00,18,0,0,0.0,0.0,2026-08-30T15:30:00Z,0,,12,0,0,0,0,2,0,0.1,0,2,5,0.0,0,,2135,3581,40,True,0,0,0,0,0,2
Patrick Dorgu,MID,Man Utd,,0,0,4,0,11.7,415,0.01,0.19,0.18,1.00,18,0,0,5.8,7.0,2026-08-30T15:30:00Z,10,,12,0,0,0,0,2,0,0.5,0,2,5,39.0,1,,14005,98117,58,True,0,1,0,0,1,2
Matthijs de Ligt,DEF,Man Utd,,0,0,0,0,0.0,416,0.00,0.00,0.00,0.00,18,0,0,0.0,0.0,2026-08-30T15:30:00Z,0,,12,0,0,0,0,2,0,0.0,0,2,5,0.0,0,,466,1564,49,True,0,0,0,0,0,2
Diogo Dalot Teixeira,DEF,Man Utd,,0,0,12,0,42.2,417,0.12,0.27,0.15,1.06,18,0,0,9.2,16.4,2026-08-30T15:30:00Z,73,,12,0,0,0,0,2,0,1.6,1,2,5,33.0,2,,26194,136435,49,True,0,4,0,1,0,2
Harry Maguire,DEF,Man Utd,,1,0,13,0,1.5,418,0.01,0.04,0.03,2.06,18,2,0,1.5,7.2,2026-08-30T15:30:00Z,90,,12,0,0,0,0,2,0,8.6,1,2,5,6.0,4,,138730,1007571,48,True,0,4,0,4,1,2
Lisandro Martínez,DEF,Man Utd,,0,0,2,0,1.8,419,0.06,0.09,0.03,2.06,18,2,0,1.0,4.8,2026-08-30T15:30:00Z,90,,12,0,0,0,0,2,0,1.3,1,2,5,3.0,1,,36830,67604,49,True,0,0,0,6,0,2
Leny Yoro,DEF,Man Utd,,0,0,-2,0,1.8,420,0.01,0.01,0.00,1.00,18,0,0,0.4,1.8,2026-08-30T15:30:00Z,16,,12,0,0,0,0,2,0,0.5,0,2,5,0.0,1,,5274,36127,48,True,0,2,0,1,0,2
Ayden Heaven,DEF,Man Utd,,0,0,0,0,0.0,421,0.00,0.00,0.00,0.00,18,0,0,0.0,0.0,2026-08-30T15:30:00Z,0,,12,0,0,0,0,2,0,0.3,0,2,5,0.0,0,,6032,24140,43,True,0,0,0,0,0,2
Noussair Mazraoui,DEF,Man Utd,,0,0,-1,0,1.3,422,0.00,0.00,0.00,1.00,18,0,0,0.3,1.4,2026-08-30T15:30:00Z,17,,12,0,0,0,0,2,0,0.5,0,2,5,0.0,1,,14396,41091,44,True,0,0,0,0,0,2
Luke Shaw,DEF,Man Utd,,0,0,12,0,1.6,423,0.02,0.02,0.00,1.06,18,0,0,2.4,18.4,2026-08-30T15:30:00Z,72,,12,0,0,0,0,2,0,7.6,1,2,5,4.0,2,,101567,1311589,43,True,0,4,0,2,4,2
Harry Amass,DEF,Man Utd,,0,0,0,0,0.0,424,0.00,0.00,0.00,0.00,18,0,0,0.0,0.0,2026-08-30T15:30:00Z,0,,12,0,0,0,0,2,0,0.2,0,2,5,0.0,0,,6344,8859,40,True,0,0,0,0,0,2
Tyler Fredricson,DEF,Man Utd,,0,0,0,0,0.0,425,0.00,0.00,0.00,0.00,18,0,0,0.0,0.0,2026-08-30T15:30:00Z,0,,12,0,0,0,0,2,0,0.0,0,2,5,0.0,0,,0,1321,40,True,0,0,0,0,0,2
Bruno Borges Fernandes,MID,Man Utd,,1,3,87,0,62.5,426,0.48,2.50,2.02,2.06,18,0,3,26.1,132.4,2026-08-30T15:30:00Z,90,,12,0,0,0,0,2,0,38.4,1,2,5,66.0,23,,661081,1858755,119,True,0,1,0,5,2,2
Bryan Mbeumo,MID,Man Utd,,1,2,37,0,43.3,427,0.21,1.97,1.76,2.06,18,0,1,12.4,45.6,2026-08-30T15:30:00Z,90,,12,0,0,0,0,2,0,20.5,1,2,5,35.0,11,,468279,2023689,79,True,1,0,0,2,3,2
Matheus Santos Carneiro da Cunha,MID,Man Utd,,2,1,31,0,27.6,428,0.15,0.26,0.11,1.06,18,0,0,7.6,20.0,2026-08-30T15:30:00Z,79,,12,0,0,0,0,2,0,5.8,1,2,5,28.0,9,,98173,511145,79,True,0,0,0,2,0,2
Marcus Rashford,MID,Man Utd,,0,0,17,0,34.3,429,0.05,0.31,0.26,1.06,18,0,0,10.8,16.0,2026-08-30T15:30:00Z,79,,12,0,0,0,0,2,0,1.4,1,2,5,58.0,2,,85302,129946,70,True,0,0,0,3,3,2
Mason Mount,MID,Man Utd,,0,0,0,0,0.0,430,0.00,0.00,0.00,0.00,18,0,0,0.0,0.0,2026-08-30T15:30:00Z,0,,12,0,0,0,0,2,0,0.0,0,2,5,0.0,0,,924,1983,54,True,0,0,0,0,0,2
Amad Diallo,MID,Man Utd,,0,0,0,0,0.0,431,0.00,0.00,0.00,0.00,18,0,0,0.0,0.0,2026-08-30T15:30:00Z,0,,12,0,0,0,0,2,0,0.3,0,2,5,0.0,0,,2183,123685,57,True,0,0,0,0,0,2
Kobbie Mainoo,MID,Man Utd,,0,0,25,0,7.2,432,0.27,0.41,0.14,1.06,18,0,0,3.1,15.2,2026-08-30T15:30:00Z,79,,12,0,0,0,0,2,0,1.6,1,2,5,9.0,4,,95031,68520,55,True,0,2,15,10,3,2
Manuel Ugarte Ribeiro,MID,Man Utd,,0,0,0,0,0.0,433,0.00,0.00,0.00,0.00,18,0,0,0.0,0.0,2026-08-30T15:30:00Z,0,,12,0,0,0,0,2,0,0.0,0,2,5,0.0,0,,121,266,50,True,0,0,0,0,0,2
Jack Fletcher,MID,Man Utd,,0,0,0,0,0.0,434,0.00,0.00,0.00,0.00,18,0,0,0.0,0.0,2026-08-30T15:30:00Z,0,,12,0,0,0,0,2,0,0.0,0,2,5,0.0,0,,327,707,49,True,0,0,0,0,0,2
Shea Lacey,MID,Man Utd,,0,0,0,0,0.0,435,0.00,0.00,0.00,0.00,18,0,0,0.0,0.0,2026-08-30T15:30:00Z,0,,12,0,0,0,0,2,0,0.1,0,2,5,0.0,0,,1744,3341,49,True,0,0,0,0,0,2
Toby Collyer,MID,Man Utd,,0,0,0,0,0.0,436,0.00,0.00,0.00,0.00,18,0,0,0.0,0.0,2026-08-30T15:30:00Z,0,,12,0,0,0,0,2,0,0.0,0,2,5,0.0,0,,150,1056,50,True,0,0,0,0,0,2
Bendito Mantato,MID,Man Utd,,0,0,0,0,0.0,437,0.00,0.00,0.00,0.00,18,0,0,0.0,0.0,2026-08-30T15:30:00Z,0,,12,0,0,0,0,2,0,0.2,0,2,5,0.0,0,,5159,9710,44,True,0,0,0,0,0,2
Tyler Fletcher,MID,Man Utd,,0,0,0,0,0.0,438,0.00,0.00,0.00,0.00,18,0,0,0.0,0.0,2026-08-30T15:30:00Z,0,,12,0,0,0,0,2,0,0.3,0,2,5,0.0,0,,10705,16994,44,True,0,0,0,0,0,2
Benjamin Sesko,FWD,Man Utd,,0,0,5,0,10.5,439,0.01,0.01,0.00,1.00,18,0,0,1.5,2.2,2026-08-30T15:30:00Z,10,,12,0,0,0,0,2,0,1.6,0,2,5,2.0,1,,104163,135072,70,True,0,0,0,3,0,2
Joshua Zirkzee,FWD,Man Utd,,0,0,0,0,0.0,440,0.00,0.00,0.00,0.00,18,0,0,0.0,0.0,2026-08-30T15:30:00Z,0,,12,0,0,0,0,2,0,0.4,0,2,5,0.0,0,,15985,43847,53,True,0,0,0,0,0,2
Chido Obi,FWD,Man Utd,,0,0,0,0,0.0,441,0.00,0.00,0.00,0.00,18,0,0,0.0,0.0,2026-08-30T15:30:00Z,0,,12,0,0,0,0,2,0,0.9,0,2,5,0.0,0,,45543,74737,45,True,0,0,0,0,0,2
Nick Pope,GKP,Newcastle,,0,0,0,0,0.0,442,0.00,0.00,0.00,0.00,15,0,0,0.0,0.0,2026-08-29T16:30:00Z,0,,19,0,0,0,0,2,0,0.9,0,2,0,0.0,0,,13411,54024,49,False,0,0,0,0,0,2
Mark Gillespie,GKP,Newcastle,,0,0,0,0,0.0,443,0.00,0.00,0.00,0.00,15,0,0,0.0,0.0,2026-08-29T16:30:00Z,0,,19,0,0,0,0,2,0,0.0,0,2,0,0.0,0,,771,1211,45,False,0,0,0,0,0,2
Ewen Jaouen,GKP,Newcastle,,0,0,0,0,0.0,444,0.00,0.00,0.00,0.00,15,0,0,0.0,0.0,2026-08-29T16:30:00Z,0,,19,0,0,0,0,2,0,0.0,0,2,0,0.0,0,,453,1530,44,False,0,0,0,0,0,2
Malick Thiaw,DEF,Newcastle,,0,0,25,1,1.5,445,0.02,0.02,0.00,1.12,15,0,0,0.8,6.8,2026-08-29T16:30:00Z,90,,19,0,0,0,0,2,0,2.2,1,2,0,0.0,6,,178717,123809,50,False,0,3,0,1,0,2
Fabian Schär,DEF,Newcastle,,0,0,0,0,0.0,446,0.00,0.00,0.00,0.00,15,0,0,0.0,0.0,2026-08-29T16:30:00Z,0,,19,0,0,0,0,2,0,0.2,0,2,0,0.0,0,,7112,13905,49,False,0,0,0,0,0,2
Sven Botman,DEF,Newcastle,,0,0,22,1,1.8,447,0.00,0.01,0.01,1.12,15,0,0,1.5,11.2,2026-08-29T16:30:00Z,90,,19,0,0,0,0,2,0,0.7,1,2,0,2.0,5,,47890,28578,50,False,1,4,0,4,1,2
Dan Burn,DEF,Newcastle,,0,0,0,0,0.0,448,0.00,0.00,0.00,0.00,15,0,0,0.0,0.0,2026-08-29T16:30:00Z,0,,19,0,0,0,0,2,0,0.7,0,2,0,0.0,0,,7337,161053,48,False,0,0,0,0,0,2
Lewis Hall,DEF,Newcastle,,0,3,52,1,27.3,449,0.31,0.34,0.03,1.12,15,0,0,7.0,39.0,2026-08-29T16:30:00Z,90,,19,0,0,0,0,2,0,17.4,1,2,0,4.0,11,,1674374,350956,53,False,0,11,13,6,2,2
Tino Livramento,DEF,Newcastle,,0,0,0,0,0.0,450,0.00,0.00,0.00,0.00,15,0,0,0.0,0.0,2026-08-29T16:30:00Z,0,,19,0,0,0,0,2,0,0.1,0,2,0,0.0,0,,10253,6032,49,False,0,0,0,0,0,2
Alex Murphy,DEF,Newcastle,,0,0,0,0,0.0,451,0.00,0.00,0.00,0.00,15,0,0,0.0,0.0,2026-08-29T16:30:00Z,0,,19,0,0,0,0,2,0,0.1,0,2,0,0.0,0,,0,6964,40,False,0,0,0,0,0,2
Bruno Guimarães Rodriguez Moura,MID,Arsenal,,0,0,4,0,0.8,452,0.01,0.01,0.00,0.00,20,0,0,0.4,1.4,2026-08-31T19:00:00Z,19,,2,0,0,0,0,2,0,1.8,0,1,0,2.0,1,,31275,245199,67,False,0,0,0,3,0,2
Harvey Barnes,MID,Newcastle,,0,0,9,1,22.1,453,0.01,0.05,0.04,1.12,15,0,0,3.6,7.2,2026-08-29T16:30:00Z,90,,19,0,0,0,0,2,0,5.9,1,2,0,7.0,3,,643905,153716,61,False,0,2,0,0,2,2
Anthony Elanga,MID,Newcastle,,0,0,32,1,15.3,454,0.10,0.30,0.20,0.74,15,0,1,8.1,36.8,2026-08-29T16:30:00Z,81,,19,0,0,0,0,2,0,4.5,1,2,0,29.0,8,,1286184,1092759,61,False,0,0,0,1,2,2
Sandro Tonali,MID,Spurs,,0,0,16,0,26.3,455,0.02,0.07,0.05,0.72,15,0,0,3.5,5.0,2026-08-29T16:30:00Z,74,,17,0,0,0,0,2,0,1.8,1,2,0,4.0,2,,48060,270436,53,True,0,1,0,3,0,2
Jacob Ramsey,MID,Newcastle,,0,0,3,0,4.2,456,0.13,0.13,0.00,0.38,15,0,0,0.4,0.2,2026-08-29T16:30:00Z,8,,19,0,0,0,0,2,0,0.2,0,2,0,0.0,1,,16624,31139,49,False,0,0,0,1,0,2
Jacob Murphy,MID,Newcastle,,0,0,3,0,3.1,457,0.20,0.20,0.00,0.38,15,0,0,0.7,2.2,2026-08-29T16:30:00Z,8,,19,0,0,0,0,2,0,0.1,0,2,0,2.0,1,,6128,11025,59,False,0,0,0,2,1,2
Joelinton Cássio Apolinário de Lira,MID,Newcastle,,0,0,0,0,0.0,458,0.00,0.00,0.00,0.00,15,0,0,0.0,0.0,2026-08-29T16:30:00Z,0,,19,0,0,0,0,2,0,0.0,0,2,0,0.0,0,,232,2249,54,False,0,0,0,0,0,2
Lewis Miley,MID,Newcastle,,0,0,16,1,14.7,459,0.04,0.04,0.00,1.12,15,0,0,2.6,11.2,2026-08-29T16:30:00Z,90,,19,0,0,0,0,2,0,0.1,1,2,0,0.0,3,,6356,5575,55,False,0,3,0,6,0,2
Joe Willock,MID,Newcastle,,0,0,0,1,4.3,460,0.02,0.09,0.07,0.74,15,0,0,0.5,0.0,2026-08-29T16:30:00Z,70,,19,0,0,0,0,2,0,0.6,1,2,0,8.0,3,,65089,30995,50,False,0,1,0,1,0,2
Bazoumana Touré,MID,Newcastle,,0,0,3,0,0.0,461,0.00,0.00,0.00,0.00,15,0,0,0.0,0.0,2026-08-29T16:30:00Z,1,,19,0,0,0,0,2,0,0.1,0,2,0,0.0,1,,3731,16508,58,False,0,0,0,0,0,2
Sean Steur,MID,Newcastle,,0,0,4,0,0.0,462,0.00,0.00,0.00,0.38,15,0,0,0.5,5.0,2026-08-29T16:30:00Z,19,,19,0,0,0,0,2,0,0.1,0,2,0,0.0,1,,2435,6209,49,False,0,3,0,0,0,2
Nick Woltemade,FWD,Newcastle,,1,0,18,0,10.5,463,0.01,0.03,0.02,0.38,15,0,0,4.0,18.2,2026-08-29T16:30:00Z,19,,19,0,0,0,0,2,0,0.5,0,2,0,11.0,4,,14520,142362,59,False,0,0,0,0,0,2
Yoane Wissa,FWD,Newcastle,,0,2,37,0,10.3,464,0.00,0.35,0.35,0.74,15,0,1,9.2,35.6,2026-08-29T16:30:00Z,81,,19,0,0,0,0,2,0,18.7,1,2,0,46.0,8,,2291030,734245,62,False,0,1,0,4,1,2
William Osula,FWD,Newcastle,,0,0,0,0,0.0,465,0.00,0.00,0.00,0.00,15,0,0,0.0,0.0,2026-08-29T16:30:00Z,0,,19,0,0,0,0,2,0,0.3,0,2,0,0.0,0,,21459,86855,58,False,0,0,0,0,0,2
Sean Neave,FWD,Newcastle,,0,0,0,0,0.0,466,0.00,0.00,0.00,0.00,15,0,0,0.0,0.0,2026-08-29T16:30:00Z,0,,19,0,0,0,0,2,0,0.5,0,2,0,0.0,0,,23805,52711,45,False,0,0,0,0,0,2
Matz Sels,GKP,Nott'm Forest,,0,0,6,0,0.0,467,0.01,0.01,0.00,1.75,14,2,0,1.7,16.6,2026-08-29T11:30:00Z,90,,14,0,0,0,0,2,0,1.6,1,2,2,0.0,1,,68406,62587,50,False,0,3,0,6,0,2
John Victor Maciel Furtado,GKP,Nott'm Forest,,0,0,0,0,0.0,468,0.00,0.00,0.00,0.00,14,0,0,0.0,0.0,2026-08-29T11:30:00Z,0,,14,0,0,0,0,2,0,0.1,0,2,2,0.0,0,,873,2026,45,False,0,0,0,0,0,2
Neco Williams,DEF,Nott'm Forest,,1,0,16,0,25.3,469,0.15,0.27,0.12,1.75,14,2,0,6.6,34.4,2026-08-29T11:30:00Z,90,,14,0,0,0,0,2,0,8.7,1,2,2,6.0,6,,326358,354866,50,False,0,6,12,1,6,2
Felipe Rodrigues da Silva,DEF,Nott'm Forest,,0,0,0,0,0.0,470,0.00,0.00,0.00,0.00,14,0,0,0.0,0.0,2026-08-29T11:30:00Z,0,,14,0,0,0,0,2,0,0.0,0,2,2,0.0,0,,424,3704,50,False,0,0,0,0,0,2
Nikola Milenković,DEF,Nott'm Forest,,0,0,3,0,0.0,471,0.00,0.00,0.00,1.75,14,2,0,1.7,17.0,2026-08-29T11:30:00Z,90,,14,0,0,0,0,2,0,1.0,1,2,2,0.0,3,,18001,108027,54,False,0,10,13,3,3,2
Murillo Costa dos Santos,DEF,Nott'm Forest,,0,0,2,0,0.3,472,0.00,0.18,0.18,1.75,14,2,0,2.0,11.2,2026-08-29T11:30:00Z,90,,14,0,0,0,0,2,0,2.1,1,2,2,8.0,1,,104710,61996,55,False,0,6,0,3,0,2
Ola Aina,DEF,Nott'm Forest,,0,0,2,0,15.5,473,0.35,0.35,0.00,1.75,14,2,0,3.1,11.8,2026-08-29T11:30:00Z,85,,14,0,0,0,0,2,0,2.4,1,2,2,4.0,0,,69235,171141,44,False,1,3,0,4,2,2
Jair Paula da Cunha Filho,DEF,Nott'm Forest,,0,0,6,0,0.4,474,0.00,0.00,0.00,1.75,14,2,0,1.5,14.6,2026-08-29T11:30:00Z,90,,14,0,0,0,0,2,0,0.2,1,2,2,0.0,1,,9789,13197,45,False,0,6,0,3,2,2
Nicolò Savona,DEF,Nott'm Forest,,0,0,0,0,0.0,475,0.00,0.00,0.00,0.00,14,0,0,0.0,0.0,2026-08-29T11:30:00Z,0,,14,0,0,0,0,2,0,0.0,0,2,2,0.0,0,,241,278,45,False,0,0,0,0,0,2
Omar Richards,DEF,Nott'm Forest,,0,0,0,0,0.0,476,0.00,0.00,0.00,0.00,14,0,0,0.0,0.0,2026-08-29T11:30:00Z,0,,14,0,0,0,0,2,0,0.2,0,2,2,0.0,0,,4026,8327,40,False,0,0,0,0,0,2
Zach Abbott,DEF,Nott'm Forest,,0,0,0,0,0.0,477,0.00,0.00,0.00,0.00,14,0,0,0.0,0.0,2026-08-29T11:30:00Z,0,,14,0,0,0,0,2,0,0.1,0,2,2,0.0,0,,2459,13942,40,False,0,0,0,0,0,2
Luca Netz,DEF,Nott'm Forest,,0,0,5,0,0.0,478,0.00,0.00,0.00,0.00,14,0,0,0.2,2.0,2026-08-29T11:30:00Z,4,,14,0,0,0,0,2,0,0.0,0,2,2,0.0,1,,691,1593,44,False,0,0,0,0,1,2
Tyler Bindon,DEF,Nott'm Forest,,0,0,0,0,0.0,479,0.00,0.00,0.00,0.00,14,0,0,0.0,0.0,2026-08-29T11:30:00Z,0,,14,0,0,0,0,2,0,0.1,0,2,2,0.0,0,,799,8686,40,False,0,0,0,0,0,2
Morgan Gibbs-White,MID,Nott'm Forest,,1,3,36,0,12.5,480,0.04,0.83,0.79,1.75,14,0,1,8.6,56.4,2026-08-29T11:30:00Z,90,,14,0,0,0,0,2,0,15.7,1,2,2,17.0,13,,1215040,672085,80,False,0,1,0,2,2,2
Elliot Anderson,MID,Man City,,0,0,25,0,20.2,481,0.22,0.29,0.07,0.66,11,0,0,5.8,25.0,2026-08-28T19:00:00Z,81,,8,0,0,0,0,2,0,4.0,1,4,1,13.0,3,,105851,447156,63,False,1,4,14,5,5,2
Callum Hudson-Odoi,MID,Nott'm Forest,,0,0,2,0,0.3,482,0.00,0.00,0.00,0.00,14,0,0,0.0,0.0,2026-08-29T11:30:00Z,1,,14,0,0,0,0,2,0,0.1,0,2,2,0.0,1,,5290,17608,58,False,0,0,0,0,0,2
Dan Ndoye,MID,Nott'm Forest,,0,2,30,0,23.0,483,0.63,0.98,0.35,1.42,14,0,1,9.5,35.8,2026-08-29T11:30:00Z,65,,14,0,0,0,0,2,0,0.7,1,2,2,36.0,9,,72420,49641,55,False,0,1,0,8,0,2
Omari Hutchinson,MID,Nott'm Forest,,0,0,0,0,0.0,484,0.00,0.00,0.00,0.00,14,0,0,0.0,0.0,2026-08-29T11:30:00Z,0,,14,0,0,0,0,2,0,0.1,0,2,2,0.0,0,,427,11021,54,False,0,0,0,0,0,2
Dilane Bakwa,MID,Nott'm Forest,,0,0,0,0,0.0,485,0.00,0.00,0.00,0.00,14,0,0,0.0,0.0,2026-08-29T11:30:00Z,0,,14,0,0,0,0,2,0,0.0,0,2,2,0.0,0,,107,1179,55,False,0,0,0,0,0,2
James McAtee,MID,Nott'm Forest,,0,0,16,0,18.5,486,0.16,0.16,0.00,1.75,14,0,0,2.7,8.2,2026-08-29T11:30:00Z,90,,14,0,0,0,0,2,0,0.1,1,2,2,0.0,2,,10019,5996,55,False,0,2,0,5,1,2
Nicolás Domínguez,MID,Nott'm Forest,,0,0,3,0,0.0,487,0.00,0.00,0.00,0.00,14,0,0,0.0,0.2,2026-08-29T11:30:00Z,1,,14,0,0,0,0,2,0,0.1,0,2,2,0.0,1,,1201,4109,49,False,0,0,0,0,0,2
Ibrahim Sangaré,MID,Nott'm Forest,,0,0,0,0,0.0,488,0.00,0.00,0.00,0.00,14,0,0,0.0,0.0,2026-08-29T11:30:00Z,0,,14,0,0,0,0,2,0,0.4,0,2,2,0.0,0,,9228,68851,48,False,0,0,0,0,0,2
Ryan Yates,MID,Nott'm Forest,,0,0,0,0,0.0,489,0.00,0.00,0.00,0.00,14,0,0,0.0,0.0,2026-08-29T11:30:00Z,0,,14,0,0,0,0,2,0,1.2,0,2,2,0.0,0,,30269,94058,45,False,0,0,0,0,0,2
Chris Wood,FWD,Nott'm Forest,,0,0,0,0,0.0,490,0.00,0.00,0.00,0.00,14,0,0,0.0,0.0,2026-08-29T11:30:00Z,0,,14,0,0,0,0,2,0,0.9,0,2,2,0.0,0,,24769,116656,58,False,0,0,0,0,0,2
Igor Jesus Maciel da Cruz,FWD,Nott'm Forest,,0,0,4,0,13.3,491,0.04,0.78,0.74,1.75,14,0,0,6.0,8.6,2026-08-29T11:30:00Z,90,,14,0,0,0,0,2,0,2.6,1,2,2,38.0,1,,126987,271705,58,False,1,3,0,1,1,2
Taiwo Awoniyi,FWD,Coventry City,,0,0,6,0,23.6,492,0.03,0.96,0.93,0.72,13,0,0,9.9,10.0,2026-08-29T14:00:00Z,90,,11,0,0,0,0,2,0,0.4,1,1,0,65.0,2,,21351,65082,54,True,0,1,0,2,0,2
Arnaud Kalimuendo,FWD,Nott'm Forest,,0,0,0,0,0.0,493,0.00,0.00,0.00,0.00,14,0,0,0.0,0.0,2026-08-29T11:30:00Z,0,,14,0,0,0,0,2,0,0.1,0,2,2,0.0,0,,3054,4139,54,False,0,0,0,0,0,2
Guglielmo Vicario,GKP,Spurs,,0,0,0,0,0.0,494,0.00,0.00,0.00,0.00,15,0,0,0.0,0.0,2026-08-29T16:30:00Z,0,,17,0,0,0,0,2,0,0.1,0,2,0,0.0,0,,0,22135,45,True,0,0,0,0,0,2
Brandon Austin,GKP,Spurs,,0,0,0,0,0.0,495,0.00,0.00,0.00,0.00,15,0,0,0.0,0.0,2026-08-29T16:30:00Z,0,,17,0,0,0,0,2,0,1.0,0,2,0,0.0,0,,29710,21971,40,True,0,0,0,0,0,2
Antonín Kinský,GKP,Spurs,,0,0,4,0,0.0,496,0.00,0.00,0.00,0.72,15,2,0,0.4,3.8,2026-08-29T16:30:00Z,90,,17,0,0,0,0,2,0,17.2,1,2,0,0.0,1,,349307,799317,45,True,0,0,0,6,0,2
Martin Dubravka,GKP,Spurs,,0,0,0,0,0.0,497,0.00,0.00,0.00,0.00,15,0,0,0.0,0.0,2026-08-29T16:30:00Z,0,,17,0,0,0,0,2,0,17.1,0,2,0,0.0,0,,399394,444017,40,True,0,0,0,0,0,2
Marcos Senesi Barón,DEF,Spurs,,0,0,0,0,0.0,498,0.00,0.00,0.00,0.00,15,0,0,0.0,0.0,2026-08-29T16:30:00Z,0,,17,0,0,0,0,2,0,3.5,0,2,0,0.0,0,,29425,459044,58,True,0,0,0,0,0,2
Pedro Porro Sauceda,DEF,Spurs,,0,0,1,0,7.9,499,0.10,0.43,0.33,0.72,15,2,0,3.8,9.4,2026-08-29T16:30:00Z,90,,17,0,0,0,0,2,0,7.5,1,2,0,21.0,1,,124538,996901,54,True,0,3,0,2,1,2
Cristian Romero,DEF,Spurs,,0,0,0,0,0.0,500,0.00,0.00,0.00,0.00,15,0,0,0.0,0.0,2026-08-29T16:30:00Z,0,,17,0,0,0,0,2,0,0.1,0,2,0,0.0,0,,0,16825,50,True,0,0,0,0,0,2
Kevin Danso,DEF,Sunderland,,0,0,0,0,0.0,501,0.00,0.00,0.00,0.00,15,0,0,0.0,0.0,2026-08-29T16:30:00Z,0,,19,0,0,0,0,2,0,0.2,0,2,0,0.0,0,,6653,9922,50,False,0,0,0,0,0,2
Andrew Robertson,DEF,Spurs,,0,0,7,0,16.8,502,0.02,0.08,0.06,0.48,15,0,0,5.3,11.2,2026-08-29T16:30:00Z,67,,17,0,0,0,0,2,0,2.5,1,2,0,25.0,2,,67826,184447,44,True,0,2,0,1,1,2
Micky van de Ven,DEF,Spurs,,0,0,5,0,2.1,503,0.02,0.02,0.00,0.72,15,2,0,1.7,15.2,2026-08-29T16:30:00Z,90,,17,0,0,0,0,2,0,3.8,1,2,0,0.0,0,,94979,268240,50,True,1,7,0,4,1,2
Luka Vušković,DEF,Brighton,,0,0,-2,0,8.3,504,0.02,0.05,0.03,2.93,16,4,0,3.6,22.8,2026-08-30T13:00:00Z,90,,6,0,0,0,0,2,0,3.7,1,3,4,5.0,0,,265526,139702,50,False,0,7,0,3,1,2
Djed Spence,DEF,Spurs,,0,0,0,0,0.0,505,0.00,0.00,0.00,0.00,15,0,0,0.0,0.0,2026-08-29T16:30:00Z,0,,17,0,0,0,0,2,0,0.2,0,2,0,0.0,0,,0,69359,45,True,0,0,0,0,0,2
Destiny Udogie,DEF,Spurs,,0,0,2,0,11.5,506,0.19,0.19,0.00,0.24,15,0,0,1.9,5.2,2026-08-29T16:30:00Z,22,,17,0,0,0,0,2,0,0.3,0,2,0,2.0,1,,5598,22532,44,True,0,0,0,1,1,2
Ashley Phillips,DEF,Spurs,,0,0,0,0,0.0,507,0.00,0.00,0.00,0.00,15,0,0,0.0,0.0,2026-08-29T16:30:00Z,0,,17,0,0,0,0,2,0,0.0,0,2,0,0.0,0,,0,1270,45,True,0,0,0,0,0,2
Ben Davies,DEF,Spurs,,0,0,0,0,0.0,508,0.00,0.00,0.00,0.00,15,0,0,0.0,0.0,2026-08-29T16:30:00Z,0,,17,0,0,0,0,2,0,0.9,0,2,0,0.0,0,,19696,41640,39,True,0,0,0,0,0,2
Jun'ai Byfield,DEF,Spurs,,0,0,0,0,0.0,509,0.00,0.00,0.00,0.00,15,0,0,0.0,0.0,2026-08-29T16:30:00Z,0,,17,0,0,0,0,2,0,0.1,0,2,0,0.0,0,,2344,2599,40,True,0,0,0,0,0,2
James Rowswell,DEF,Spurs,,0,0,0,0,0.0,510,0.00,0.00,0.00,0.00,15,0,0,0.0,0.0,2026-08-29T16:30:00Z,0,,17,0,0,0,0,2,0,0.1,0,2,0,0.0,0,,2900,3485,40,True,0,0,0,0,0,2
João Victor de Souza Menezes,DEF,Spurs,,0,0,0,0,0.0,511,0.00,0.00,0.00,0.00,15,0,0,0.0,0.0,2026-08-29T16:30:00Z,0,,17,0,0,0,0,2,0,0.2,0,2,0,0.0,0,,2555,16913,40,True,0,0,0,0,0,2
Mohammed Kudus,MID,Spurs,,0,0,4,0,3.3,512,0.01,0.05,0.04,0.24,15,0,0,1.6,1.2,2026-08-29T16:30:00Z,22,,17,0,0,0,0,2,0,0.2,0,2,0,11.0,1,,13265,11196,65,True,0,0,0,2,0,2
Xavi Simons,MID,Spurs,,0,0,0,0,0.0,513,0.00,0.00,0.00,0.00,15,0,0,0.0,0.0,2026-08-29T16:30:00Z,0,,17,0,0,0,0,2,0,0.0,0,2,0,0.0,0,,349,1126,59,True,0,0,0,0,0,2
Mathys Tel,MID,Spurs,,0,0,10,0,3.3,514,0.03,0.17,0.14,0.48,15,0,0,4.1,3.8,2026-08-29T16:30:00Z,67,,17,0,0,0,0,2,0,0.2,1,2,0,34.0,2,,9144,46878,57,True,0,0,0,2,1,2
James Maddison,MID,Spurs,,0,0,0,0,0.0,515,0.00,0.00,0.00,0.00,15,0,0,0.0,0.0,2026-08-29T16:30:00Z,0,,17,0,0,0,0,2,0,0.4,0,2,0,0.0,0,,5877,96334,63,True,0,0,0,0,0,2
Rodrigo Bentancur,MID,Spurs,,0,0,17,0,7.1,516,0.02,0.02,0.00,0.72,15,0,0,2.3,15.4,2026-08-29T16:30:00Z,90,,17,0,0,0,0,2,0,0.2,1,2,0,0.0,2,,5198,8452,55,True,0,3,0,6,2,2
Wilson Odobert,MID,Spurs,,0,0,0,0,0.0,517,0.00,0.00,0.00,0.00,15,0,0,0.0,0.0,2026-08-29T16:30:00Z,0,,17,0,0,0,0,2,0,0.0,0,2,0,0.0,0,,133,110,55,True,0,0,0,0,0,2
Pape Matar Sarr,MID,Spurs,,0,0,0,0,0.0,518,0.00,0.00,0.00,0.00,15,0,0,0.0,0.0,2026-08-29T16:30:00Z,0,,17,0,0,0,0,2,0,0.1,0,2,0,0.0,0,,4138,23787,49,True,0,0,0,0,0,2
Conor Gallagher,MID,Spurs,,0,0,0,0,0.0,519,0.00,0.00,0.00,0.00,15,0,0,0.0,0.0,2026-08-29T16:30:00Z,0,,17,0,0,0,0,2,0,0.2,0,2,0,0.0,0,,4701,17085,53,True,0,0,0,0,0,2
Lucas Bergvall,MID,Spurs,,0,0,0,0,0.0,520,0.00,0.00,0.00,0.00,15,0,0,0.0,0.0,2026-08-29T16:30:00Z,0,,17,0,0,0,0,2,0,0.1,0,2,0,0.0,0,,1893,9590,53,True,0,0,0,0,0,2
Dejan Kulusevski,MID,Spurs,,0,0,0,0,0.0,521,0.00,0.00,0.00,0.00,15,0,0,0.0,0.0,2026-08-29T16:30:00Z,0,,17,0,0,0,0,2,0,0.0,0,2,0,0.0,0,,414,743,65,True,0,0,0,0,0,2
Archie Gray,MID,Spurs,,0,0,9,0,1.5,522,0.00,0.00,0.00,0.48,15,0,0,0.3,1.8,2026-08-29T16:30:00Z,67,,17,0,0,0,0,2,0,0.2,1,2,0,0.0,2,,6867,13455,49,True,0,3,0,3,0,2
Mikey Moore,MID,Spurs,,0,0,1,0,0.4,523,0.00,0.02,0.02,0.24,15,0,0,0.0,0.0,2026-08-29T16:30:00Z,22,,17,0,0,0,0,2,0,0.1,0,2,0,1.0,1,,3258,17054,50,True,0,0,0,1,0,2
Callum Olusesi,MID,Spurs,,0,0,0,0,0.0,524,0.00,0.00,0.00,0.00,15,0,0,0.0,0.0,2026-08-29T16:30:00Z,0,,17,0,0,0,0,2,0,1.0,0,2,0,0.0,0,,55810,49756,44,True,0,0,0,0,0,2
Mateus Fernandes,MID,Spurs,,0,0,18,0,46.3,525,0.17,0.18,0.01,0.72,15,0,0,6.1,14.0,2026-08-29T16:30:00Z,90,,17,0,0,0,0,2,0,0.8,1,2,0,1.0,2,,14488,125090,57,True,0,0,0,5,3,2
Dominic Solanke-Mitchell,FWD,Spurs,,0,0,6,0,0.3,526,0.00,0.20,0.20,0.00,15,0,0,1.0,3.2,2026-08-29T16:30:00Z,15,,17,0,0,0,0,2,0,0.8,0,2,0,6.0,1,,29698,95094,58,True,0,0,0,0,0,2
Richarlison de Andrade,FWD,Spurs,,0,0,0,0,0.0,527,0.00,0.00,0.00,0.00,15,0,0,0.0,0.0,2026-08-29T16:30:00Z,0,,17,0,0,0,0,2,0,0.6,0,2,0,0.0,0,,21439,268611,59,True,0,0,0,0,0,2
Dane Scarlett,FWD,Spurs,,0,0,0,0,0.0,528,0.00,0.00,0.00,0.00,15,0,0,0.0,0.0,2026-08-29T16:30:00Z,0,,17,0,0,0,0,2,0,1.1,0,2,0,0.0,0,,42525,110011,45,True,0,0,0,0,0,2
Robin Roefs,GKP,Sunderland,,0,0,22,1,0.0,529,0.00,0.00,0.00,0.95,19,0,0,0.4,4.0,2026-08-30T13:00:00Z,90,,10,0,0,0,0,2,0,2.4,1,0,1,0.0,6,,22019,178511,49,True,0,2,0,7,0,2
Anthony Patterson,GKP,Sunderland,,0,0,0,0,0.0,530,0.00,0.00,0.00,0.00,19,0,0,0.0,0.0,2026-08-30T13:00:00Z,0,,10,0,0,0,0,2,0,0.1,0,0,1,0.0,0,,0,6030,40,True,0,0,0,0,0,2
Melker Ellborg,GKP,Sunderland,,0,0,0,0,0.0,531,0.00,0.00,0.00,0.00,19,0,0,0.0,0.0,2026-08-30T13:00:00Z,0,,10,0,0,0,0,2,0,0.1,0,0,1,0.0,0,,1186,3347,44,True,0,0,0,0,0,2
Daniel Ballard,DEF,Sunderland,,0,0,27,1,1.2,532,0.00,0.03,0.03,0.95,19,0,0,3.2,23.6,2026-08-30T13:00:00Z,90,,10,0,0,0,0,2,0,2.5,1,0,1,7.0,8,,45545,319514,49,True,0,9,10,1,1,2
Nordi Mukiele,DEF,Sunderland,,0,1,28,1,8.0,533,0.01,0.01,0.00,0.95,19,0,0,5.3,42.6,2026-08-30T13:00:00Z,90,,10,0,0,0,0,2,0,1.9,1,0,1,2.0,9,,44780,130441,54,True,0,17,19,4,2,2
Trai Hume,DEF,Sunderland,,0,0,24,1,19.1,534,0.01,0.01,0.00,0.95,19,0,0,4.0,18.6,2026-08-30T13:00:00Z,90,,10,0,0,0,0,2,0,2.8,1,0,1,2.0,6,,37913,398963,43,True,0,2,0,4,4,2
Omar Alderete,DEF,Sunderland,,0,0,0,0,0.0,535,0.00,0.00,0.00,0.00,19,0,0,0.0,0.0,2026-08-30T13:00:00Z,0,,10,0,0,0,0,2,0,0.2,0,0,1,0.0,0,,4988,27406,48,True,0,0,0,0,0,2
Reinildo Mandava,DEF,Sunderland,,0,0,26,1,6.0,536,0.01,0.01,0.00,0.95,19,0,0,2.4,16.4,2026-08-30T13:00:00Z,90,,10,0,0,0,0,2,0,0.3,1,0,1,2.0,6,,4091,24421,44,True,0,6,0,3,1,2
Jenson Seelt,DEF,Sunderland,,0,0,0,0,0.0,537,0.00,0.00,0.00,0.00,19,0,0,0.0,0.0,2026-08-30T13:00:00Z,0,,10,0,0,0,0,2,0,0.0,0,0,1,0.0,0,,61,665,45,True,0,0,0,0,0,2
Leo Fuhr Hjelde,DEF,Sunderland,,0,0,0,0,0.0,538,0.00,0.00,0.00,0.00,19,0,0,0.0,0.0,2026-08-30T13:00:00Z,0,,10,0,0,0,0,2,0,0.0,0,0,1,0.0,0,,0,2537,40,True,0,0,0,0,0,2
Luke O'Nien,DEF,Sunderland,,0,0,0,0,0.0,539,0.00,0.00,0.00,0.00,19,0,0,0.0,0.0,2026-08-30T13:00:00Z,0,,10,0,0,0,0,2,0,2.5,0,0,1,0.0,0,,33468,122347,39,True,0,0,0,0,0,2
Arthur Masuaku,DEF,Sunderland,,0,0,0,0,0.0,540,0.00,0.00,0.00,0.00,19,0,0,0.0,0.0,2026-08-30T13:00:00Z,0,,10,0,0,0,0,2,0,0.1,0,0,1,0.0,0,,0,11595,40,True,0,0,0,0,0,2
Thomas Meunier,DEF,Sunderland,,0,0,27,1,20.0,541,0.05,0.07,0.02,0.95,19,0,0,5.2,22.6,2026-08-30T13:00:00Z,90,,10,0,0,0,0,2,0,0.3,1,0,1,9.0,6,,7167,9719,45,True,0,8,0,5,0,2
Enzo Le Fée,MID,Sunderland,,0,0,13,1,21.2,542,0.17,0.54,0.37,0.86,19,0,0,5.5,3.4,2026-08-30T13:00:00Z,89,,10,0,0,0,0,2,0,3.4,1,0,1,30.0,3,,45827,652184,57,True,0,1,0,4,1,2
Habib Diarra,MID,Sunderland,,1,0,15,0,10.3,543,0.16,0.16,0.00,0.02,19,0,0,2.6,15.2,2026-08-30T13:00:00Z,18,,10,0,0,0,0,2,0,0.0,0,0,1,0.0,4,,558,5933,53,True,0,0,0,0,0,2
Granit Xhaka,MID,Sunderland,,0,3,29,1,57.9,544,0.36,0.36,0.00,0.95,19,0,0,7.8,20.4,2026-08-30T13:00:00Z,90,,10,0,0,0,0,2,0,3.6,1,0,1,0.0,6,,131183,209563,55,True,0,1,0,6,0,2
Noah Sadiki,MID,Sunderland,,0,0,21,1,7.8,545,0.02,0.04,0.02,0.95,19,0,0,3.2,18.4,2026-08-30T13:00:00Z,90,,10,0,0,0,0,2,0,0.2,1,0,1,6.0,3,,5739,18454,49,True,0,6,0,2,3,2
Simon Adingra,MID,Sunderland,,0,0,0,0,0.0,546,0.00,0.00,0.00,0.00,19,0,0,0.0,0.0,2026-08-30T13:00:00Z,0,,10,0,0,0,0,2,0,0.0,0,0,1,0.0,0,,240,7424,49,True,0,0,0,0,0,2
Romaine Mundle,MID,Sunderland,,0,0,2,0,0.1,547,0.00,0.17,0.17,0.09,19,0,0,2.5,8.0,2026-08-30T13:00:00Z,1,,10,0,0,0,0,2,0,0.0,0,0,1,17.0,1,,202,674,49,True,0,1,0,0,0,2
Chris Rigg,MID,Sunderland,,0,0,3,0,0.0,548,0.00,0.00,0.00,0.34,19,0,0,0.0,0.0,2026-08-30T13:00:00Z,7,,10,0,0,0,0,2,0,0.0,0,0,1,0.0,1,,471,2863,49,True,0,0,0,0,0,2
Chemsdine Talbi,MID,Sunderland,,0,0,0,0,0.0,549,0.00,0.00,0.00,0.00,19,0,0,0.0,0.0,2026-08-30T13:00:00Z,0,,10,0,0,0,0,2,0,0.1,0,0,1,0.0,0,,1349,11816,53,True,0,0,0,0,0,2
Djiamgone Jocelin Ta Bi,MID,Sunderland,,0,0,0,0,0.0,550,0.00,0.00,0.00,0.00,19,0,0,0.0,0.0,2026-08-30T13:00:00Z,0,,10,0,0,0,0,2,0,0.0,0,0,1,0.0,0,,316,426,50,True,0,0,0,0,0,2
Nilson Angulo,MID,Sunderland,,0,0,13,1,16.7,551,0.04,0.04,0.00,0.58,19,0,0,2.4,7.2,2026-08-30T13:00:00Z,64,,10,0,0,0,0,2,0,0.1,1,0,1,0.0,3,,12821,10606,50,True,0,0,0,4,1,2
Brian Brobbey,FWD,Sunderland,,0,0,5,0,2.8,552,0.00,0.03,0.03,0.58,19,0,0,0.7,0.0,2026-08-30T13:00:00Z,63,,10,0,0,0,0,2,0,6.9,1,0,1,6.0,2,,288908,937964,57,True,0,1,0,3,0,2
Wilson Isidor,FWD,Sunderland,,0,3,29,0,0.1,553,0.00,1.39,1.39,0.37,19,0,1,5.4,29.2,2026-08-30T13:00:00Z,26,,10,0,0,0,0,2,0,1.3,0,0,1,25.0,8,,95995,87251,55,True,0,0,0,0,0,2
Kayne van Oevelen,GKP,Ipswich Town,,0,0,0,0,0.0,554,0.00,0.00,0.00,0.00,18,0,0,0.0,0.0,2026-08-30T15:30:00Z,0,,16,0,0,0,0,2,0,0.0,0,2,5,0.0,0,,54,1961,45,False,0,0,0,0,0,2
Remi Matthews,GKP,Crystal Palace,,0,0,0,0,0.0,555,0.00,0.00,0.00,0.00,11,0,0,0.0,0.0,2026-08-28T19:00:00Z,0,,15,0,0,0,0,2,0,1.7,0,4,1,0.0,0,,23358,31615,40,True,0,0,0,0,0,2
Matt Targett,DEF,Hull City,,0,0,0,0,0.0,556,0.00,0.00,0.00,0.00,13,0,0,0.0,0.0,2026-08-29T14:00:00Z,0,,7,0,0,0,0,2,0,1.6,0,1,0,0.0,0,,24842,87747,40,False,0,0,0,0,0,2
Christos Tzolis,MID,Arsenal,,0,0,1,0,11.8,557,0.01,0.01,0.00,0.10,20,0,0,1.6,0.0,2026-08-31T19:00:00Z,45,,2,0,0,0,0,2,0,12.0,1,1,0,4.0,0,,462835,1620412,63,False,1,1,0,2,0,2
Xaver Schlager,MID,Nott'm Forest,,0,0,15,0,0.7,558,0.00,0.05,0.05,1.75,14,0,0,2.9,21.2,2026-08-29T11:30:00Z,90,,14,0,0,0,0,2,0,0.1,1,2,2,7.0,4,,5914,5844,50,False,0,3,15,7,5,2
Aladji Bamba,MID,Newcastle,,0,0,0,0,0.0,559,0.00,0.00,0.00,0.00,15,0,0,0.0,0.0,2026-08-29T16:30:00Z,0,,19,0,0,0,0,2,0,0.1,0,2,0,0.0,0,,2571,7599,49,False,0,0,0,0,0,2
Mike Penders,GKP,Chelsea,,0,0,0,0,0.0,560,0.00,0.00,0.00,0.00,16,0,0,0.0,0.0,2026-08-30T13:00:00Z,0,,5,0,0,0,0,2,0,0.1,0,3,4,0.0,0,,2028,3634,44,True,0,0,0,0,0,2
Aaron Anselmino,DEF,Chelsea,,0,0,0,0,0.0,561,0.00,0.00,0.00,0.00,16,0,0,0.0,0.0,2026-08-30T13:00:00Z,0,,5,0,0,0,0,2,0,0.0,0,3,4,0.0,0,,826,1259,45,True,0,0,0,0,0,2
Daizen Maeda,MID,Ipswich Town,,0,0,10,0,1.4,562,0.01,0.07,0.06,3.91,18,0,0,2.8,8.0,2026-08-30T15:30:00Z,72,,16,0,0,0,0,2,0,0.2,1,2,5,19.0,2,,2874,20313,53,False,0,3,0,1,1,2
Hidemasa Morita,MID,Hull City,,0,0,6,0,13.4,563,0.00,0.00,0.00,1.09,13,0,0,2.4,11.0,2026-08-29T14:00:00Z,45,,7,0,0,0,0,2,0,0.0,1,1,0,0.0,1,,727,1785,49,False,0,2,0,1,0,2
Kjell Scherpen,GKP,Ipswich Town,,0,0,9,0,0.0,564,0.01,0.01,0.00,4.77,18,5,0,4.6,46.4,2026-08-30T15:30:00Z,90,,16,0,0,0,0,2,6,0.6,1,2,5,0.0,2,,15298,23535,45,False,0,4,0,13,0,2
Mamadou Sangaré,MID,Brentford,,0,0,16,0,25.3,565,0.03,0.24,0.21,1.46,17,0,0,6.1,24.4,2026-08-30T13:00:00Z,90,,13,0,0,0,0,2,0,9.8,1,1,1,11.0,4,,1228194,826542,56,False,0,5,14,5,4,2
António João Pereira de Albuquerque Tavares da Silva,DEF,Bournemouth,,0,0,11,0,1.8,566,0.03,0.28,0.25,1.84,12,0,0,3.3,18.6,2026-08-29T14:00:00Z,90,,9,0,0,0,0,2,0,0.4,1,1,1,13.0,4,,33248,25708,50,True,0,8,10,4,2,2
Lukás Hornícek,GKP,Newcastle,,0,0,32,1,0.0,567,0.00,0.00,0.00,1.12,15,0,0,3.5,34.6,2026-08-29T16:30:00Z,90,,19,0,0,0,0,2,4,1.5,1,2,0,0.0,7,,152282,71998,50,False,0,2,0,4,0,2
Valentín Barco,MID,Chelsea,,0,0,1,0,0.0,568,0.00,0.04,0.04,0.07,16,0,0,0.2,0.0,2026-08-30T13:00:00Z,8,,5,0,0,0,0,2,0,0.1,0,3,4,4.0,1,,3174,7043,54,True,0,1,0,0,0,2
Gonzalo García,FWD,Fulham,,0,0,2,0,2.8,569,0.01,0.28,0.27,2.02,19,0,0,3.2,5.6,2026-08-30T13:00:00Z,90,,20,0,0,0,0,2,0,4.1,1,0,1,24.0,2,,440616,314279,60,False,0,2,0,2,0,2
César Palacios,MID,Fulham,,0,0,6,0,1.3,570,0.00,0.02,0.02,1.62,19,0,0,0.7,3.0,2026-08-30T13:00:00Z,75,,20,0,0,0,0,2,0,0.2,1,0,1,3.0,1,,6033,10643,54,False,1,3,0,6,0,2
Florentino Ibrain Morris Luís,MID,Ipswich Town,,0,0,0,0,0.0,571,0.00,0.00,0.00,0.00,18,0,0,0.0,0.0,2026-08-30T15:30:00Z,0,,16,0,0,0,0,2,0,0.1,0,2,5,0.0,0,,1064,7088,48,False,0,0,0,0,0,2
Konstantinos Tzolakis,GKP,Hull City,,0,3,32,1,0.0,572,0.00,0.00,0.00,1.29,13,0,0,2.6,26.2,2026-08-29T14:00:00Z,90,,7,0,0,0,0,2,3,12.8,1,1,0,0.0,10,,1002866,220020,47,False,0,0,0,11,0,2
Juanlu Sánchez,DEF,Bournemouth,,0,0,0,0,0.0,573,0.00,0.00,0.00,0.00,12,0,0,0.0,0.0,2026-08-29T14:00:00Z,0,,9,0,0,0,0,2,0,0.2,0,1,1,0.0,0,,1579,7123,44,True,0,0,0,0,0,2
Jens Hjertø-Dahl,MID,Hull City,,0,0,0,0,0.0,574,0.00,0.00,0.00,0.00,13,0,0,0.0,0.0,2026-08-29T14:00:00Z,0,,7,0,0,0,0,2,0,0.1,0,1,0,0.0,0,,1442,4459,49,False,0,0,0,0,0,2
Caleb Yirenkyi,MID,Coventry City,,0,0,17,1,16.0,575,0.13,0.16,0.03,0.02,13,0,0,3.2,9.4,2026-08-29T14:00:00Z,70,,11,0,0,0,0,2,0,0.1,1,1,0,7.0,3,,2967,13722,48,True,0,3,0,4,0,2
Elliot Stroud,MID,Hull City,,0,0,-2,0,4.3,576,0.01,0.02,0.01,1.09,13,0,0,0.9,0.0,2026-08-29T14:00:00Z,58,,7,0,0,0,0,2,0,0.1,1,1,0,7.0,0,,3670,4717,50,False,1,2,0,5,0,2
Takehiro Tomiyasu,DEF,Crystal Palace,,0,0,-3,0,1.3,577,0.00,0.00,0.00,2.01,11,3,0,1.6,12.6,2026-08-28T19:00:00Z,73,,15,0,0,0,0,2,0,0.3,1,4,1,2.0,1,,3478,13407,44,True,0,7,0,3,1,2
Mykhailo Mudryk,MID,Spurs,,0,0,0,0,0.0,578,0.00,0.00,0.00,0.00,16,0,0,0.0,0.0,2026-08-30T13:00:00Z,0,,6,0,0,0,0,2,0,0.0,0,3,4,0.0,0,,5443,7632,53,False,0,0,0,0,0,2
Ronald Araujo,DEF,Liverpool,,0,0,-1,0,2.3,579,0.01,0.01,0.00,0.07,14,0,0,0.8,5.8,2026-08-29T11:30:00Z,13,,18,0,0,0,0,2,0,3.1,0,2,2,0.0,0,,150200,160775,54,True,1,1,0,2,0,2
Shea Charles,MID,Fulham,,0,0,2,0,2.8,580,0.03,0.12,0.09,1.77,19,0,0,0.9,0.6,2026-08-30T13:00:00Z,22,,20,0,0,0,0,2,0,0.1,0,0,1,6.0,1,,2437,4143,50,False,0,1,0,1,0,2
Ousmane Diomande,DEF,Nott'm Forest,,0,0,0,0,0.0,581,0.00,0.00,0.00,0.00,14,0,0,0.0,0.0,2026-08-29T11:30:00Z,0,,14,0,0,0,0,2,0,0.5,0,2,2,0.0,0,,13743,41849,54,False,0,0,0,0,0,2
Brian Madjo,FWD,Aston Villa,,0,0,0,0,0.0,582,0.00,0.00,0.00,0.00,20,0,0,0.0,0.0,2026-08-31T19:00:00Z,0,,1,0,0,0,0,2,0,0.2,0,1,0,0.0,0,,2963,30660,54,True,0,0,0,0,0,2
Pep Chavarría,DEF,Chelsea,,0,0,1,0,0.3,583,0.02,0.02,0.00,0.09,16,0,0,0.7,6.4,2026-08-30T13:00:00Z,18,,5,0,0,0,0,2,0,0.1,0,3,4,0.0,1,,3421,11188,49,True,0,2,0,1,1,2
Gustavo Hamer,MID,Coventry City,,0,0,2,0,1.5,584,0.02,0.02,0.00,0.69,13,0,0,0.2,0.2,2026-08-29T14:00:00Z,19,,11,0,0,0,0,2,0,0.1,0,1,0,0.0,1,,793,6423,54,True,0,0,0,0,0,2
Lucas Herrington,DEF,Hull City,,0,0,3,0,0.2,585,0.00,0.00,0.00,0.20,13,0,0,0.3,3.0,2026-08-29T14:00:00Z,31,,7,0,0,0,0,2,0,0.6,0,1,0,0.0,1,,12886,18672,40,False,0,1,0,0,0,2
Nobel Mendy,DEF,Hull City,,0,0,9,0,0.0,586,0.00,0.01,0.01,1.09,13,0,0,3.5,27.6,2026-08-29T14:00:00Z,58,,7,0,0,0,0,2,0,6.3,1,1,0,7.0,1,,683967,359524,41,False,0,7,0,2,2,2
Gerónimo Rulli,GKP,Man City,,0,0,0,0,0.0,587,0.00,0.00,0.00,0.00,11,0,0,0.0,0.0,2026-08-28T19:00:00Z,0,,8,0,0,0,0,2,0,0.0,0,4,1,0.0,0,,614,1117,50,False,0,0,0,0,0,2
Anan Khalaili,DEF,Crystal Palace,,0,0,9,0,1.5,588,0.00,0.02,0.02,2.01,11,3,0,3.1,26.4,2026-08-28T19:00:00Z,74,,15,0,0,0,0,2,0,0.3,1,4,1,3.0,2,,34904,15559,50,True,1,4,14,5,10,2
Lucas Gourna-Douath,MID,Hull City,,0,0,6,0,0.9,589,0.01,0.01,0.00,0.20,13,0,0,1.4,12.8,2026-08-29T14:00:00Z,45,,7,0,0,0,0,2,0,0.0,0,1,0,0.0,1,,702,1346,50,False,0,1,0,2,3,2
Steven Benda,GKP,Nott'm Forest,,0,0,0,0,0.0,590,0.00,0.00,0.00,0.00,14,0,0,0.0,0.0,2026-08-29T11:30:00Z,0,,14,0,0,0,0,2,0,0.1,0,2,2,0.0,0,,2674,2847,45,False,0,0,0,0,0,2
Julio Enciso,MID,Ipswich Town,,1,0,25,0,12.4,591,0.31,0.71,0.40,4.77,18,0,0,5.5,21.8,2026-08-30T15:30:00Z,90,,16,0,0,0,0,2,0,0.8,1,2,5,21.0,5,,94141,52719,55,False,0,0,0,7,1,2
Abdoul Ouattara,DEF,Ipswich Town,,0,0,-1,0,0.6,592,0.00,0.00,0.00,0.86,18,0,0,0.1,0.6,2026-08-30T15:30:00Z,17,,16,0,0,0,0,2,0,0.9,0,2,5,0.0,1,,13532,26318,40,False,0,0,0,1,0,2
Amar Dedic,DEF,Newcastle,,1,2,37,1,30.4,593,0.06,0.06,0.00,1.12,15,0,0,7.3,42.6,2026-08-29T16:30:00Z,90,,19,0,0,0,0,2,0,1.8,1,2,0,0.0,11,,447901,309450,45,False,0,5,0,5,3,2
Promise David,FWD,Brighton,,0,0,3,0,3.7,594,0.00,0.00,0.00,0.04,16,0,0,0.4,0.0,2026-08-30T13:00:00Z,10,,6,0,0,0,0,2,0,0.2,0,3,4,0.0,1,,15214,22587,59,False,0,0,0,0,0,2
Zavier Gozo,MID,Crystal Palace,,0,0,3,0,1.3,595,0.00,0.00,0.00,0.20,11,0,0,0.3,1.4,2026-08-28T19:00:00Z,22,,15,0,0,0,0,2,0,0.0,0,4,1,0.0,1,,491,886,49,True,0,0,0,0,1,2
Matteo Ruggeri,DEF,Aston Villa,,0,0,0,0,0.0,596,0.00,0.00,0.00,0.00,20,0,0,0.0,0.0,2026-08-31T19:00:00Z,0,,1,0,0,0,0,2,0,0.1,0,1,0,0.0,0,,3254,5624,45,True,0,0,0,0,0,2
Zion Suzuki,GKP,Aston Villa,,0,0,8,0,0.0,597,0.00,0.00,0.00,1.04,20,0,0,1.4,13.6,2026-08-31T19:00:00Z,90,,1,0,0,0,0,2,0,1.9,1,1,0,0.0,2,,152070,62950,50,True,0,2,0,9,0,2
Nico Elvedi,DEF,Leeds,,0,0,9,0,1.1,598,0.00,0.00,0.00,1.32,17,0,0,2.3,16.0,2026-08-30T13:00:00Z,56,,4,0,0,0,0,2,0,0.1,0,1,1,6.0,1,,5381,2815,45,True,0,5,0,4,1,2
Sidiki Cherif,FWD,Coventry City,,0,0,0,0,0.0,599,0.00,0.00,0.00,0.00,13,0,0,0.0,0.0,2026-08-29T14:00:00Z,0,,11,0,0,0,0,2,0,0.1,0,1,0,0.0,0,,7497,7626,50,True,0,0,0,0,0,2
Ibrahim Osman,MID,Brighton,,0,0,6,0,1.3,600,0.01,0.01,0.00,0.10,16,0,0,0.6,3.0,2026-08-30T13:00:00Z,16,,6,0,0,0,0,2,0,0.0,0,3,4,2.0,1,,949,1099,50,False,0,0,0,0,1,2
Luca Williams-Barnett,MID,Spurs,,0,0,0,0,0.0,601,0.00,0.00,0.00,0.00,15,0,0,0.0,0.0,2026-08-29T16:30:00Z,0,,17,0,0,0,0,2,0,0.1,0,2,0,0.0,0,,10258,7070,45,True,0,0,0,0,0,2
Cameron Humphreys,MID,Ipswich Town,,0,0,0,0,0.0,602,0.00,0.00,0.00,0.00,18,0,0,0.0,0.0,2026-08-30T15:30:00Z,0,,16,0,0,0,0,2,0,0.0,0,2,5,0.0,0,,2861,3246,45,False,0,0,0,0,0,2
Jayden Lienou,DEF,Leeds,,0,0,0,0,0.0,603,0.00,0.00,0.00,0.00,17,0,0,0.0,0.0,2026-08-30T13:00:00Z,0,,4,0,0,0,0,2,0,0.1,0,1,1,0.0,0,,6922,4001,40,True,0,0,0,0,0,2
Alfie Cresswell,MID,Leeds,,0,0,0,0,0.0,604,0.00,0.00,0.00,0.00,17,0,0,0.0,0.0,2026-08-30T13:00:00Z,0,,4,0,0,0,0,2,0,0.1,0,1,1,0.0,0,,14077,7961,45,True,0,0,0,0,0,2
Malick Yalcouyé,MID,Brighton,,0,1,39,0,20.1,605,0.16,0.86,0.70,2.83,16,0,1,11.3,50.8,2026-08-30T13:00:00Z,73,,6,0,0,0,0,2,0,4.0,1,3,4,42.0,8,,556325,172782,45,False,0,2,0,2,3,2
Triston Rowe,DEF,Aston Villa,,0,0,0,0,0.0,606,0.00,0.00,0.00,0.00,20,0,0,0.0,0.0,2026-08-31T19:00:00Z,0,,1,0,0,0,0,2,0,0.2,0,1,0,0.0,0,,13029,6190,40,True,0,0,0,0,0,2
Luka Lynch,MID,Aston Villa,,0,0,0,0,0.0,607,0.00,0.00,0.00,0.00,20,0,0,0.0,0.0,2026-08-31T19:00:00Z,0,,1,0,0,0,0,2,0,0.1,0,1,0,0.0,0,,7103,8180,45,True,0,0,0,0,0,2
Daniel Jebbison,FWD,Bournemouth,,0,0,0,0,0.0,608,0.00,0.00,0.00,0.00,12,0,0,0.0,0.0,2026-08-29T14:00:00Z,0,,9,0,0,0,0,2,0,0.1,0,1,1,0.0,0,,13328,7299,50,True,0,0,0,0,0,2
Leo Shahar,DEF,Newcastle,,0,0,0,0,0.0,609,0.00,0.00,0.00,0.00,15,0,0,0.0,0.0,2026-08-29T16:30:00Z,0,,19,0,0,0,0,2,0,0.2,0,2,0,0.0,0,,18236,15829,40,False,0,0,0,0,0,2
Luc De Fougerolles,DEF,Fulham,,0,0,0,0,0.0,610,0.00,0.00,0.00,0.00,19,0,0,0.0,0.0,2026-08-30T13:00:00Z,0,,20,0,0,0,0,2,0,0.1,0,0,1,0.0,0,,5787,5266,40,False,0,0,0,0,0,2
Aaron Wan-Bissaka,DEF,Aston Villa,,0,0,4,0,0.8,611,0.00,0.00,0.00,0.00,20,0,0,0.4,3.6,2026-08-31T19:00:00Z,12,,1,0,0,0,0,2,0,0.2,0,1,0,0.0,1,,18382,7846,45,True,0,0,0,0,2,2
Dayann Méthalie,DEF,Sunderland,,0,0,0,0,0.0,612,0.00,0.00,0.00,0.00,19,0,0,0.0,0.0,2026-08-30T13:00:00Z,0,,10,0,0,0,0,2,0,0.0,0,0,1,0.0,0,,915,501,45,True,0,0,0,0,0,2
Jules Ahoka,MID,Sunderland,,0,0,0,0,0.0,613,0.00,0.00,0.00,0.00,19,0,0,0.0,0.0,2026-08-30T13:00:00Z,0,,10,0,0,0,0,2,0,0.2,0,0,1,0.0,0,,25419,14374,45,True,0,0,0,0,0,2
Jaouen Hadjam,DEF,Brighton,,0,0,0,0,0.0,614,0.00,0.00,0.00,0.00,16,0,0,0.0,0.0,2026-08-30T13:00:00Z,0,,6,0,0,0,0,2,0,0.0,0,3,4,0.0,0,,3996,1967,45,False,0,0,0,0,0,2
Michele Di Gregorio,GKP,Bournemouth,,0,0,0,0,0.0,615,0.00,0.00,0.00,0.00,12,0,0,0.0,0.0,2026-08-29T14:00:00Z,0,,9,0,0,0,0,2,0,0.0,0,1,1,0.0,0,,2937,1749,45,True,0,0,0,0,0,2
Ayyoub Bouaddi,MID,Man City,,0,0,3,0,4.3,616,0.12,0.12,0.00,0.00,11,0,0,0.6,1.8,2026-08-28T19:00:00Z,8,,8,0,0,0,0,2,0,0.2,0,4,1,0.0,1,,21076,13618,55,False,0,1,0,0,0,2
Mohamed-Ali Cho,MID,Hull City,,0,0,3,0,0.3,617,0.00,0.00,0.00,0.18,13,0,0,0.1,0.4,2026-08-29T14:00:00Z,7,,7,0,0,0,0,2,0,0.0,0,1,0,0.0,1,,1807,772,50,False,0,0,0,0,0,2
Leon Goretzka,MID,Aston Villa,,0,0,0,0,0.0,618,0.00,0.00,0.00,0.00,20,0,0,0.0,0.0,2026-08-31T19:00:00Z,0,,1,0,0,0,0,2,0,0.0,0,1,0,0.0,0,,4636,4745,59,True,0,0,0,0,0,2
Exequiel Palacios,MID,Ipswich Town,,0,0,11,0,12.0,619,0.01,0.01,0.00,1.92,18,0,0,2.1,7.2,2026-08-30T15:30:00Z,28,,16,0,0,0,0,2,0,0.1,0,2,5,2.0,1,,9043,3490,50,False,0,2,0,3,1,2
El Hadji Malick Diouf,DEF,Brentford,,0,0,0,0,0.0,620,0.00,0.00,0.00,0.00,17,0,0,0.0,0.0,2026-08-30T13:00:00Z,0,,13,0,0,0,0,2,0,0.1,0,1,1,0.0,0,,13665,7377,45,False,0,0,0,0,0,2
Ryan McAidoo,MID,Man City,,0,0,3,0,0.5,621,0.00,0.10,0.10,0.00,11,0,0,0.1,0.0,2026-08-28T19:00:00Z,8,,8,0,0,0,0,2,0,0.1,0,4,1,1.0,1,,11377,7157,45,False,0,0,0,0,0,2
Kaden Braithwaite,DEF,Man City,,0,0,3,0,0.8,622,0.00,0.00,0.00,0.00,11,0,0,0.1,0.6,2026-08-28T19:00:00Z,1,,8,0,0,0,0,2,0,0.2,0,4,1,0.0,1,,16811,9257,40,False,0,0,0,1,0,2
Dan Bentley,GKP,Coventry City,,0,0,0,0,0.0,623,0.00,0.00,0.00,0.00,13,0,0,0.0,0.0,2026-08-29T14:00:00Z,0,,11,0,0,0,0,2,0,0.6,0,1,0,0.0,0,,78806,19372,40,True,0,0,0,0,0,2
Amario Cozier-Duberry,MID,Brighton,,0,0,0,0,0.0,624,0.00,0.00,0.00,0.00,16,0,0,0.0,0.0,2026-08-30T13:00:00Z,0,,6,0,0,0,0,2,0,0.0,0,3,4,0.0,0,,117,114,50,False,0,0,0,0,0,2
Alex Cairns,GKP,Leeds,,0,0,0,0,0.0,625,0.00,0.00,0.00,0.00,17,0,0,0.0,0.0,2026-08-30T13:00:00Z,0,,4,0,0,0,0,2,0,0.2,0,1,1,0.0,0,,19840,5974,40,True,0,0,0,0,0,2
Macaulay Zepa,MID,Fulham,,0,0,0,0,0.0,626,0.00,0.00,0.00,0.00,19,0,0,0.0,0.0,2026-08-30T13:00:00Z,0,,20,0,0,0,0,2,0,0.3,0,0,1,0.0,0,,35223,18604,44,False,0,0,0,0,0,2
David Raya Martín,GKP,Arsenal,,0,0,15,0,0.0,1,0.01,0.01,0.00,0.39,29,0,0,2.9,28.8,2026-09-06T15:30:00Z,90,,6,0,0,0,0,3,4,42.3,1,1,2,0.0,3,,975029,646041,61,True,0,2,0,11,0,3
Kepa Arrizabalaga Revuelta,GKP,Arsenal,,0,0,0,0,0.0,2,0.00,0.00,0.00,0.00,29,0,0,0.0,0.0,2026-09-06T15:30:00Z,0,,6,0,0,0,0,3,0,0.1,0,1,2,0.0,0,,1494,4292,49,True,0,0,0,0,0,3
Illan Meslier,GKP,Arsenal,,0,0,0,0,0.0,3,0.00,0.00,0.00,0.00,29,0,0,0.0,0.0,2026-09-06T15:30:00Z,0,,6,0,0,0,0,3,0,0.0,0,1,2,0.0,0,,517,1589,49,True,0,0,0,0,0,3
Gabriel dos Santos Magalhães,DEF,Arsenal,,0,0,10,0,2.4,4,0.02,0.33,0.31,0.39,29,0,0,10.2,23.6,2026-09-06T15:30:00Z,90,,6,0,0,0,0,3,0,22.7,1,1,2,76.0,2,,237976,913705,80,True,0,7,0,4,0,3
Jurriën Timber,DEF,Arsenal,,0,0,0,0,0.0,5,0.00,0.00,0.00,0.00,29,0,0,0.0,0.0,2026-09-06T15:30:00Z,0,,6,0,0,0,0,3,0,0.4,0,1,2,0.0,0,,35772,15324,65,True,0,0,0,0,0,3
William Saliba,DEF,Arsenal,,0,0,0,0,0.0,6,0.00,0.00,0.00,0.00,29,0,0,0.0,0.0,2026-09-06T15:30:00Z,0,,6,0,0,0,0,3,0,0.2,0,1,2,0.0,0,,3512,18731,59,True,0,0,0,0,0,3
Myles Lewis-Skelly,MID,Arsenal,,0,0,5,0,12.7,7,0.10,0.13,0.03,0.26,29,0,0,1.0,0.0,2026-09-06T15:30:00Z,66,,6,0,0,0,0,3,0,0.6,1,1,2,4.0,2,,29705,49980,54,True,0,0,0,2,0,3
Riccardo Calafiori,DEF,Arsenal,,0,0,0,0,3.2,8,0.03,0.42,0.39,0.26,29,0,0,3.4,4.4,2026-09-06T15:30:00Z,66,,6,0,0,0,0,3,0,50.5,1,1,2,26.0,2,,1664668,406418,58,True,0,0,0,1,1,3
Piero Hincapié,DEF,Arsenal,,0,0,3,0,0.5,9,0.00,0.00,0.00,0.13,29,0,0,0.9,6.0,2026-09-06T15:30:00Z,23,,6,0,0,0,0,3,0,0.9,0,1,2,2.0,1,,16365,117691,52,True,0,2,0,0,1,3
Benjamin White,DEF,Arsenal,,0,0,11,0,5.1,10,0.03,0.03,0.00,0.39,29,0,0,3.1,15.8,2026-09-06T15:30:00Z,90,,6,0,0,0,0,3,0,4.9,1,1,2,10.0,2,,456053,570239,55,True,0,4,0,4,2,3
Cristhian Mosquera,DEF,Arsenal,,0,0,0,0,0.0,11,0.00,0.00,0.00,0.00,29,0,0,0.0,0.0,2026-09-06T15:30:00Z,0,,6,0,0,0,0,3,0,1.6,0,1,2,0.0,0,,31476,468747,53,True,0,0,0,0,0,3
Bukayo Saka,MID,Arsenal,,0,0,13,0,27.8,12,0.23,0.46,0.23,0.39,29,0,0,10.8,10.6,2026-09-06T15:30:00Z,89,,6,0,0,0,0,3,0,13.9,1,1,2,70.0,2,,815982,400720,95,True,0,1,0,2,1,3
Declan Rice,MID,Arsenal,,1,0,22,0,19.9,13,0.08,0.11,0.03,0.39,29,0,0,5.6,33.8,2026-09-06T15:30:00Z,90,,6,0,0,0,0,3,0,11.5,1,1,2,2.0,5,,119629,733628,74,True,0,5,0,1,0,3
Eberechi Eze,MID,Arsenal,,0,0,0,0,0.0,14,0.00,0.00,0.00,0.00,29,0,0,0.0,0.0,2026-09-06T15:30:00Z,0,,6,0,0,0,0,3,0,1.0,0,1,2,0.0,0,,23757,140023,62,True,0,0,0,0,0,3
Martin Ødegaard,MID,Arsenal,,0,3,47,0,54.2,15,0.88,1.60,0.72,0.27,29,0,1,12.9,45.0,2026-09-06T15:30:00Z,76,,6,0,0,0,0,3,0,19.8,1,1,2,30.0,10,,1641442,553996,68,True,0,0,0,3,0,3
Noni Madueke,MID,Arsenal,,0,0,3,0,0.8,16,0.01,0.01,0.00,0.00,29,0,0,0.3,2.2,2026-09-06T15:30:00Z,1,,6,0,0,0,0,3,0,0.2,0,1,2,0.0,1,,6070,26052,62,True,0,0,0,0,1,3
Mikel Merino Zazón,MID,Arsenal,,0,0,0,0,1.1,17,0.00,0.00,0.00,0.11,29,0,0,0.1,0.0,2026-09-06T15:30:00Z,13,,6,0,0,0,0,3,0,0.4,0,1,2,0.0,0,,9567,48309,57,True,1,0,0,0,0,3
Gabriel Martinelli Silva,MID,Arsenal,,0,0,0,0,0.0,18,0.00,0.00,0.00,0.00,29,0,0,0.0,0.0,2026-09-06T15:30:00Z,0,,6,0,0,0,0,3,0,0.1,0,1,2,0.0,0,,2483,21910,63,True,0,0,0,0,0,3
Martín Zubimendi Ibáñez,MID,Arsenal,,0,0,1,0,0.8,19,0.02,0.10,0.08,0.13,29,0,0,1.3,1.4,2026-09-06T15:30:00Z,23,,6,0,0,0,0,3,0,0.6,0,1,2,11.0,1,,8551,66854,53,True,0,4,0,0,0,3
Max Dowman,MID,Arsenal,,0,0,0,0,0.0,20,0.00,0.00,0.00,0.00,29,0,0,0.0,0.0,2026-09-06T15:30:00Z,0,,6,0,0,0,0,3,0,0.1,0,1,2,0.0,0,,3068,7347,53,True,0,0,0,0,0,3
Christian Nørgaard,MID,Everton,,0,0,0,0,0.0,21,0.00,0.00,0.00,0.00,30,0,0,0.0,0.0,2026-09-06T13:00:00Z,0,,16,0,0,0,0,3,0,0.0,0,2,2,0.0,0,,501,7449,48,True,0,0,0,0,0,3
Ethan Nwaneri,MID,Arsenal,,0,0,0,0,0.0,22,0.00,0.00,0.00,0.00,29,0,0,0.0,0.0,2026-09-06T15:30:00Z,0,,6,0,0,0,0,3,0,0.0,0,1,2,0.0,0,,233,1256,54,True,0,0,0,0,0,3
Fábio Ferreira Vieira,MID,Arsenal,,0,0,0,0,0.0,23,0.00,0.00,0.00,0.00,29,0,0,0.0,0.0,2026-09-06T15:30:00Z,0,,6,0,0,0,0,3,0,0.0,0,1,2,0.0,0,,255,923,55,True,0,0,0,0,0,3
Reiss Nelson,MID,Arsenal,,0,0,0,0,0.0,24,0.00,0.00,0.00,0.00,29,0,0,0.0,0.0,2026-09-06T15:30:00Z,0,,6,0,0,0,0,3,0,0.0,0,1,2,0.0,0,,68,678,55,True,0,0,0,0,0,3
Viktor Gyökeres,FWD,Arsenal,,0,0,2,0,0.1,25,0.00,0.00,0.00,0.11,29,0,0,0.0,0.0,2026-09-06T15:30:00Z,12,,6,0,0,0,0,3,0,3.2,0,1,2,0.0,1,,44503,612492,71,True,0,0,0,1,0,3
Kai Havertz,FWD,Arsenal,,0,2,38,0,37.0,26,0.27,0.54,0.27,0.27,29,0,1,13.7,43.0,2026-09-06T15:30:00Z,77,,6,0,0,0,0,3,0,8.2,1,1,2,57.0,8,,654143,433219,76,True,0,1,0,0,0,3
Gabriel Fernando de Jesus,FWD,Arsenal,,0,0,0,0,0.0,27,0.00,0.00,0.00,0.00,29,0,0,0.0,0.0,2026-09-06T15:30:00Z,0,,6,0,0,0,0,3,0,0.1,0,1,2,0.0,0,,4164,29355,59,True,0,0,0,0,0,3
Emiliano Martínez Romero,GKP,Chelsea,,0,0,26,0,0.0,28,0.00,0.00,0.00,2.05,29,2,0,6.3,63.2,2026-09-06T15:30:00Z,90,,1,0,0,0,0,3,8,4.7,1,1,2,0.0,3,,246162,247696,50,False,0,0,0,8,0,3
Marco Bizot,GKP,Aston Villa,,0,0,0,0,0.0,29,0.00,0.00,0.00,0.00,25,0,0,0.0,0.0,2026-09-05T16:30:00Z,0,,11,0,0,0,0,3,0,0.1,0,0,0,0.0,0,,4662,7439,45,False,0,0,0,0,0,3
Lucas Digne,DEF,Aston Villa,,0,0,0,0,0.0,30,0.00,0.00,0.00,0.00,25,0,0,0.0,0.0,2026-09-05T16:30:00Z,0,,11,0,0,0,0,3,0,0.0,0,0,0,0.0,0,,0,8658,45,False,0,0,0,0,0,3
Ezri Konsa Ngoyo,DEF,Arsenal,,0,0,15,0,1.4,31,0.01,0.01,0.00,0.39,29,0,0,2.5,19.4,2026-09-06T15:30:00Z,90,,6,0,0,0,0,3,0,19.4,1,1,2,4.0,4,,1470141,644128,46,True,0,7,10,5,3,3
Matty Cash,DEF,Aston Villa,,0,0,23,1,16.3,32,0.03,0.03,0.00,0.22,25,0,0,2.9,6.4,2026-09-05T16:30:00Z,84,,11,0,0,0,0,3,0,4.8,1,0,0,6.0,6,,95546,420549,44,False,0,1,0,1,0,3
Tyrone Mings,DEF,Aston Villa,,0,0,28,1,4.4,33,0.02,0.13,0.11,0.57,25,0,0,3.2,14.8,2026-09-05T16:30:00Z,90,,11,0,0,0,0,3,0,0.4,1,0,0,13.0,6,,16670,17551,45,False,0,4,0,2,1,3
Pau Torres,DEF,Aston Villa,,0,0,0,0,0.0,34,0.00,0.00,0.00,0.00,25,0,0,0.0,0.0,2026-09-05T16:30:00Z,0,,11,0,0,0,0,3,0,0.3,0,0,0,0.0,0,,11240,27670,44,False,0,0,0,0,0,3
Lamare Bogarde,MID,Aston Villa,,0,0,0,0,0.0,35,0.00,0.00,0.00,0.00,25,0,0,0.0,0.0,2026-09-05T16:30:00Z,0,,11,0,0,0,0,3,0,0.1,0,0,0,0.0,0,,2919,4782,49,False,0,0,0,0,0,3
Ian Maatsen,DEF,Aston Villa,,0,1,29,1,19.8,36,0.42,0.42,0.00,0.22,25,0,0,3.4,10.6,2026-09-05T16:30:00Z,74,,11,0,0,0,0,3,0,0.5,1,0,0,4.0,7,,31897,62331,44,False,0,2,0,0,1,3
Victor Lindelöf,DEF,Aston Villa,,0,0,28,1,24.9,37,0.08,0.08,0.00,0.57,25,0,0,4.9,22.4,2026-09-05T16:30:00Z,90,,11,0,0,0,0,3,0,0.3,1,0,0,2.0,6,,14786,14433,45,False,0,4,0,3,0,3
Andrés García,DEF,Aston Villa,,0,0,0,0,0.0,38,0.00,0.00,0.00,0.00,25,0,0,0.0,0.0,2026-09-05T16:30:00Z,0,,11,0,0,0,0,3,0,1.5,0,0,0,0.0,0,,45385,68288,40,False,0,0,0,0,0,3
Kosta Nedeljkovic,DEF,Aston Villa,,0,0,0,0,0.0,39,0.00,0.00,0.00,0.00,25,0,0,0.0,0.0,2026-09-05T16:30:00Z,0,,11,0,0,0,0,3,0,0.1,0,0,0,0.0,0,,0,15284,40,False,0,0,0,0,0,3
Morgan Rogers,MID,Chelsea,,0,0,22,0,13.6,40,0.03,0.11,0.08,2.05,29,0,1,6.0,30.2,2026-09-06T15:30:00Z,86,,1,0,0,0,0,3,0,40.6,1,1,2,16.0,6,,2494253,666480,77,False,1,0,0,5,0,3
Emiliano Buendía Stati,MID,Aston Villa,,0,0,2,1,10.8,41,0.05,0.66,0.61,0.22,25,0,0,1.4,0.0,2026-09-05T16:30:00Z,74,,11,0,0,0,0,3,0,1.0,1,0,0,7.0,3,,61249,95809,59,False,0,0,0,2,0,3
Evann Guessand,MID,Crystal Palace,,0,0,0,0,0.0,42,0.00,0.00,0.00,0.00,24,0,0,0.0,0.0,2026-09-05T14:00:00Z,0,,10,0,0,0,0,3,0,0.0,0,3,2,0.0,0,,2410,3649,54,False,0,0,0,0,0,3
Youri Tielemans,MID,Man Utd,,0,0,17,0,18.9,43,0.06,0.11,0.05,1.01,30,0,0,4.7,18.6,2026-09-06T13:00:00Z,90,,9,0,0,0,0,3,0,1.5,1,2,2,9.0,2,,44789,161802,58,False,0,2,0,5,0,3
Leon Bailey,MID,Aston Villa,,0,0,0,0,0.0,44,0.00,0.00,0.00,0.00,25,0,0,0.0,0.0,2026-09-05T16:30:00Z,0,,11,0,0,0,0,3,0,0.1,0,0,0,0.0,0,,2096,13258,54,False,0,0,0,0,0,3
John McGinn,MID,Aston Villa,,0,0,6,1,5.6,45,0.03,0.71,0.68,0.57,25,0,0,1.1,1.4,2026-09-05T16:30:00Z,90,,11,0,0,0,0,3,0,2.2,1,0,0,4.0,3,,71282,156239,54,False,0,1,0,2,2,3
Ross Barkley,MID,Aston Villa,,0,0,15,1,34.1,46,0.09,0.31,0.22,0.57,25,0,0,6.3,13.6,2026-09-05T16:30:00Z,90,,11,0,0,0,0,3,0,0.3,1,0,0,15.0,3,,16160,16350,50,False,0,2,0,4,0,3
Boubacar Kamara,MID,Aston Villa,,0,0,20,1,26.2,47,0.07,0.07,0.00,0.57,25,0,0,4.0,13.6,2026-09-05T16:30:00Z,90,,11,0,0,0,0,3,0,0.3,1,0,0,0.0,3,,14602,21628,50,False,0,3,0,6,1,3
Amadou Onana,MID,Aston Villa,,0,0,0,0,0.0,48,0.00,0.00,0.00,0.00,25,0,0,0.0,0.0,2026-09-05T16:30:00Z,0,,11,0,0,0,0,3,0,0.0,0,0,0,0.0,0,,515,1671,49,False,0,0,0,0,0,3
Samuel Iling-Junior,MID,Aston Villa,,0,0,0,0,0.0,49,0.00,0.00,0.00,0.00,25,0,0,0.0,0.0,2026-09-05T16:30:00Z,0,,11,0,0,0,0,3,0,0.0,0,0,0,0.0,0,,0,237,50,False,0,0,0,0,0,3
Bradley Burrowes,MID,Aston Villa,,0,0,0,0,0.0,50,0.00,0.00,0.00,0.00,25,0,0,0.0,0.0,2026-09-05T16:30:00Z,0,,11,0,0,0,0,3,0,0.6,0,0,0,0.0,0,,21492,35262,45,False,0,0,0,0,0,3
George Hemmings,MID,Aston Villa,,0,0,12,1,13.5,51,0.14,0.21,0.07,0.22,25,0,0,4.5,10.8,2026-09-05T16:30:00Z,74,,11,0,0,0,0,3,0,1.2,1,0,0,21.0,3,,116047,70142,45,False,0,2,0,4,1,3
Alysson Edward Franco da Rocha dos Santos,MID,Aston Villa,,0,0,3,0,1.8,52,0.00,0.00,0.00,0.35,25,0,0,0.2,0.2,2026-09-05T16:30:00Z,15,,11,0,0,0,0,3,0,0.0,0,0,0,0.0,1,,3355,3686,50,False,0,0,0,1,0,3
Johan Manzambi,MID,Aston Villa,,0,0,0,0,0.0,53,0.00,0.00,0.00,0.00,25,0,0,0.0,0.0,2026-09-05T16:30:00Z,0,,11,0,0,0,0,3,0,0.4,0,0,0,0.0,0,,32544,20379,59,False,0,0,0,0,0,3
Joao Gomes,MID,Aston Villa,,0,0,0,0,0.0,54,0.00,0.00,0.00,0.00,25,0,0,0.0,0.0,2026-09-05T16:30:00Z,0,,11,0,0,0,0,3,0,0.0,0,0,0,0.0,0,,1336,4115,55,False,0,0,0,0,0,3
Ollie Watkins,FWD,Aston Villa,,0,0,0,0,0.0,55,0.00,0.00,0.00,0.00,25,0,0,0.0,0.0,2026-09-05T16:30:00Z,0,,11,0,0,0,0,3,0,2.5,0,0,0,0.0,0,,14882,761096,78,False,0,0,0,0,0,3
Tammy Abraham,FWD,Aston Villa,,0,0,3,0,1.0,56,0.00,0.00,0.00,0.35,25,0,0,0.3,2.0,2026-09-05T16:30:00Z,5,,11,0,0,0,0,3,0,0.2,0,0,0,0.0,1,,15876,13018,55,False,0,0,0,0,1,3
Đorđe Petrović,GKP,Bournemouth,,0,0,0,0,0.0,57,0.00,0.00,0.00,0.71,27,2,0,0.3,3.4,2026-09-05T11:30:00Z,90,,17,0,0,0,0,3,0,3.0,1,2,2,0.0,1,,112890,125290,45,False,0,1,0,8,0,3
Fraser Forster,GKP,Bournemouth,,0,0,0,0,0.0,58,0.00,0.00,0.00,0.00,27,0,0,0.0,0.0,2026-09-05T11:30:00Z,0,,17,0,0,0,0,3,0,3.5,0,2,2,0.0,0,,117900,79619,40,False,0,0,0,0,0,3
Will Dennis,GKP,Bournemouth,,0,0,0,0,0.0,59,0.00,0.00,0.00,0.00,27,0,0,0.0,0.0,2026-09-05T11:30:00Z,0,,17,0,0,0,0,3,0,0.1,0,2,2,0.0,0,,1133,7556,40,False,0,0,0,0,0,3
James Hill,DEF,Bournemouth,,0,0,4,0,31.5,60,0.02,0.02,0.00,0.71,27,2,0,5.0,16.8,2026-09-05T11:30:00Z,90,,17,0,0,0,0,3,0,0.8,1,2,2,2.0,1,,31233,43909,55,False,0,6,0,1,0,3
Adrien Truffert,DEF,Bournemouth,,0,0,-3,0,15.7,61,0.06,0.07,0.01,0.71,27,2,0,2.8,10.2,2026-09-05T11:30:00Z,90,,17,0,0,0,0,3,0,3.0,1,2,2,2.0,0,,56893,161280,54,False,1,3,0,5,3,3
Bafodé Diakité,DEF,Bournemouth,,0,0,0,0,0.0,62,0.00,0.00,0.00,0.00,27,0,0,0.0,0.0,2026-09-05T11:30:00Z,0,,17,0,0,0,0,3,0,0.2,0,2,2,0.0,0,,7156,12081,49,False,0,0,0,0,0,3
Veljko Milosavljevic,DEF,Bournemouth,,0,0,0,0,0.0,63,0.00,0.00,0.00,0.00,27,0,0,0.0,0.0,2026-09-05T11:30:00Z,0,,17,0,0,0,0,3,0,0.0,0,2,2,0.0,0,,342,847,49,False,0,0,0,0,0,3
Adam Smith,DEF,Bournemouth,,0,0,3,0,25.3,64,0.04,0.05,0.01,0.71,27,2,0,3.9,9.6,2026-09-05T11:30:00Z,90,,17,0,0,0,0,3,0,0.1,1,2,2,4.0,0,,7234,7343,45,False,1,3,0,6,1,3
Julián Araujo Zúñiga,DEF,Bournemouth,,0,0,0,0,0.0,65,0.00,0.00,0.00,0.00,27,0,0,0.0,0.0,2026-09-05T11:30:00Z,0,,17,0,0,0,0,3,0,0.0,0,2,2,0.0,0,,426,1296,44,False,0,0,0,0,0,3
Julio Soler Barreto,DEF,Bournemouth,,0,0,0,0,0.0,66,0.00,0.00,0.00,0.00,27,0,0,0.0,0.0,2026-09-05T11:30:00Z,0,,17,0,0,0,0,3,0,0.3,0,2,2,0.0,0,,13860,11075,40,False,0,0,0,0,0,3
Rayan Vitor Simplício Rocha,MID,Bournemouth,,0,0,8,0,0.9,67,0.01,0.05,0.04,0.66,27,0,0,1.3,1.6,2026-09-05T11:30:00Z,88,,17,0,0,0,0,3,0,1.6,1,2,2,10.0,2,,53081,169776,63,False,0,1,0,0,1,3
Marcus Tavernier,MID,Bournemouth,,0,3,43,0,13.2,68,0.05,1.06,1.01,0.66,27,0,1,13.7,46.6,2026-09-05T11:30:00Z,88,,17,0,0,0,0,3,0,6.8,1,2,2,77.0,10,,701022,222963,61,False,0,0,0,8,1,3
Alex Scott,MID,Bournemouth,,2,2,37,0,22.9,69,0.02,0.09,0.07,0.71,27,0,0,4.8,13.4,2026-09-05T11:30:00Z,90,,17,0,0,0,0,3,0,5.8,1,2,2,12.0,10,,550143,212144,61,False,0,5,0,6,0,3
Justin Kluivert,MID,Bournemouth,,0,0,6,0,2.0,70,0.01,0.07,0.06,0.48,27,0,0,0.2,0.0,2026-09-05T11:30:00Z,75,,17,0,0,0,0,3,0,0.9,1,2,2,3.0,1,,52663,84208,60,False,1,0,0,3,1,3
Lewis Cook,MID,Bournemouth,,0,0,2,0,0.3,71,0.00,0.00,0.00,0.23,27,0,0,0.0,0.0,2026-09-05T11:30:00Z,14,,17,0,0,0,0,3,0,0.2,0,2,2,0.0,1,,13120,13990,50,False,0,1,0,0,0,3
Ben Gannon-Doak,MID,Bournemouth,,0,0,3,0,0.5,72,0.00,0.02,0.02,0.05,27,0,0,0.8,2.0,2026-09-05T11:30:00Z,1,,17,0,0,0,0,3,0,0.1,0,2,2,5.0,1,,1654,4663,49,False,0,0,0,1,1,3
Tyler Adams,MID,Bournemouth,,0,0,15,0,11.5,73,0.01,0.01,0.00,0.48,27,0,0,2.4,12.2,2026-09-05T11:30:00Z,75,,17,0,0,0,0,3,0,0.3,1,2,2,0.0,4,,18376,16726,50,False,0,1,12,8,3,3
David Brooks,MID,Bournemouth,,0,0,2,0,0.0,74,0.00,0.00,0.00,0.23,27,0,0,0.0,0.0,2026-09-05T11:30:00Z,14,,17,0,0,0,0,3,0,0.1,0,2,2,0.0,1,,3379,3804,50,False,0,0,0,0,0,3
Ryan Christie,MID,Bournemouth,,0,0,3,0,0.0,75,0.00,0.00,0.00,0.00,27,0,0,0.0,0.0,2026-09-05T11:30:00Z,1,,17,0,0,0,0,3,0,0.0,0,2,2,0.0,1,,3570,2210,50,False,0,0,0,0,0,3
Alex Tóth,MID,Bournemouth,,0,0,0,0,0.0,76,0.00,0.00,0.00,0.00,27,0,0,0.0,0.0,2026-09-05T11:30:00Z,0,,17,0,0,0,0,3,0,0.0,0,2,2,0.0,0,,386,786,49,False,0,0,0,0,0,3
Amine Adli,MID,Bournemouth,,0,0,0,0,0.0,77,0.00,0.00,0.00,0.00,27,0,0,0.0,0.0,2026-09-05T11:30:00Z,0,,17,0,0,0,0,3,0,0.0,0,2,2,0.0,0,,298,2220,49,False,0,0,0,0,0,3
Junior Kroupi,MID,Bournemouth,,0,0,0,0,0.0,78,0.00,0.00,0.00,0.00,27,0,0,0.0,0.0,2026-09-05T11:30:00Z,0,,17,0,0,0,0,3,0,0.2,0,2,2,0.0,0,,1259,27448,74,False,0,0,0,0,0,3
Francisco Evanilson de Lima Barbosa,FWD,Bournemouth,,0,0,4,0,5.1,79,0.01,0.14,0.13,0.71,27,0,0,2.9,3.2,2026-09-05T11:30:00Z,90,,17,0,0,0,0,3,0,3.2,1,2,2,21.0,2,,255398,177065,60,False,0,4,0,3,0,3
Enes Ünal,FWD,Bournemouth,,0,0,0,0,0.0,80,0.00,0.00,0.00,0.00,27,0,0,0.0,0.0,2026-09-05T11:30:00Z,0,,17,0,0,0,0,3,0,0.0,0,2,2,0.0,0,,0,1987,55,False,0,0,0,0,0,3
Álvaro Rodríguez,FWD,Bournemouth,,0,0,0,0,0.0,81,0.00,0.00,0.00,0.00,27,0,0,0.0,0.0,2026-09-05T11:30:00Z,0,,17,0,0,0,0,3,0,0.1,0,2,2,0.0,0,,5568,6885,60,False,0,0,0,0,0,3
Caoimhín Kelleher,GKP,Brentford,,0,0,10,0,0.0,82,0.00,0.00,0.00,1.71,22,0,0,1.7,16.8,2026-09-05T14:00:00Z,90,,20,0,0,0,0,3,0,6.1,1,1,1,0.0,2,,252924,215004,50,True,0,2,0,6,0,3
Hákon Rafn Valdimarsson,GKP,Brentford,,0,0,0,0,0.0,83,0.00,0.00,0.00,0.00,22,0,0,0.0,0.0,2026-09-05T14:00:00Z,0,,20,0,0,0,0,3,0,0.1,0,1,1,0.0,0,,2886,4606,45,True,0,0,0,0,0,3
Nathan Collins,DEF,Brentford,,0,0,4,0,0.0,84,0.00,0.00,0.00,0.10,22,0,0,0.1,1.0,2026-09-05T14:00:00Z,16,,20,0,0,0,0,3,0,0.9,1,1,1,0.0,1,,58746,157349,54,True,0,1,0,0,0,3
Sepp van den Berg,DEF,Brentford,,0,0,0,0,0.0,85,0.00,0.00,0.00,0.00,22,0,0,0.0,0.0,2026-09-05T14:00:00Z,0,,20,0,0,0,0,3,0,0.1,0,1,1,0.0,0,,414,8985,49,True,0,0,0,0,0,3
Keane Lewis-Potter,MID,Brentford,,0,0,4,0,45.1,86,0.40,0.64,0.24,1.71,22,0,0,7.5,8.2,2026-09-05T14:00:00Z,90,,20,0,0,0,0,3,0,1.7,1,1,1,22.0,2,,190552,120949,55,True,0,4,0,1,1,3
Kristoffer Ajer,DEF,Brentford,,0,0,8,0,0.3,87,0.00,0.00,0.00,1.71,22,0,0,1.2,11.8,2026-09-05T14:00:00Z,90,,20,0,0,0,0,3,0,3.9,1,1,1,0.0,2,,317785,277731,45,True,0,5,0,2,0,3
Michael Kayode,DEF,Brentford,,0,0,2,0,0.3,88,0.00,0.03,0.03,0.35,22,0,0,1.0,7.6,2026-09-05T14:00:00Z,45,,20,0,0,0,0,3,0,7.6,1,1,1,2.0,1,,597270,368969,46,True,0,5,0,2,0,3
Rico Henry,DEF,Brentford,,0,0,0,0,0.0,89,0.00,0.00,0.00,0.00,22,0,0,0.0,0.0,2026-09-05T14:00:00Z,0,,20,0,0,0,0,3,0,0.2,0,1,1,0.0,0,,1991,8633,44,True,0,0,0,0,0,3
Aaron Hickey,DEF,Brentford,,0,0,0,0,1.0,90,0.00,0.00,0.00,1.36,22,0,0,0.9,7.6,2026-09-05T14:00:00Z,45,,20,0,0,0,0,3,0,0.1,0,1,1,0.0,1,,2111,3000,45,True,0,4,0,2,1,3
Ethan Pinnock,DEF,Coventry City,,0,0,3,0,0.0,91,0.00,0.11,0.11,2.12,26,0,0,2.4,18.2,2026-09-05T14:00:00Z,90,,15,0,0,0,0,3,0,0.1,1,0,1,6.0,3,,2606,4018,45,False,1,12,13,2,1,3
Kim Ji-soo,DEF,Brentford,,0,0,0,0,0.0,92,0.00,0.00,0.00,0.00,22,0,0,0.0,0.0,2026-09-05T14:00:00Z,0,,20,0,0,0,0,3,0,0.0,0,1,1,0.0,0,,496,963,44,True,0,0,0,0,0,3
Jannik Schuster,DEF,Brentford,,0,0,11,0,0.2,93,0.01,0.11,0.10,1.61,22,0,0,2.1,17.2,2026-09-05T14:00:00Z,73,,20,0,0,0,0,3,0,0.3,0,1,1,4.0,4,,17818,7138,45,True,0,10,10,0,0,3
Kevin Schade,MID,Brentford,,0,0,11,0,13.3,94,0.17,0.17,0.00,1.71,22,0,0,2.5,4.0,2026-09-05T14:00:00Z,90,,20,0,0,0,0,3,0,11.8,1,1,1,8.0,2,,1038036,248971,62,True,0,0,0,5,0,3
Dango Ouattara,MID,Brentford,,0,0,6,0,11.3,95,0.01,0.01,0.00,0.35,22,0,0,1.8,6.8,2026-09-05T14:00:00Z,45,,20,0,0,0,0,3,0,0.5,1,1,1,0.0,1,,15243,82468,63,True,0,3,0,7,1,3
Mikkel Damsgaard,MID,Brentford,,1,3,30,0,28.5,96,0.21,0.21,0.00,1.63,22,0,0,4.5,10.0,2026-09-05T14:00:00Z,85,,20,0,0,0,0,3,0,0.4,1,1,1,6.0,8,,15310,30455,54,True,0,1,0,3,0,3
Mathias Jensen,MID,Brentford,,0,0,0,0,0.0,97,0.00,0.00,0.00,0.00,22,0,0,0.0,0.0,2026-09-05T14:00:00Z,0,,20,0,0,0,0,3,0,0.1,0,1,1,0.0,0,,4507,15121,54,True,0,0,0,0,0,3
Vitaly Janelt,MID,Brentford,,0,3,30,0,3.1,98,0.01,0.12,0.11,1.71,22,0,1,6.8,48.0,2026-09-05T14:00:00Z,90,,20,0,0,0,0,3,0,2.5,1,1,1,17.0,11,,308032,108206,50,True,1,3,12,5,4,3
Antoni Milambo,MID,Brentford,,0,0,0,0,0.0,99,0.00,0.00,0.00,0.00,22,0,0,0.0,0.0,2026-09-05T14:00:00Z,0,,20,0,0,0,0,3,0,0.0,0,1,1,0.0,0,,116,160,50,True,0,0,0,0,0,3
Fábio Freitas Gouveia Carvalho,MID,Brentford,,0,0,0,0,0.0,100,0.00,0.00,0.00,0.00,22,0,0,0.0,0.0,2026-09-05T14:00:00Z,0,,20,0,0,0,0,3,0,0.0,0,1,1,0.0,0,,1921,1461,50,True,0,0,0,0,0,3
Jordan Henderson,MID,Chelsea,,0,0,0,0,0.0,101,0.00,0.00,0.00,0.00,29,0,0,0.0,0.0,2026-09-06T15:30:00Z,0,,1,0,0,0,0,3,0,0.0,0,1,2,0.0,0,,1153,2643,49,False,0,0,0,0,0,3
Yehor Yarmoliuk,MID,Brentford,,0,0,1,0,3.4,102,0.02,0.05,0.03,1.36,22,0,0,0.8,2.4,2026-09-05T14:00:00Z,45,,20,0,0,0,0,3,0,0.6,0,1,1,2.0,0,,5887,61868,48,True,1,1,0,3,1,3
Josh Dasilva,MID,Brentford,,0,0,0,0,0.0,103,0.00,0.00,0.00,0.00,22,0,0,0.0,0.0,2026-09-05T14:00:00Z,0,,20,0,0,0,0,3,0,0.0,0,1,1,0.0,0,,401,1953,49,True,0,0,0,0,0,3
Frank Onyeka,MID,Coventry City,,0,0,5,0,0.4,104,0.00,0.00,0.00,1.17,26,0,0,0.1,0.4,2026-09-05T14:00:00Z,62,,15,0,0,0,0,3,0,0.1,1,0,1,0.0,2,,3995,9604,49,False,0,0,0,2,1,3
Jaidon Anthony,MID,Brentford,,0,0,3,0,2.2,105,0.01,0.06,0.05,1.36,22,0,0,0.4,0.0,2026-09-05T14:00:00Z,45,,20,0,0,0,0,3,0,0.1,0,1,1,3.0,1,,7521,11066,59,True,0,0,0,4,0,3
Igor Thiago Nascimento Rodrigues,FWD,Brentford,,0,0,9,0,1.4,106,0.01,0.51,0.50,1.71,22,0,0,6.0,16.0,2026-09-05T14:00:00Z,90,,20,0,0,0,0,3,0,9.1,1,1,1,43.0,2,,284742,1037892,78,True,0,3,0,2,1,3
Kaye Furo,FWD,Brentford,,0,0,0,0,0.0,107,0.00,0.00,0.00,0.00,22,0,0,0.0,0.0,2026-09-05T14:00:00Z,0,,20,0,0,0,0,3,0,0.9,0,1,1,0.0,0,,61736,67147,45,True,0,0,0,0,0,3
Callum Wilson,FWD,Brentford,,0,0,2,0,0.0,108,0.00,0.00,0.00,0.08,22,0,0,0.1,1.0,2026-09-05T14:00:00Z,4,,20,0,0,0,0,3,0,0.3,0,1,1,0.0,1,,15657,26644,54,True,0,1,0,0,0,3
Bart Verbruggen,GKP,Brighton,,0,0,17,0,3.0,109,0.20,0.20,0.00,2.49,23,0,0,3.2,29.2,2026-09-05T14:00:00Z,90,,13,0,0,0,0,3,3,21.6,1,1,1,0.0,3,,771651,613220,45,True,0,0,0,5,0,3
Carl Rushworth,GKP,Coventry City,,0,0,13,0,0.0,110,0.00,0.00,0.00,2.12,26,0,0,1.9,18.8,2026-09-05T14:00:00Z,90,,15,0,0,0,0,3,0,0.8,1,0,1,0.0,2,,23915,59368,45,False,0,1,0,9,0,3
Jason Steele,GKP,Brighton,,0,0,0,0,0.0,111,0.00,0.00,0.00,0.00,23,0,0,0.0,0.0,2026-09-05T14:00:00Z,0,,13,0,0,0,0,3,0,4.1,0,1,1,0.0,0,,147770,121515,40,True,0,0,0,0,0,3
Jan Paul van Hecke,DEF,Spurs,,0,2,29,1,12.8,112,0.01,0.10,0.09,0.92,28,0,0,4.0,16.6,2026-09-05T14:00:00Z,90,,18,0,0,0,0,3,0,6.5,1,0,0,11.0,8,,155401,480775,49,False,0,3,0,4,1,3
Ferdi Kadıoğlu,DEF,Brighton,,0,0,8,0,12.5,113,0.01,0.07,0.06,2.40,23,0,0,4.4,12.6,2026-09-05T14:00:00Z,77,,13,0,0,0,0,3,0,1.6,1,1,1,19.0,2,,30744,134998,44,True,0,4,0,2,1,3
Olivier Boscagli,DEF,Brighton,,0,0,17,0,62.3,114,0.33,0.33,0.00,2.49,23,0,0,8.3,20.6,2026-09-05T14:00:00Z,90,,13,0,0,0,0,3,0,0.3,1,1,1,0.0,2,,16466,11937,45,True,0,4,0,4,0,3
Maxim De Cuyper,DEF,Brighton,,1,0,17,0,22.1,115,0.14,0.14,0.00,2.40,23,0,0,4.4,19.6,2026-09-05T14:00:00Z,76,,13,0,0,0,0,3,0,27.9,1,1,1,2.0,4,,2734862,409330,50,True,1,1,0,4,1,3
Lewis Dunk,DEF,Brighton,,0,1,20,0,1.9,116,0.01,0.01,0.00,2.49,23,0,0,3.7,30.8,2026-09-05T14:00:00Z,90,,13,0,0,0,0,3,0,1.5,1,1,1,4.0,5,,89258,51953,45,True,0,12,12,5,0,3
Diego Coppola,DEF,Brighton,,0,0,0,0,0.0,117,0.00,0.00,0.00,0.00,23,0,0,0.0,0.0,2026-09-05T14:00:00Z,0,,13,0,0,0,0,3,0,0.0,0,1,1,0.0,0,,927,1067,45,True,0,0,0,0,0,3
Igor Julio dos Santos de Paulo,DEF,Brighton,,0,0,0,0,0.0,118,0.00,0.00,0.00,0.00,23,0,0,0.0,0.0,2026-09-05T14:00:00Z,0,,13,0,0,0,0,3,0,0.0,0,1,1,0.0,0,,915,5956,45,True,0,0,0,0,0,3
João Pedro Loureiro da Costa,DEF,Brighton,,0,0,7,0,14.5,119,0.16,0.16,0.00,0.10,23,0,0,2.0,5.8,2026-09-05T14:00:00Z,12,,13,0,0,0,0,3,0,0.0,0,1,1,0.0,1,,1287,1466,45,True,0,1,0,0,0,3
Michael Svoboda,DEF,Brighton,,0,0,0,0,0.0,120,0.00,0.00,0.00,0.00,23,0,0,0.0,0.0,2026-09-05T14:00:00Z,0,,13,0,0,0,0,3,0,0.1,0,1,1,0.0,0,,4536,4007,50,True,0,0,0,0,0,3
Mitoma Kaoru,MID,Brighton,,0,0,0,0,0.0,121,0.00,0.00,0.00,0.00,23,0,0,0.0,0.0,2026-09-05T14:00:00Z,0,,13,0,0,0,0,3,0,0.0,0,1,1,0.0,0,,566,3123,59,True,0,0,0,0,0,3
Yankuba Minteh,MID,Brighton,,0,0,0,0,0.0,122,0.00,0.00,0.00,0.00,23,0,0,0.0,0.0,2026-09-05T14:00:00Z,0,,13,0,0,0,0,3,0,0.0,0,1,1,0.0,0,,338,6916,58,True,0,0,0,0,0,3
Jack Hinshelwood,MID,Brighton,,0,0,0,0,0.0,123,0.00,0.00,0.00,0.00,23,0,0,0.0,0.0,2026-09-05T14:00:00Z,0,,13,0,0,0,0,3,0,0.6,0,1,1,0.0,0,,147919,216383,59,True,0,0,0,0,0,3
Pascal Groß,MID,Brighton,,0,0,-1,0,16.5,124,0.04,0.83,0.79,2.49,23,0,0,3.2,0.0,2026-09-05T14:00:00Z,90,,13,0,0,0,0,3,0,29.4,1,1,1,19.0,1,,2191665,543603,59,True,1,2,0,2,0,3
Georginio Rutter,FWD,Brighton,,0,0,0,0,0.0,125,0.00,0.00,0.00,0.00,23,0,0,0.0,0.0,2026-09-05T14:00:00Z,0,,13,0,0,0,0,3,0,0.5,0,1,1,0.0,0,,34858,76699,53,True,0,0,0,0,0,3
Matt O'Riley,MID,Brighton,,0,0,0,0,0.0,126,0.00,0.00,0.00,0.00,23,0,0,0.0,0.0,2026-09-05T14:00:00Z,0,,13,0,0,0,0,3,0,0.1,0,1,1,0.0,0,,3624,6550,54,True,0,0,0,0,0,3
Diego Gómez Amarilla,MID,Brighton,,0,0,13,0,26.4,127,0.05,0.14,0.09,2.49,23,0,0,7.2,15.2,2026-09-05T14:00:00Z,90,,13,0,0,0,0,3,0,3.9,1,1,1,30.0,2,,335423,302345,50,True,0,2,0,4,3,3
Facundo Buonanotte,MID,Brighton,,0,0,0,0,0.0,128,0.00,0.00,0.00,0.00,23,0,0,0.0,0.0,2026-09-05T14:00:00Z,0,,13,0,0,0,0,3,0,0.0,0,1,1,0.0,0,,0,330,50,True,0,0,0,0,0,3
Yasin Ayari,MID,Brighton,,0,0,18,0,14.8,129,0.04,0.21,0.17,2.49,23,0,0,4.4,11.4,2026-09-05T14:00:00Z,90,,13,0,0,0,0,3,0,0.4,1,1,1,18.0,2,,12775,41705,54,True,0,1,0,2,0,3
Mats Wieffer,DEF,Brighton,,0,0,0,0,0.0,130,0.00,0.00,0.00,0.00,23,0,0,0.0,0.0,2026-09-05T14:00:00Z,0,,13,0,0,0,0,3,0,0.2,0,1,1,0.0,0,,25950,43537,49,True,0,0,0,0,0,3
Carlos Baleba,MID,Man Utd,,0,0,0,0,0.0,131,0.00,0.00,0.00,0.00,30,0,0,0.0,0.0,2026-09-06T13:00:00Z,0,,9,0,0,0,0,3,0,0.1,0,2,2,0.0,0,,6877,14428,49,False,0,0,0,0,0,3
Harry Howell,MID,Brighton,,0,0,0,0,0.0,132,0.00,0.00,0.00,0.00,23,0,0,0.0,0.0,2026-09-05T14:00:00Z,0,,13,0,0,0,0,3,0,0.0,0,1,1,0.0,0,,0,3702,45,True,0,0,0,0,0,3
Tom Watson,MID,Brighton,,0,0,0,0,0.0,133,0.00,0.00,0.00,0.00,23,0,0,0.0,0.0,2026-09-05T14:00:00Z,0,,13,0,0,0,0,3,0,0.0,0,1,1,0.0,0,,0,136,50,True,0,0,0,0,0,3
Nehemiah Oriola,MID,Brighton,,0,0,0,0,0.0,134,0.00,0.00,0.00,0.00,23,0,0,0.0,0.0,2026-09-05T14:00:00Z,0,,13,0,0,0,0,3,0,0.2,0,1,1,0.0,0,,8774,14265,45,True,0,0,0,0,0,3
Zadok Yohanna,MID,Brighton,,0,0,0,0,0.0,135,0.00,0.00,0.00,0.00,23,0,0,0.0,0.0,2026-09-05T14:00:00Z,0,,13,0,0,0,0,3,0,0.0,0,1,1,0.0,0,,1269,5515,48,True,0,0,0,0,0,3
Danny Welbeck,FWD,Chelsea,,0,0,3,0,0.3,136,0.00,0.00,0.00,0.00,29,0,0,0.2,0.0,2026-09-06T15:30:00Z,3,,1,0,0,0,0,3,0,1.0,0,1,2,2.0,1,,62321,83697,59,False,0,0,0,0,0,3
Stefanos Tzimas,FWD,Brighton,,0,0,0,0,0.0,137,0.00,0.00,0.00,0.00,23,0,0,0.0,0.0,2026-09-05T14:00:00Z,0,,13,0,0,0,0,3,0,0.0,0,1,1,0.0,0,,336,755,54,True,0,0,0,0,0,3
Charalampos Kostoulas,FWD,Brighton,,0,0,9,0,5.3,138,0.02,0.45,0.43,2.49,23,0,0,3.9,9.6,2026-09-05T14:00:00Z,90,,13,0,0,0,0,3,0,4.4,1,1,1,24.0,2,,440171,54281,56,True,0,3,0,4,1,3
Evan Ferguson,FWD,Brighton,,0,0,0,0,0.0,139,0.00,0.00,0.00,0.00,23,0,0,0.0,0.0,2026-09-05T14:00:00Z,0,,13,0,0,0,0,3,0,0.0,0,1,1,0.0,0,,1600,2539,50,True,0,0,0,0,0,3
Robert Lynch Sánchez,GKP,Chelsea,,0,0,0,0,0.0,140,0.00,0.00,0.00,0.00,29,0,0,0.0,0.0,2026-09-06T15:30:00Z,0,,1,0,0,0,0,3,0,0.7,0,1,2,0.0,0,,10847,176756,49,False,0,0,0,0,0,3
Filip Jörgensen,GKP,Chelsea,,0,0,0,0,0.0,141,0.00,0.00,0.00,0.00,29,0,0,0.0,0.0,2026-09-06T15:30:00Z,0,,1,0,0,0,0,3,0,0.0,0,1,2,0.0,0,,0,951,50,False,0,0,0,0,0,3
Reece James,DEF,Chelsea,,0,0,9,0,15.0,142,0.05,0.12,0.07,2.05,29,2,0,4.1,12.6,2026-09-06T15:30:00Z,90,,1,0,0,0,0,3,0,5.8,1,1,2,13.0,1,,168886,604450,53,False,0,3,0,6,0,3
Trevoh Chalobah,DEF,Chelsea,,0,0,0,0,0.0,143,0.00,0.00,0.00,0.00,29,0,0,0.0,0.0,2026-09-06T15:30:00Z,0,,1,0,0,0,0,3,0,0.1,0,1,2,0.0,0,,0,13974,55,False,0,0,0,0,0,3
Malo Gusto,DEF,Chelsea,,0,0,4,0,3.4,144,0.01,0.05,0.04,0.14,29,0,0,0.7,3.0,2026-09-06T15:30:00Z,30,,1,0,0,0,0,3,0,0.9,0,1,2,1.0,1,,36987,67618,49,False,0,0,0,2,2,3
Wesley Fofana,DEF,Chelsea,,0,0,16,0,22.8,145,0.04,0.04,0.00,2.05,29,2,0,6.3,39.8,2026-09-06T15:30:00Z,90,,1,0,0,0,0,3,0,0.2,1,1,2,0.0,3,,18838,8324,50,False,0,14,17,3,3,3
Benoît Badiashile Mukinayi,DEF,Chelsea,,0,0,0,0,0.0,146,0.00,0.00,0.00,0.00,29,0,0,0.0,0.0,2026-09-06T15:30:00Z,0,,1,0,0,0,0,3,0,0.0,0,1,2,0.0,0,,232,1944,45,False,0,0,0,0,0,3
Tosin Adarabioyo,DEF,Spurs,,0,0,0,0,0.0,147,0.00,0.00,0.00,0.00,28,0,0,0.0,0.0,2026-09-05T14:00:00Z,0,,18,0,0,0,0,3,0,0.1,0,0,0,0.0,0,,2003,7937,44,False,0,0,0,0,0,3
Jorrel Hato,DEF,Chelsea,,1,0,5,0,11.2,148,0.02,0.02,0.00,1.91,29,2,0,4.8,34.8,2026-09-06T15:30:00Z,59,,1,0,0,0,0,3,0,0.8,1,1,2,2.0,3,,91293,60009,45,False,0,4,0,2,2,3
Levi Samuels Colwill,DEF,Chelsea,,0,0,0,0,0.0,149,0.00,0.00,0.00,0.00,29,0,0,0.0,0.0,2026-09-06T15:30:00Z,0,,1,0,0,0,0,3,0,0.9,0,1,2,0.0,0,,26839,98692,48,False,0,0,0,0,0,3
Mamadou Sarr,DEF,Chelsea,,0,0,0,0,0.0,150,0.00,0.00,0.00,0.00,29,0,0,0.0,0.0,2026-09-06T15:30:00Z,0,,1,0,0,0,0,3,0,0.0,0,1,2,0.0,0,,429,5994,45,False,0,0,0,0,0,3
Josh Acheampong,DEF,Chelsea,,0,0,-3,0,1.8,151,0.01,0.01,0.00,2.05,29,2,0,0.8,2.2,2026-09-06T15:30:00Z,90,,1,0,0,0,0,3,0,0.3,1,1,2,4.0,1,,21158,22600,45,False,0,1,0,1,0,3
Marco Palestra,DEF,Chelsea,,0,0,0,0,0.0,152,0.00,0.00,0.00,0.00,29,0,0,0.0,0.0,2026-09-06T15:30:00Z,0,,1,0,0,0,0,3,0,0.6,0,1,2,0.0,0,,6717,220677,53,False,0,0,0,0,0,3
Axel Disasi,DEF,Crystal Palace,,0,0,14,0,13.3,153,0.04,0.04,0.00,3.14,24,2,0,4.7,31.4,2026-09-05T14:00:00Z,90,,10,0,0,0,0,3,0,0.1,1,3,2,2.0,3,,9429,10399,45,False,0,9,13,8,4,3
Cole Palmer,MID,Chelsea,,0,0,11,0,15.8,154,0.04,0.15,0.11,2.05,29,0,0,5.5,7.0,2026-09-06T15:30:00Z,90,,1,0,0,0,0,3,0,25.5,1,1,2,32.0,1,,1954762,680980,97,False,1,0,0,3,0,3
Enzo Fernández,MID,Man City,,0,0,17,1,18.9,155,0.12,0.25,0.13,1.00,26,0,0,4.7,10.2,2026-09-05T14:00:00Z,75,,7,0,0,0,0,3,0,3.6,1,0,1,18.0,3,,174562,322764,69,True,0,1,0,1,1,3
Pedro Lomba Neto,MID,Chelsea,,0,0,10,0,23.8,156,0.03,0.06,0.03,2.05,29,0,0,4.4,6.2,2026-09-06T15:30:00Z,80,,1,0,0,0,0,3,0,1.4,1,1,2,14.0,2,,82879,91742,65,False,0,2,0,4,1,3
Estêvão Almeida de Oliveira Gonçalves,MID,Chelsea,,0,0,5,0,0.4,157,0.00,0.04,0.04,0.00,29,0,0,2.1,3.2,2026-09-06T15:30:00Z,9,,1,0,0,0,0,3,0,0.7,0,1,2,17.0,1,,17865,87248,63,False,0,0,0,0,0,3
Jamie Bynoe-Gittens,MID,Chelsea,,0,0,0,0,0.0,158,0.00,0.00,0.00,0.00,29,0,0,0.0,0.0,2026-09-06T15:30:00Z,0,,1,0,0,0,0,3,0,0.0,0,1,2,0.0,0,,1138,2898,58,False,0,0,0,0,0,3
Moisés Caicedo Corozo,MID,Chelsea,,0,0,0,0,0.0,159,0.00,0.00,0.00,0.00,29,0,0,0.0,0.0,2026-09-06T15:30:00Z,0,,1,0,0,0,0,3,0,1.0,0,1,2,0.0,0,,15071,281848,53,False,0,0,0,0,0,3
Alejandro Garnacho Ferreyra,MID,Aston Villa,,0,0,4,0,1.6,160,0.00,0.00,0.00,0.35,25,0,0,0.3,1.0,2026-09-05T16:30:00Z,15,,11,0,0,0,0,3,0,0.3,0,0,0,0.0,1,,7534,41343,58,False,0,0,0,0,0,3
Roméo Lavia,MID,Chelsea,,0,0,7,0,1.5,161,0.01,0.01,0.00,1.91,29,0,0,0.7,5.8,2026-09-06T15:30:00Z,59,,1,0,0,0,0,3,0,0.2,1,1,2,0.0,1,,25839,15666,50,False,0,2,0,3,1,3
Andrey Nascimento dos Santos,MID,Man Utd,,0,0,4,0,0.6,162,0.01,0.01,0.00,0.09,30,0,0,1.4,7.2,2026-09-06T13:00:00Z,6,,9,0,0,0,0,3,0,0.6,0,2,2,6.0,1,,22278,73810,48,False,0,4,0,0,0,3
Dário Luís Essugo,MID,Chelsea,,0,0,0,0,0.0,163,0.00,0.00,0.00,0.00,29,0,0,0.0,0.0,2026-09-06T15:30:00Z,0,,1,0,0,0,0,3,0,0.1,0,1,2,0.0,0,,2698,14474,45,False,0,0,0,0,0,3
Geovany Quenda,MID,Chelsea,,0,0,0,0,0.0,164,0.00,0.00,0.00,0.00,29,0,0,0.0,0.0,2026-09-06T15:30:00Z,0,,1,0,0,0,0,3,0,0.0,0,1,2,0.0,0,,909,3409,53,False,0,0,0,0,0,3
João Pedro Junqueira de Jesus,FWD,Chelsea,,0,0,8,0,28.8,165,0.05,0.07,0.02,2.05,29,0,0,3.7,0.0,2026-09-06T15:30:00Z,90,,1,0,0,0,0,3,0,64.9,1,1,2,9.0,1,,1584711,1486196,77,False,1,0,0,1,0,3
Nicolas Jackson,FWD,Aston Villa,,0,0,10,0,17.5,166,0.44,0.68,0.24,0.22,25,0,0,3.9,1.2,2026-09-05T16:30:00Z,84,,11,0,0,0,0,3,0,1.5,1,0,0,20.0,2,,185165,85835,65,False,0,0,0,2,0,3
Liam Delap,FWD,Nott'm Forest,,0,0,6,0,20.8,167,0.06,0.12,0.06,0.89,28,0,0,2.8,2.4,2026-09-05T14:00:00Z,73,,19,0,0,0,0,3,0,2.7,1,0,0,5.0,2,,313002,83652,56,True,0,2,0,3,0,3
Marc Guiu Paz,FWD,Chelsea,,0,0,0,0,0.0,168,0.00,0.00,0.00,0.00,29,0,0,0.0,0.0,2026-09-06T15:30:00Z,0,,1,0,0,0,0,3,0,0.2,0,1,2,0.0,0,,4102,33363,50,False,0,0,0,0,0,3
Shumaira Mheuka,FWD,Chelsea,,0,0,0,0,0.0,169,0.00,0.00,0.00,0.00,29,0,0,0.0,0.0,2026-09-06T15:30:00Z,0,,1,0,0,0,0,3,0,0.5,0,1,2,0.0,0,,32496,25503,45,False,0,0,0,0,0,3
Emmanuel Emegha,FWD,Chelsea,,0,0,0,0,0.0,170,0.00,0.00,0.00,0.00,29,0,0,0.0,0.0,2026-09-06T15:30:00Z,0,,1,0,0,0,0,3,0,0.1,0,1,2,0.0,0,,6091,12652,49,False,0,0,0,0,0,3
Oliver Dovin,GKP,Coventry City,,0,0,0,0,0.0,171,0.00,0.00,0.00,0.00,26,0,0,0.0,0.0,2026-09-05T14:00:00Z,0,,15,0,0,0,0,3,0,1.0,0,0,1,0.0,0,,8924,58249,40,False,0,0,0,0,0,3
Ben Wilson,GKP,Coventry City,,0,0,0,0,0.0,172,0.00,0.00,0.00,0.00,26,0,0,0.0,0.0,2026-09-05T14:00:00Z,0,,15,0,0,0,0,3,0,0.4,0,0,1,0.0,0,,1426,12434,44,False,0,0,0,0,0,3
Bobby Thomas,DEF,Coventry City,,0,0,19,0,20.8,173,0.17,0.39,0.22,2.12,26,0,0,6.5,20.6,2026-09-05T14:00:00Z,90,,15,0,0,0,0,3,0,8.5,1,0,1,24.0,4,,366248,287355,40,False,0,11,12,3,1,3
Liam Kitching,DEF,Coventry City,,0,0,0,0,0.0,174,0.00,0.00,0.00,0.00,26,0,0,0.0,0.0,2026-09-05T14:00:00Z,0,,15,0,0,0,0,3,0,0.3,0,0,1,0.0,0,,981,33050,40,False,0,0,0,0,0,3
Milan van Ewijk,DEF,Coventry City,,0,0,5,0,5.2,175,0.06,0.06,0.00,2.12,26,0,0,2.4,16.8,2026-09-05T14:00:00Z,90,,15,0,0,0,0,3,0,8.7,1,0,1,2.0,3,,123111,505349,40,False,1,8,11,4,3,3
Jay Dasilva,DEF,Coventry City,,0,0,10,0,14.9,176,0.08,0.08,0.00,2.12,26,0,0,3.7,21.8,2026-09-05T14:00:00Z,84,,15,0,0,0,0,3,0,0.7,1,0,1,0.0,2,,16370,22970,40,False,0,5,0,3,2,3
Kaine Kesler-Hayden,DEF,Coventry City,,0,0,0,0,0.0,177,0.00,0.00,0.00,0.00,26,0,0,0.0,0.0,2026-09-05T14:00:00Z,0,,15,0,0,0,0,3,0,0.0,0,0,1,0.0,0,,1688,3830,39,False,0,0,0,0,0,3
Jake Bidwell,DEF,Coventry City,,0,0,0,0,0.0,178,0.00,0.00,0.00,0.00,26,0,0,0.0,0.0,2026-09-05T14:00:00Z,0,,15,0,0,0,0,3,0,0.1,0,0,1,0.0,0,,2494,3547,40,False,0,0,0,0,0,3
Joel Latibeaudiere,DEF,Coventry City,,0,0,0,0,0.0,179,0.00,0.00,0.00,0.00,26,0,0,0.0,0.0,2026-09-05T14:00:00Z,0,,15,0,0,0,0,3,0,0.0,0,0,1,0.0,0,,987,1746,40,False,0,0,0,0,0,3
Luke Woolfenden,DEF,Coventry City,,0,0,0,0,0.0,180,0.00,0.00,0.00,0.00,26,0,0,0.0,0.0,2026-09-05T14:00:00Z,0,,15,0,0,0,0,3,0,0.1,0,0,1,0.0,0,,2294,9063,39,False,0,0,0,0,0,3
Miguel Brau,DEF,Coventry City,,0,0,0,0,0.0,181,0.00,0.00,0.00,0.00,26,0,0,0.0,0.0,2026-09-05T14:00:00Z,0,,15,0,0,0,0,3,0,0.0,0,0,1,0.0,0,,275,2179,40,False,0,0,0,0,0,3
Aurèle Amenda,DEF,Coventry City,,0,0,4,0,1.3,182,0.34,0.34,0.00,2.12,26,0,0,1.2,4.4,2026-09-05T14:00:00Z,90,,15,0,0,0,0,3,0,0.6,1,0,1,6.0,2,,11487,34085,40,False,0,2,0,6,1,3
Jack Rudoni,MID,Coventry City,,0,0,9,0,28.5,183,0.09,0.38,0.29,1.17,26,0,0,7.6,14.4,2026-09-05T14:00:00Z,62,,15,0,0,0,0,3,0,0.1,1,0,1,33.0,2,,4451,8121,49,False,0,2,0,2,1,3
Matt Grimes,MID,Coventry City,,0,0,8,0,2.3,184,0.00,0.04,0.04,2.12,26,0,0,2.2,18.6,2026-09-05T14:00:00Z,90,,15,0,0,0,0,3,0,0.1,1,0,1,1.0,2,,4094,11307,49,False,0,3,0,0,5,3
Tatsuhiro Sakamoto,MID,Coventry City,,0,0,0,0,0.0,185,0.00,0.00,0.00,0.00,26,0,0,0.0,0.0,2026-09-05T14:00:00Z,0,,15,0,0,0,0,3,0,0.1,0,0,1,0.0,0,,1022,5776,48,False,0,0,0,0,0,3
Ephron Mason-Clark,MID,Coventry City,,0,0,4,0,0.8,186,0.00,0.00,0.00,1.17,26,0,0,0.1,0.0,2026-09-05T14:00:00Z,70,,15,0,0,0,0,3,0,0.1,1,0,1,2.0,2,,1117,5975,53,False,0,2,0,3,0,3
Josh Eccles,MID,Coventry City,,0,0,0,0,0.0,187,0.00,0.00,0.00,0.00,26,0,0,0.0,0.0,2026-09-05T14:00:00Z,0,,15,0,0,0,0,3,0,0.0,0,0,1,0.0,0,,636,1471,48,False,0,0,0,0,0,3
Victor Torp,MID,Coventry City,,0,0,0,0,0.0,188,0.00,0.00,0.00,0.00,26,0,0,0.0,0.0,2026-09-05T14:00:00Z,0,,15,0,0,0,0,3,0,0.1,0,0,1,0.0,0,,797,7995,53,False,0,0,0,0,0,3
George Shepherd,MID,Coventry City,,0,0,0,0,0.0,189,0.00,0.00,0.00,0.00,26,0,0,0.0,0.0,2026-09-05T14:00:00Z,0,,15,0,0,0,0,3,0,0.3,0,0,1,0.0,0,,10906,15490,44,False,0,0,0,0,0,3
Loum Tchaouna,MID,Coventry City,,0,0,9,0,24.8,190,0.03,0.13,0.10,0.95,26,0,0,5.4,8.2,2026-09-05T14:00:00Z,27,,15,0,0,0,0,3,0,0.1,0,0,1,21.0,1,,3143,8249,54,False,0,0,0,1,0,3
Raphael Borges Rodrigues,MID,Coventry City,,0,0,0,0,0.0,191,0.00,0.00,0.00,0.00,26,0,0,0.0,0.0,2026-09-05T14:00:00Z,0,,15,0,0,0,0,3,0,0.1,0,0,1,0.0,0,,1943,11548,45,False,0,0,0,0,0,3
Kai Andrews,MID,Coventry City,,0,0,0,0,0.0,192,0.00,0.00,0.00,0.00,26,0,0,0.0,0.0,2026-09-05T14:00:00Z,0,,15,0,0,0,0,3,0,0.3,0,0,1,0.0,0,,2718,41208,45,False,0,0,0,0,0,3
Haji Wright,FWD,Coventry City,,0,0,0,0,0.0,193,0.00,0.00,0.00,0.00,26,0,0,0.0,0.0,2026-09-05T14:00:00Z,0,,15,0,0,0,0,3,0,0.1,0,0,1,0.0,0,,617,12523,53,False,0,0,0,0,0,3
Brandon Thomas-Asante,FWD,Coventry City,,0,0,6,0,0.3,194,0.00,0.00,0.00,0.95,26,0,0,0.5,2.2,2026-09-05T14:00:00Z,19,,15,0,0,0,0,3,0,0.8,0,0,1,2.0,1,,59474,57349,50,False,0,1,0,2,0,3
Ellis Simms,FWD,Coventry City,,0,0,3,0,10.0,195,0.00,0.30,0.30,0.95,26,0,0,5.0,5.0,2026-09-05T14:00:00Z,19,,15,0,0,0,0,3,0,0.6,0,0,1,35.0,1,,40664,64777,49,False,0,0,0,0,0,3
Jahnoah Markelo,FWD,Coventry City,,0,0,0,0,0.0,196,0.00,0.00,0.00,0.00,26,0,0,0.0,0.0,2026-09-05T14:00:00Z,0,,15,0,0,0,0,3,0,0.0,0,0,1,0.0,0,,0,1190,50,False,0,0,0,0,0,3
Norman Bassette,FWD,Coventry City,,0,0,0,0,0.0,197,0.00,0.00,0.00,0.00,26,0,0,0.0,0.0,2026-09-05T14:00:00Z,0,,15,0,0,0,0,3,0,0.0,0,0,1,0.0,0,,0,2114,45,False,0,0,0,0,0,3
Dean Henderson,GKP,Crystal Palace,,0,0,19,0,0.0,198,0.00,0.00,0.00,3.14,24,2,0,3.8,38.4,2026-09-05T14:00:00Z,90,,10,0,0,0,0,3,5,1.3,1,3,2,0.0,2,,55286,120819,49,False,0,1,0,7,0,3
Walter Benítez,GKP,Crystal Palace,,0,0,0,0,0.0,199,0.00,0.00,0.00,0.00,24,0,0,0.0,0.0,2026-09-05T14:00:00Z,0,,10,0,0,0,0,3,0,0.1,0,3,2,0.0,0,,3821,4825,45,False,0,0,0,0,0,3
Maxence Lacroix,DEF,Chelsea,,0,0,3,0,1.3,200,0.01,0.01,0.00,2.05,29,2,0,2.9,26.0,2026-09-06T15:30:00Z,90,,1,0,0,0,0,3,0,6.8,1,1,2,2.0,2,,175485,426437,59,False,1,9,11,2,2,3
Daniel Muñoz Mejía,DEF,Nott'm Forest,,0,0,5,0,0.8,201,0.00,0.03,0.03,0.26,28,0,0,0.7,2.4,2026-09-05T14:00:00Z,31,,19,0,0,0,0,3,0,5.7,0,0,0,4.0,1,,158919,485848,54,True,0,0,0,0,1,3
Chris Richards,DEF,Crystal Palace,,0,0,8,0,0.5,202,0.00,0.04,0.04,3.14,24,2,0,3.6,28.8,2026-09-05T14:00:00Z,90,,10,0,0,0,0,3,0,0.6,1,3,2,7.0,1,,22638,38067,49,False,0,8,0,4,1,3
Jaydee Canvot,DEF,Crystal Palace,,0,0,4,0,1.9,203,0.00,0.00,0.00,3.14,24,2,0,1.5,13.0,2026-09-05T14:00:00Z,90,,10,0,0,0,0,3,0,0.2,1,3,2,0.0,1,,5795,19574,48,False,0,7,0,2,2,3
Tyrick Mitchell,DEF,Crystal Palace,,0,2,31,0,10.7,204,0.01,0.67,0.66,2.57,24,2,2,13.6,78.0,2026-09-05T14:00:00Z,73,,10,0,0,0,0,3,0,6.1,1,3,2,47.0,15,,312900,265845,45,False,0,4,0,2,2,3
Borna Sosa,DEF,Crystal Palace,,0,0,0,0,0.0,205,0.00,0.00,0.00,0.00,24,0,0,0.0,0.0,2026-09-05T14:00:00Z,0,,10,0,0,0,0,3,0,0.0,0,3,2,0.0,0,,236,2083,45,False,0,0,0,0,0,3
Chadi Riad Dnanou,DEF,Crystal Palace,,0,0,0,0,0.0,206,0.00,0.00,0.00,0.00,24,0,0,0.0,0.0,2026-09-05T14:00:00Z,0,,10,0,0,0,0,3,0,0.0,0,3,2,0.0,0,,649,5691,43,False,0,0,0,0,0,3
Oscar Mingueza,DEF,Crystal Palace,,0,0,4,0,0.3,207,0.00,0.00,0.00,0.13,24,0,0,0.1,1.0,2026-09-05T14:00:00Z,1,,10,0,0,0,0,3,0,0.1,0,3,2,0.0,1,,2004,4853,44,False,0,0,0,1,1,3
Ismaïla Sarr,MID,Crystal Palace,,0,0,0,0,0.0,208,0.00,0.00,0.00,0.00,24,0,0,0.0,0.0,2026-09-05T14:00:00Z,0,,10,0,0,0,0,3,0,0.6,0,3,2,0.0,0,,6756,376808,62,False,0,0,0,0,0,3
Brennan Johnson,MID,Everton,,0,0,3,0,22.9,209,0.04,0.09,0.05,0.37,30,0,0,3.9,6.6,2026-09-06T13:00:00Z,65,,16,0,0,0,0,3,0,0.1,1,2,2,9.0,1,,5353,10470,59,True,1,3,0,4,1,3
Adam Wharton,MID,Crystal Palace,,0,0,10,0,2.8,210,0.01,0.01,0.00,3.14,24,0,0,2.0,14.8,2026-09-05T14:00:00Z,90,,10,0,0,0,0,3,0,0.7,1,3,2,2.0,2,,29629,48730,54,False,0,7,0,0,1,3
Yéremy Pino Santos,MID,Crystal Palace,,1,0,25,0,42.6,211,0.30,0.55,0.25,3.01,24,0,0,5.7,8.0,2026-09-05T14:00:00Z,88,,10,0,0,0,0,3,0,0.3,1,3,2,6.0,5,,45280,31220,55,False,0,1,0,3,1,3
Will Hughes,MID,Crystal Palace,,0,0,3,0,0.3,212,0.00,0.00,0.00,0.57,24,0,0,0.3,2.4,2026-09-05T14:00:00Z,16,,10,0,0,0,0,3,0,7.3,0,3,2,0.0,1,,122853,485354,44,False,0,2,0,1,0,3
Jefferson Lerma Solís,MID,Crystal Palace,,0,0,0,0,0.0,213,0.00,0.00,0.00,0.00,24,0,0,0.0,0.0,2026-09-05T14:00:00Z,0,,10,0,0,0,0,3,0,0.1,0,3,2,0.0,0,,1302,5579,48,False,0,0,0,0,0,3
Daichi Kamada,MID,Crystal Palace,,1,0,21,0,23.2,214,0.01,0.01,0.00,3.01,24,0,0,4.9,19.6,2026-09-05T14:00:00Z,88,,10,0,0,0,0,3,0,0.5,1,3,2,6.0,5,,50210,24845,50,False,0,0,0,4,0,3
Justin Devenny,MID,Crystal Palace,,0,0,0,0,0.0,215,0.00,0.00,0.00,0.00,24,0,0,0.0,0.0,2026-09-05T14:00:00Z,0,,10,0,0,0,0,3,0,0.0,0,3,2,0.0,0,,132,951,50,False,0,0,0,0,0,3
Romain Esse,MID,Crystal Palace,,0,0,0,0,0.0,216,0.00,0.00,0.00,0.00,24,0,0,0.0,0.0,2026-09-05T14:00:00Z,0,,10,0,0,0,0,3,0,0.0,0,3,2,0.0,0,,399,3244,50,False,0,0,0,0,0,3
Matheus França de Oliveira,MID,Crystal Palace,,0,0,0,0,0.0,217,0.00,0.00,0.00,0.00,24,0,0,0.0,0.0,2026-09-05T14:00:00Z,0,,10,0,0,0,0,3,0,0.0,0,3,2,0.0,0,,1007,3446,49,False,0,0,0,0,0,3
Cheick Doucouré,MID,Crystal Palace,,0,0,0,0,0.0,218,0.00,0.00,0.00,0.00,24,0,0,0.0,0.0,2026-09-05T14:00:00Z,0,,10,0,0,0,0,3,0,0.0,0,3,2,0.0,0,,2092,4471,48,False,0,0,0,0,0,3
Jesurun Rak-Sakyi,MID,Crystal Palace,,0,0,0,0,0.0,219,0.00,0.00,0.00,0.00,24,0,0,0.0,0.0,2026-09-05T14:00:00Z,0,,10,0,0,0,0,3,0,0.0,0,3,2,0.0,0,,145,470,49,False,0,0,0,0,0,3
Rio Cardines,DEF,Crystal Palace,,0,0,0,0,0.0,220,0.00,0.00,0.00,0.00,24,0,0,0.0,0.0,2026-09-05T14:00:00Z,0,,10,0,0,0,0,3,0,0.0,0,3,2,0.0,0,,0,128,45,False,0,0,0,0,0,3
Joél Drakes-Thomas,MID,Crystal Palace,,0,0,0,0,0.0,221,0.00,0.00,0.00,0.00,24,0,0,0.0,0.0,2026-09-05T14:00:00Z,0,,10,0,0,0,0,3,0,0.1,0,3,2,0.0,0,,2703,4693,44,False,0,0,0,0,0,3
Jørgen Strand Larsen,FWD,Crystal Palace,,0,0,4,0,0.8,222,0.00,0.00,0.00,1.54,24,0,0,0.3,2.4,2026-09-05T14:00:00Z,45,,10,0,0,0,0,3,0,0.7,0,3,2,0.0,1,,50670,41239,60,False,0,1,0,3,0,3
Jean-Philippe Mateta,FWD,Crystal Palace,,0,0,0,0,0.0,223,0.00,0.00,0.00,0.00,24,0,0,0.0,0.0,2026-09-05T14:00:00Z,0,,10,0,0,0,0,3,0,1.3,0,3,2,0.0,0,,25986,455100,63,False,0,0,0,0,0,3
Eddie Nketiah,FWD,Crystal Palace,,1,0,16,0,10.7,224,0.00,0.14,0.14,1.60,24,0,0,5.1,21.2,2026-09-05T14:00:00Z,45,,10,0,0,0,0,3,0,0.5,1,3,2,19.0,4,,47363,50163,55,False,0,0,0,1,1,3
Christantus Uche,FWD,Crystal Palace,,0,0,0,0,0.0,225,0.00,0.00,0.00,0.00,24,0,0,0.0,0.0,2026-09-05T14:00:00Z,0,,10,0,0,0,0,3,0,0.0,0,3,2,0.0,0,,0,0,50,False,0,0,0,0,0,3
Jordan Pickford,GKP,Everton,,0,0,6,0,0.0,226,0.00,0.00,0.00,0.69,30,2,0,0.9,9.2,2026-09-06T13:00:00Z,90,,16,0,0,0,0,3,0,9.1,1,2,2,0.0,1,,297990,237193,55,True,0,0,0,12,0,3
Mark Travers,GKP,Everton,,0,0,0,0,0.0,227,0.00,0.00,0.00,0.00,30,0,0,0.0,0.0,2026-09-06T13:00:00Z,0,,16,0,0,0,0,3,0,0.0,0,2,2,0.0,0,,1822,2138,50,True,0,0,0,0,0,3
Tom King,GKP,Everton,,0,0,0,0,0.0,228,0.00,0.00,0.00,0.00,30,0,0,0.0,0.0,2026-09-06T13:00:00Z,0,,16,0,0,0,0,3,0,0.0,0,2,2,0.0,0,,1189,1749,45,True,0,0,0,0,0,3
James Tarkowski,DEF,Everton,,0,0,11,0,1.0,229,0.01,0.03,0.02,0.69,30,2,0,3.1,24.4,2026-09-06T13:00:00Z,90,,16,0,0,0,0,3,0,16.7,1,2,2,6.0,3,,957082,287322,62,True,0,9,12,3,3,3
Jarrad Branthwaite,DEF,Everton,,0,0,10,0,0.6,230,0.00,0.08,0.08,0.69,30,2,0,7.6,41.6,2026-09-06T13:00:00Z,90,,16,0,0,0,0,3,0,2.4,1,2,2,34.0,3,,141547,72405,55,True,0,10,11,4,1,3
Michael Keane,DEF,Everton,,0,0,0,0,0.0,231,0.00,0.00,0.00,0.00,30,0,0,0.0,0.0,2026-09-06T13:00:00Z,0,,16,0,0,0,0,3,0,0.7,0,2,2,0.0,0,,9327,90836,48,True,0,0,0,0,0,3
Jake O'Brien,DEF,Everton,,0,0,0,0,0.0,232,0.00,0.00,0.00,0.00,30,0,0,0.0,0.0,2026-09-06T13:00:00Z,0,,16,0,0,0,0,3,0,0.3,0,2,2,0.0,0,,4616,24698,48,True,0,0,0,0,0,3
Vitalii Mykolenko,DEF,Everton,,0,0,8,0,2.5,233,0.01,0.01,0.00,0.69,30,2,0,1.5,12.8,2026-09-06T13:00:00Z,90,,16,0,0,0,0,3,0,4.1,1,2,2,0.0,1,,412864,122640,46,True,0,3,0,4,3,3
Nathan Patterson,DEF,Everton,,0,0,0,0,0.0,234,0.00,0.00,0.00,0.00,30,0,0,0.0,0.0,2026-09-06T13:00:00Z,0,,16,0,0,0,0,3,0,0.0,0,2,2,0.0,0,,371,2447,45,True,0,0,0,0,0,3
Adam Aznou,DEF,Everton,,0,0,0,0,0.0,235,0.00,0.00,0.00,0.00,30,0,0,0.0,0.0,2026-09-06T13:00:00Z,0,,16,0,0,0,0,3,0,0.1,0,2,2,0.0,0,,1728,11186,40,True,0,0,0,0,0,3
Kiernan Dewsbury-Hall,MID,Everton,,0,0,20,0,30.0,236,0.07,0.34,0.27,0.69,30,0,0,8.7,24.0,2026-09-06T13:00:00Z,90,,16,0,0,0,0,3,0,5.9,1,2,2,33.0,2,,586283,329480,66,True,0,2,0,5,4,3
Iliman Ndiaye,MID,Man City,,0,0,12,1,17.9,237,0.04,0.06,0.02,1.35,26,0,0,3.5,7.0,2026-09-05T14:00:00Z,86,,7,0,0,0,0,3,0,6.7,1,0,1,10.0,3,,298391,1139924,58,True,0,1,0,2,2,3
Jack Grealish,MID,Everton,,0,0,8,0,12.3,238,0.13,0.15,0.02,0.31,30,0,0,2.8,6.0,2026-09-06T13:00:00Z,24,,16,0,0,0,0,3,0,0.5,0,2,2,10.0,1,,41121,23432,65,True,0,0,0,0,1,3
James Garner,MID,Everton,,0,0,19,0,31.1,239,0.08,0.08,0.00,0.40,30,0,0,4.1,9.6,2026-09-06T13:00:00Z,76,,16,0,0,0,0,3,0,0.2,1,2,2,0.0,2,,21359,14055,60,True,0,2,0,5,1,3
Tim Iroegbunam,MID,Hull City,,0,0,0,0,0.0,240,0.00,0.00,0.00,0.00,25,0,0,0.0,0.0,2026-09-05T16:30:00Z,0,,2,0,0,0,0,3,0,0.0,0,0,0,0.0,0,,1118,1159,50,True,0,0,0,0,0,3
Dwight McNeil,MID,Crystal Palace,,0,0,0,0,0.0,241,0.00,0.00,0.00,0.00,24,0,0,0.0,0.0,2026-09-05T14:00:00Z,0,,10,0,0,0,0,3,0,0.1,0,3,2,0.0,0,,1792,8246,53,False,0,0,0,0,0,3
Tyrique George,MID,Everton,,0,3,35,0,34.4,242,0.07,0.11,0.04,0.69,30,0,1,10.4,44.2,2026-09-06T13:00:00Z,90,,16,0,0,0,0,3,0,0.9,1,2,2,25.0,10,,107276,43017,55,True,0,1,0,3,0,3
Carlos Alcaraz Durán,MID,Everton,,0,0,0,0,0.0,243,0.00,0.00,0.00,0.00,30,0,0,0.0,0.0,2026-09-06T13:00:00Z,0,,16,0,0,0,0,3,0,0.1,0,2,2,0.0,0,,2866,5854,49,True,0,0,0,0,0,3
Harrison Armstrong,MID,Everton,,0,0,5,0,6.7,244,0.03,0.12,0.09,0.69,30,0,0,2.1,5.2,2026-09-06T13:00:00Z,90,,16,0,0,0,0,3,0,0.4,1,2,2,9.0,1,,53975,32820,50,True,1,3,0,1,1,3
Tyler Dibling,MID,Everton,,0,0,0,0,0.0,245,0.00,0.00,0.00,0.00,30,0,0,0.0,0.0,2026-09-06T13:00:00Z,0,,16,0,0,0,0,3,0,0.0,0,2,2,0.0,0,,1177,2660,54,True,0,0,0,0,0,3
Merlin Röhl,MID,Everton,,0,0,10,0,16.8,246,0.13,0.13,0.00,0.40,30,0,0,2.1,4.4,2026-09-06T13:00:00Z,74,,16,0,0,0,0,3,0,0.0,1,2,2,0.0,1,,1963,4711,49,True,1,2,0,4,0,3
Hayden Hackney,MID,Everton,,1,0,14,0,25.5,247,0.09,0.13,0.04,0.29,30,0,0,5.6,20.6,2026-09-06T13:00:00Z,15,,16,0,0,0,0,3,0,0.2,0,2,2,10.0,4,,3760,11986,54,True,0,0,0,0,1,3
Norberto Bercique Gomes Betuncal,FWD,Everton,,0,0,0,0,0.0,248,0.00,0.00,0.00,0.00,30,0,0,0.0,0.0,2026-09-06T13:00:00Z,0,,16,0,0,0,0,3,0,0.6,0,2,2,0.0,0,,16222,220012,54,True,0,0,0,0,0,3
Thierno Barry,FWD,Everton,,0,0,7,0,15.0,249,0.02,0.40,0.38,0.69,30,0,0,3.9,0.2,2026-09-06T13:00:00Z,90,,16,0,0,0,0,3,0,8.3,1,2,2,24.0,2,,972888,360765,57,True,0,0,0,4,0,3
Bernd Leno,GKP,Fulham,,0,0,8,0,0.0,250,0.00,0.00,0.00,1.97,24,3,0,1.9,18.8,2026-09-05T14:00:00Z,90,,8,0,0,0,0,3,0,3.4,1,3,2,0.0,1,,154950,103757,45,True,0,0,0,8,0,3
Benjamin Lecomte,GKP,Fulham,,0,0,0,0,0.0,251,0.00,0.00,0.00,0.00,24,0,0,0.0,0.0,2026-09-05T14:00:00Z,0,,8,0,0,0,0,3,0,1.1,0,3,2,0.0,0,,25412,26138,40,True,0,0,0,0,0,3
Alfie McNally,GKP,Fulham,,0,0,0,0,0.0,252,0.00,0.00,0.00,0.00,24,0,0,0.0,0.0,2026-09-05T14:00:00Z,0,,8,0,0,0,0,3,0,0.1,0,3,2,0.0,0,,2589,6624,40,True,0,0,0,0,0,3
Joachim Andersen,DEF,Fulham,,0,0,8,0,22.9,253,0.06,0.06,0.00,1.97,24,3,0,5.3,24.4,2026-09-05T14:00:00Z,90,,8,0,0,0,0,3,0,0.2,1,3,2,6.0,1,,14784,9284,50,True,0,5,0,7,2,3
Antonee Robinson,DEF,Fulham,,0,0,7,0,24.8,254,0.10,0.18,0.08,1.97,24,3,0,4.8,14.6,2026-09-05T14:00:00Z,78,,8,0,0,0,0,3,0,1.5,1,3,2,9.0,1,,60277,71320,45,True,0,3,0,5,2,3
Jorge Cuenca Barreno,DEF,Fulham,,0,0,0,0,0.0,255,0.00,0.00,0.00,0.00,24,0,0,0.0,0.0,2026-09-05T14:00:00Z,0,,8,0,0,0,0,3,0,0.0,0,3,2,0.0,0,,1548,2014,45,True,0,0,0,0,0,3
Kenny Tete,DEF,Fulham,,0,0,0,0,0.0,256,0.00,0.00,0.00,0.00,24,0,0,0.0,0.0,2026-09-05T14:00:00Z,0,,8,0,0,0,0,3,0,0.2,0,3,2,0.0,0,,1397,10522,44,True,0,0,0,0,0,3
Calvin Bassey,DEF,Fulham,,0,0,2,0,6.4,257,0.04,0.04,0.00,1.97,24,3,0,2.0,13.8,2026-09-05T14:00:00Z,90,,8,0,0,0,0,3,0,0.7,1,3,2,0.0,1,,27563,30194,45,True,0,1,0,2,1,3
Timothy Castagne,DEF,Fulham,,0,0,-1,0,24.1,258,0.19,0.77,0.58,1.97,24,3,0,7.5,20.6,2026-09-05T14:00:00Z,90,,8,0,0,0,0,3,0,1.0,1,3,2,30.0,1,,92731,44059,45,True,0,5,0,5,2,3
Issa Diop,DEF,Ipswich Town,,0,0,10,0,10.8,259,0.01,0.01,0.00,0.69,21,2,0,3.8,27.2,2026-09-04T19:00:00Z,90,,14,0,0,0,0,3,0,12.6,1,2,0,0.0,3,,136650,511318,40,True,0,9,11,2,2,3
Harry Wilson,MID,Leeds,,0,0,0,0,20.3,260,0.00,0.00,0.00,1.32,23,0,0,2.4,1.4,2026-09-05T14:00:00Z,17,,5,0,0,0,0,3,0,1.6,0,1,1,2.0,0,,29048,459181,62,False,1,0,0,1,0,3
Alex Iwobi,MID,Fulham,,0,0,15,0,23.7,261,0.26,0.30,0.04,1.97,24,0,0,4.2,7.6,2026-09-05T14:00:00Z,82,,8,0,0,0,0,3,0,0.7,1,3,2,11.0,2,,22858,55851,54,True,0,0,0,3,1,3
Emile Smith Rowe,MID,Fulham,,0,0,3,0,0.5,262,0.00,0.00,0.00,0.00,24,0,0,0.3,0.2,2026-09-05T14:00:00Z,11,,8,0,0,0,0,3,0,0.2,0,3,2,2.0,1,,4526,21051,53,True,0,0,0,0,0,3
Kevin Santos Lopes de Macedo,MID,Fulham,,0,0,0,0,0.0,263,0.00,0.00,0.00,0.00,24,0,0,0.0,0.0,2026-09-05T14:00:00Z,0,,8,0,0,0,0,3,0,0.0,0,3,2,0.0,0,,2014,4240,53,True,0,0,0,0,0,3
Oscar Bobb,MID,Fulham,,0,0,17,0,58.8,264,0.65,0.97,0.32,1.97,24,0,0,12.3,11.2,2026-09-05T14:00:00Z,78,,8,0,0,0,0,3,0,0.3,1,3,2,53.0,2,,16680,21029,55,True,0,0,0,4,0,3
Sander Berge,MID,Fulham,,0,0,9,0,2.9,265,0.10,0.10,0.00,0.84,24,0,0,0.6,3.2,2026-09-05T14:00:00Z,29,,8,0,0,0,0,3,0,0.3,0,3,2,0.0,1,,6416,18126,49,True,0,0,0,2,0,3
Tom Cairney,MID,Fulham,,0,0,0,0,0.0,266,0.00,0.00,0.00,0.00,24,0,0,0.0,0.0,2026-09-05T14:00:00Z,0,,8,0,0,0,0,3,0,0.0,0,3,2,0.0,0,,111,332,49,True,0,0,0,0,0,3
Saša Lukić,MID,Ipswich Town,,0,0,13,0,14.2,267,0.02,0.02,0.00,0.69,21,0,0,2.5,10.4,2026-09-04T19:00:00Z,90,,14,0,0,0,0,3,0,0.1,1,2,0,0.0,2,,3445,6513,49,True,0,1,0,2,1,3
Josh King,MID,Fulham,,0,3,38,0,26.0,268,0.27,0.58,0.31,1.97,24,0,1,10.5,44.6,2026-09-05T14:00:00Z,90,,8,0,0,0,0,3,0,2.7,1,3,2,34.0,10,,345122,99030,55,True,0,1,0,5,1,3
Ryan Sessegnon,DEF,Fulham,,0,0,3,0,14.8,269,0.32,0.40,0.08,0.00,24,0,0,2.1,2.0,2026-09-05T14:00:00Z,11,,8,0,0,0,0,3,0,0.3,0,3,2,4.0,1,,2772,19065,43,True,0,1,0,1,0,3
Harrison Reed,MID,Fulham,,0,0,0,0,0.0,270,0.00,0.00,0.00,0.00,24,0,0,0.0,0.0,2026-09-05T14:00:00Z,0,,8,0,0,0,0,3,0,1.1,0,3,2,0.0,0,,36414,73445,44,True,0,0,0,0,0,3
Rodrigo Muniz Carvalho,FWD,Fulham,,0,0,5,0,10.1,271,0.00,0.38,0.38,0.00,24,0,0,4.0,3.2,2026-09-05T14:00:00Z,7,,8,0,0,0,0,3,0,0.4,0,3,2,27.0,1,,16195,35253,54,True,0,0,0,0,0,3
Jonah Kusi-Asare,FWD,Fulham,,0,0,0,0,0.0,272,0.00,0.00,0.00,0.00,24,0,0,0.0,0.0,2026-09-05T14:00:00Z,0,,8,0,0,0,0,3,0,5.4,0,3,2,0.0,0,,161107,302816,45,True,0,0,0,0,0,3
Dillon Phillips,GKP,Hull City,,0,0,0,0,0.0,273,0.00,0.00,0.00,0.00,25,0,0,0.0,0.0,2026-09-05T16:30:00Z,0,,2,0,0,0,0,3,0,1.4,0,0,0,0.0,0,,29328,38654,40,True,0,0,0,0,0,3
Jack Butland,GKP,Hull City,,0,0,0,0,0.0,274,0.00,0.00,0.00,0.00,25,0,0,0.0,0.0,2026-09-05T16:30:00Z,0,,2,0,0,0,0,3,0,0.1,0,0,0,0.0,0,,639,4947,44,True,0,0,0,0,0,3
Harvey Cartwright,GKP,Hull City,,0,0,0,0,0.0,275,0.00,0.00,0.00,0.00,25,0,0,0.0,0.0,2026-09-05T16:30:00Z,0,,2,0,0,0,0,3,0,0.0,0,0,0,0.0,0,,0,331,40,True,0,0,0,0,0,3
Thimothée Lo-Tutala,GKP,Hull City,,0,0,0,0,0.0,276,0.00,0.00,0.00,0.00,25,0,0,0.0,0.0,2026-09-05T16:30:00Z,0,,2,0,0,0,0,3,0,0.0,0,0,0,0.0,0,,0,1113,40,True,0,0,0,0,0,3
John Egan,DEF,Hull City,,0,0,18,1,0.1,277,0.00,0.00,0.00,1.93,25,0,0,1.6,15.4,2026-09-05T16:30:00Z,90,,2,0,0,0,0,3,0,7.0,1,0,0,0.0,6,,752052,218267,41,True,0,4,0,1,3,3
Charlie Hughes,DEF,Hull City,,0,0,0,0,0.0,278,0.00,0.00,0.00,0.00,25,0,0,0.0,0.0,2026-09-05T16:30:00Z,0,,2,0,0,0,0,3,0,0.2,0,0,0,0.0,0,,16939,13004,39,True,0,0,0,0,0,3
Semi Ajayi,DEF,Hull City,,0,0,17,1,0.7,279,0.00,0.00,0.00,1.93,25,0,0,1.2,11.0,2026-09-05T16:30:00Z,90,,2,0,0,0,0,3,0,13.9,1,0,0,0.0,5,,1357386,312753,42,True,1,5,0,1,1,3
Lewie Coyle,DEF,Hull City,,0,0,19,1,4.6,280,0.01,0.01,0.00,1.81,25,0,0,0.6,1.4,2026-09-05T16:30:00Z,63,,2,0,0,0,0,3,0,0.7,1,0,0,0.0,6,,27755,26004,40,True,0,0,0,0,0,3
Cody Drameh,DEF,Hull City,,0,0,0,0,0.0,281,0.00,0.00,0.00,0.00,25,0,0,0.0,0.0,2026-09-05T16:30:00Z,0,,2,0,0,0,0,3,0,0.0,0,0,0,0.0,0,,2118,4516,40,True,0,0,0,0,0,3
Ryan Giles,DEF,Hull City,,0,2,30,1,26.4,282,0.04,0.04,0.00,1.93,25,0,0,4.1,14.8,2026-09-05T16:30:00Z,90,,2,0,0,0,0,3,0,2.9,1,0,0,0.0,8,,279310,67028,40,True,0,3,0,5,1,3
Matty Jacob,DEF,Hull City,,0,0,0,0,0.0,283,0.00,0.00,0.00,0.00,25,0,0,0.0,0.0,2026-09-05T16:30:00Z,0,,2,0,0,0,0,3,0,0.0,0,0,0,0.0,0,,114,696,40,True,0,0,0,0,0,3
Cathal McCarthy,DEF,Hull City,,0,0,0,0,0.0,284,0.00,0.00,0.00,0.00,25,0,0,0.0,0.0,2026-09-05T16:30:00Z,0,,2,0,0,0,0,3,0,0.1,0,0,0,0.0,0,,4947,4611,40,True,0,0,0,0,0,3
Paddy McNair,DEF,Hull City,,0,0,0,0,0.0,285,0.00,0.00,0.00,0.00,25,0,0,0.0,0.0,2026-09-05T16:30:00Z,0,,2,0,0,0,0,3,0,0.1,0,0,0,0.0,0,,3154,4742,40,True,0,0,0,0,0,3
Mohamed Belloumi,MID,Hull City,,0,0,15,1,12.4,286,0.01,0.04,0.03,1.93,25,0,0,4.5,22.8,2026-09-05T16:30:00Z,81,,2,0,0,0,0,3,0,5.2,1,0,0,10.0,5,,511325,87402,51,True,0,8,12,1,3,3
Liam Millar,MID,Hull City,,0,0,0,0,0.0,287,0.00,0.00,0.00,0.00,25,0,0,0.0,0.0,2026-09-05T16:30:00Z,0,,2,0,0,0,0,3,0,0.0,0,0,0,0.0,0,,3178,7541,50,True,0,0,0,0,0,3
Kieran Dowell,MID,Hull City,,0,0,0,0,0.0,288,0.00,0.00,0.00,0.00,25,0,0,0.0,0.0,2026-09-05T16:30:00Z,0,,2,0,0,0,0,3,0,0.3,0,0,0,0.0,0,,12388,21704,44,True,0,0,0,0,0,3
Matt Crooks,MID,Hull City,,0,0,0,0,0.0,289,0.00,0.00,0.00,0.00,25,0,0,0.0,0.0,2026-09-05T16:30:00Z,0,,2,0,0,0,0,3,0,0.5,0,0,0,0.0,0,,24663,40674,44,True,0,0,0,0,0,3
Regan Slater,MID,Hull City,,0,0,10,1,12.3,290,0.01,0.05,0.04,1.93,25,0,0,3.1,10.6,2026-09-05T16:30:00Z,90,,2,0,0,0,0,3,0,5.2,1,0,0,8.0,3,,499690,280825,45,True,0,3,0,2,1,3
Eliot Matazo,MID,Hull City,,0,0,0,0,0.0,291,0.00,0.00,0.00,0.00,25,0,0,0.0,0.0,2026-09-05T16:30:00Z,0,,2,0,0,0,0,3,0,0.0,0,0,0,0.0,0,,384,498,45,True,0,0,0,0,0,3
Abdülkadir Ömür,MID,Hull City,,0,0,0,0,0.0,292,0.00,0.00,0.00,0.00,25,0,0,0.0,0.0,2026-09-05T16:30:00Z,0,,2,0,0,0,0,3,0,0.0,0,0,0,0.0,0,,1208,1633,49,True,0,0,0,0,0,3
Abu Kamara,MID,Hull City,,0,0,0,0,0.0,293,0.00,0.00,0.00,0.00,25,0,0,0.0,0.0,2026-09-05T16:30:00Z,0,,2,0,0,0,0,3,0,0.0,0,0,0,0.0,0,,0,375,50,True,0,0,0,0,0,3
Óscar Zambrano,MID,Hull City,,0,0,0,0,0.0,294,0.00,0.00,0.00,0.00,25,0,0,0.0,0.0,2026-09-05T16:30:00Z,0,,2,0,0,0,0,3,0,0.1,0,0,0,0.0,0,,3886,6840,45,True,0,0,0,0,0,3
Oli McBurnie,FWD,Hull City,,0,0,2,0,11.3,295,0.05,0.43,0.38,1.93,25,0,0,2.9,2.6,2026-09-05T16:30:00Z,90,,2,0,0,0,0,3,0,1.9,1,0,0,15.0,2,,189768,154336,55,True,0,1,0,0,2,3
David Akintola,MID,Hull City,,0,0,0,0,0.0,296,0.00,0.00,0.00,0.00,25,0,0,0.0,0.0,2026-09-05T16:30:00Z,0,,2,0,0,0,0,3,0,0.0,0,0,0,0.0,0,,2704,4897,50,True,0,0,0,0,0,3
Darko Gyabi,MID,Hull City,,0,0,0,0,0.0,297,0.00,0.00,0.00,0.00,25,0,0,0.0,0.0,2026-09-05T16:30:00Z,0,,2,0,0,0,0,3,0,0.0,0,0,0,0.0,0,,457,1621,44,True,0,0,0,0,0,3
Enis Destan,FWD,Hull City,,0,0,0,0,0.0,298,0.00,0.00,0.00,0.00,25,0,0,0.0,0.0,2026-09-05T16:30:00Z,0,,2,0,0,0,0,3,0,0.2,0,0,0,0.0,0,,0,22396,45,True,0,0,0,0,0,3
Mason Burstow,FWD,Hull City,,0,0,0,0,0.0,299,0.00,0.00,0.00,0.00,25,0,0,0.0,0.0,2026-09-05T16:30:00Z,0,,2,0,0,0,0,3,0,0.0,0,0,0,0.0,0,,0,3080,45,True,0,0,0,0,0,3
Christian Walton,GKP,Ipswich Town,,0,0,0,0,0.0,300,0.00,0.00,0.00,0.00,21,0,0,0.0,0.0,2026-09-04T19:00:00Z,0,,14,0,0,0,0,3,0,0.4,0,2,0,0.0,0,,3569,15062,44,True,0,0,0,0,0,3
Alex Palmer,GKP,Ipswich Town,,0,0,0,0,0.0,301,0.00,0.00,0.00,0.00,21,0,0,0.0,0.0,2026-09-04T19:00:00Z,0,,14,0,0,0,0,3,0,3.9,0,2,0,0.0,0,,74859,113900,40,True,0,0,0,0,0,3
David Button,GKP,Ipswich Town,,0,0,0,0,0.0,302,0.00,0.00,0.00,0.00,21,0,0,0.0,0.0,2026-09-04T19:00:00Z,0,,14,0,0,0,0,3,0,0.6,0,2,0,0.0,0,,31576,15277,40,True,0,0,0,0,0,3
Cédric Kipré,DEF,Ipswich Town,,0,0,0,0,0.0,303,0.00,0.00,0.00,0.00,21,0,0,0.0,0.0,2026-09-04T19:00:00Z,0,,14,0,0,0,0,3,0,0.9,0,2,0,0.0,0,,49376,29394,39,True,0,0,0,0,0,3
Dara O'Shea,DEF,Ipswich Town,,0,0,5,0,4.4,304,0.01,0.01,0.00,0.69,21,2,0,3.2,23.8,2026-09-04T19:00:00Z,90,,14,0,0,0,0,3,0,2.7,1,2,0,4.0,3,,65607,128841,40,True,0,8,11,3,3,3
Leif Davis,DEF,Ipswich Town,,0,0,4,0,21.5,305,0.12,0.23,0.11,0.69,21,2,0,5.8,17.4,2026-09-04T19:00:00Z,90,,14,0,0,0,0,3,0,7.0,1,2,0,19.0,1,,375542,187600,40,True,0,4,0,3,2,3
Jacob Greaves,DEF,Ipswich Town,,0,0,6,0,12.3,306,0.04,0.04,0.00,0.69,21,2,0,3.1,15.0,2026-09-04T19:00:00Z,90,,14,0,0,0,0,3,0,1.1,1,2,0,4.0,1,,8251,38460,40,True,0,6,0,3,1,3
Ben Johnson,DEF,Ipswich Town,,0,0,0,0,0.0,307,0.00,0.00,0.00,0.00,21,0,0,0.0,0.0,2026-09-04T19:00:00Z,0,,14,0,0,0,0,3,0,0.1,0,2,0,0.0,0,,1137,6330,40,True,0,0,0,0,0,3
Darnell Furlong,DEF,Ipswich Town,,0,0,0,0,0.0,308,0.00,0.00,0.00,0.00,21,0,0,0.0,0.0,2026-09-04T19:00:00Z,0,,14,0,0,0,0,3,0,0.6,0,2,0,0.0,0,,19342,19926,39,True,0,0,0,0,0,3
Marcelino Núñez,MID,Ipswich Town,,0,0,0,0,0.0,309,0.00,0.00,0.00,0.00,21,0,0,0.0,0.0,2026-09-04T19:00:00Z,0,,14,0,0,0,0,3,0,0.1,0,2,0,0.0,0,,3119,7710,49,True,0,0,0,0,0,3
Azor Matusiwa,MID,Ipswich Town,,0,0,0,0,0.0,310,0.00,0.00,0.00,0.00,21,0,0,0.0,0.0,2026-09-04T19:00:00Z,0,,14,0,0,0,0,3,0,0.0,0,2,0,0.0,0,,127,280,49,True,0,0,0,0,0,3
Wes Burns,MID,Ipswich Town,,0,0,0,0,0.0,311,0.00,0.00,0.00,0.00,21,0,0,0.0,0.0,2026-09-04T19:00:00Z,0,,14,0,0,0,0,3,0,0.0,0,2,0,0.0,0,,0,348,50,True,0,0,0,0,0,3
Jack Taylor,MID,Ipswich Town,,0,0,0,0,0.0,312,0.00,0.00,0.00,0.00,21,0,0,0.0,0.0,2026-09-04T19:00:00Z,0,,14,0,0,0,0,3,0,0.0,0,2,0,0.0,0,,971,2671,44,True,0,0,0,0,0,3
Jack Clarke,MID,Ipswich Town,,0,0,3,0,11.7,313,0.02,0.07,0.05,0.06,21,0,0,1.9,3.4,2026-09-04T19:00:00Z,24,,14,0,0,0,0,3,0,0.2,0,2,0,4.0,1,,5519,15783,54,True,0,1,0,1,0,3
Chiedozie Ogbene,MID,Ipswich Town,,0,0,0,0,0.0,314,0.00,0.00,0.00,0.00,21,0,0,0.0,0.0,2026-09-04T19:00:00Z,0,,14,0,0,0,0,3,0,0.0,0,2,0,0.0,0,,104,1209,49,True,0,0,0,0,0,3
Abdul Fatawu,MID,Ipswich Town,,0,0,14,0,32.9,315,0.15,0.18,0.03,0.69,21,0,0,4.7,10.2,2026-09-04T19:00:00Z,78,,14,0,0,0,0,3,0,0.2,1,2,0,4.0,2,,5366,13515,54,True,0,2,0,2,2,3
Emersonn Correia da Silva,FWD,Ipswich Town,,0,0,8,0,0.0,316,0.00,0.22,0.22,0.62,21,0,0,1.1,3.2,2026-09-04T19:00:00Z,65,,14,0,0,0,0,3,0,3.6,1,2,0,8.0,2,,322152,143680,55,True,0,1,0,1,1,3
George Hirst,FWD,Ipswich Town,,0,0,0,0,0.0,317,0.00,0.00,0.00,0.00,21,0,0,0.0,0.0,2026-09-04T19:00:00Z,0,,14,0,0,0,0,3,0,0.1,0,2,0,0.0,0,,0,17140,50,True,0,0,0,0,0,3
Jaden Philogene,MID,Ipswich Town,,0,0,0,0,0.0,318,0.00,0.00,0.00,0.00,21,0,0,0.0,0.0,2026-09-04T19:00:00Z,0,,14,0,0,0,0,3,0,0.1,0,2,0,0.0,0,,304,9296,54,True,0,0,0,0,0,3
Sam Szmodics,MID,Ipswich Town,,0,0,0,0,0.0,319,0.00,0.00,0.00,0.00,21,0,0,0.0,0.0,2026-09-04T19:00:00Z,0,,14,0,0,0,0,3,0,0.0,0,2,0,0.0,0,,0,761,50,True,0,0,0,0,0,3
Chuba Akpom,FWD,Ipswich Town,,0,0,0,0,0.0,320,0.00,0.00,0.00,0.00,21,0,0,0.0,0.0,2026-09-04T19:00:00Z,0,,14,0,0,0,0,3,0,1.2,0,2,0,0.0,0,,131191,74494,50,True,0,0,0,0,0,3
Sindre Walle Egeli,FWD,Ipswich Town,,0,0,0,0,0.0,321,0.00,0.00,0.00,0.00,21,0,0,0.0,0.0,2026-09-04T19:00:00Z,0,,14,0,0,0,0,3,0,3.5,0,2,0,0.0,0,,332154,212795,45,True,0,0,0,0,0,3
Ali Al-Hamadi,FWD,Ipswich Town,,0,0,0,0,0.0,322,0.00,0.00,0.00,0.00,21,0,0,0.0,0.0,2026-09-04T19:00:00Z,0,,14,0,0,0,0,3,0,0.0,0,2,0,0.0,0,,755,9939,50,True,0,0,0,0,0,3
Kasey McAteer,MID,Ipswich Town,,0,0,5,0,0.5,323,0.00,0.05,0.05,0.00,21,0,0,1.1,3.2,2026-09-04T19:00:00Z,11,,14,0,0,0,0,3,0,1.0,0,2,0,7.0,1,,28415,62646,44,True,0,0,0,1,0,3
Anis Mehmeti,MID,Ipswich Town,,0,0,0,0,0.0,324,0.00,0.00,0.00,0.00,21,0,0,0.0,0.0,2026-09-04T19:00:00Z,0,,14,0,0,0,0,3,0,0.0,0,2,0,0.0,0,,406,2488,48,True,0,0,0,0,0,3
Karl Darlow,GKP,Man Utd,,0,0,0,0,0.0,325,0.00,0.00,0.00,0.00,30,0,0,0.0,0.0,2026-09-06T13:00:00Z,0,,9,0,0,0,0,3,0,0.0,0,2,2,0.0,0,,1071,1612,45,False,0,0,0,0,0,3
Lucas Estella Perri,GKP,Leeds,,0,0,0,0,0.0,326,0.00,0.00,0.00,0.00,23,0,0,0.0,0.0,2026-09-05T14:00:00Z,0,,5,0,0,0,0,3,0,0.3,0,1,1,0.0,0,,532,26572,45,False,0,0,0,0,0,3
Jaka Bijol,DEF,Leeds,,0,0,1,0,0.0,327,0.00,0.00,0.00,1.95,23,0,0,0.6,6.2,2026-09-05T14:00:00Z,29,,5,0,0,0,0,3,0,0.7,0,1,1,0.0,1,,69148,59396,50,False,0,2,0,0,2,3
Pascal Struijk,DEF,Brighton,,0,0,3,0,0.1,328,0.00,0.00,0.00,0.00,23,0,0,0.0,0.2,2026-09-05T14:00:00Z,1,,13,0,0,0,0,3,0,0.2,0,1,1,0.0,1,,5676,12220,49,True,0,0,0,0,0,3
Joe Rodon,DEF,Leeds,,0,0,0,0,0.0,329,0.00,0.00,0.00,0.00,23,0,0,0.0,0.0,2026-09-05T14:00:00Z,0,,5,0,0,0,0,3,0,0.8,0,1,1,0.0,0,,26944,297265,43,False,0,0,0,0,0,3
Jayden Bogle,DEF,Leeds,,0,3,30,1,1.7,330,0.02,0.92,0.90,0.24,23,0,1,7.0,35.4,2026-09-05T14:00:00Z,60,,5,0,0,0,0,3,0,7.3,1,1,1,33.0,14,,660799,87348,46,False,1,2,0,0,0,3
Gabriel Gudmundsson,DEF,Leeds,,0,0,9,0,1.2,331,0.00,0.00,0.00,2.19,23,0,0,1.6,12.6,2026-09-05T14:00:00Z,90,,5,0,0,0,0,3,0,0.1,1,1,1,2.0,2,,4205,2793,45,False,0,2,0,9,3,3
James Justin,DEF,Leeds,,0,0,9,0,1.5,332,0.00,0.14,0.14,2.19,23,0,0,3.9,16.8,2026-09-05T14:00:00Z,90,,5,0,0,0,0,3,0,1.4,1,1,1,21.0,4,,121949,71218,45,False,0,7,10,4,3,3
Sebastiaan Bornauw,DEF,Leeds,,0,0,0,0,0.0,333,0.00,0.00,0.00,0.00,23,0,0,0.0,0.0,2026-09-05T14:00:00Z,0,,5,0,0,0,0,3,0,0.0,0,1,1,0.0,0,,0,300,45,False,0,0,0,0,0,3
Tarik Muharemović,DEF,Leeds,,0,0,10,0,0.8,334,0.01,0.01,0.00,2.19,23,0,0,3.2,29.2,2026-09-05T14:00:00Z,90,,5,0,0,0,0,3,0,4.3,1,1,1,2.0,4,,302086,175017,50,False,0,12,13,2,1,3
Anton Stach,MID,Leeds,,0,0,7,0,16.5,335,0.10,0.42,0.32,2.19,23,0,0,5.1,15.4,2026-09-05T14:00:00Z,90,,5,0,0,0,0,3,0,2.5,1,1,1,19.0,2,,202536,165328,60,False,0,2,0,2,2,3
Noah Okafor,MID,Leeds,,0,0,9,1,0.6,336,0.01,0.01,0.00,0.24,23,0,0,0.4,1.4,2026-09-05T14:00:00Z,61,,5,0,0,0,0,3,0,0.4,1,1,1,2.0,3,,27034,35391,58,False,0,0,0,0,0,3
Brenden Aaronson,MID,Leeds,,0,0,5,0,1.0,337,0.00,0.00,0.00,1.95,23,0,0,0.1,0.0,2026-09-05T14:00:00Z,28,,5,0,0,0,0,3,0,0.5,0,1,1,0.0,1,,6787,48283,53,False,0,0,0,0,0,3
Ethan Ampadu,MID,Leeds,,0,0,13,0,1.3,338,0.01,0.01,0.00,2.19,23,0,0,2.5,23.6,2026-09-05T14:00:00Z,90,,5,0,0,0,0,3,0,0.9,1,1,1,0.0,2,,18185,60932,54,False,0,6,0,1,4,3
Sean Longstaff,MID,Leeds,,0,0,0,0,0.0,339,0.00,0.00,0.00,0.00,23,0,0,0.0,0.0,2026-09-05T14:00:00Z,0,,5,0,0,0,0,3,0,0.1,0,1,1,0.0,0,,2526,8148,48,False,0,0,0,0,0,3
Joe Gelhardt,MID,Hull City,,0,0,0,0,0.0,340,0.00,0.00,0.00,0.00,25,0,0,0.0,0.0,2026-09-05T16:30:00Z,0,,2,0,0,0,0,3,0,0.0,0,0,0,0.0,0,,710,1022,50,True,0,0,0,0,0,3
Wilfried Gnonto,MID,Leeds,,0,0,0,0,0.0,341,0.00,0.00,0.00,0.00,23,0,0,0.0,0.0,2026-09-05T14:00:00Z,0,,5,0,0,0,0,3,0,0.0,0,1,1,0.0,0,,244,1815,50,False,0,0,0,0,0,3
Jack Harrison,MID,Leeds,,0,0,0,0,0.0,342,0.00,0.00,0.00,0.00,23,0,0,0.0,0.0,2026-09-05T14:00:00Z,0,,5,0,0,0,0,3,0,0.0,0,1,1,0.0,0,,0,79,50,False,0,0,0,0,0,3
Daniel James,MID,Leeds,,0,0,0,0,0.0,343,0.00,0.00,0.00,0.00,23,0,0,0.0,0.0,2026-09-05T14:00:00Z,0,,5,0,0,0,0,3,0,0.1,0,1,1,0.0,0,,4173,8036,49,False,0,0,0,0,0,3
Ilia Gruev,MID,Leeds,,0,0,0,0,0.0,344,0.00,0.00,0.00,0.00,23,0,0,0.0,0.0,2026-09-05T14:00:00Z,0,,5,0,0,0,0,3,0,0.0,0,1,1,0.0,0,,130,317,50,False,0,0,0,0,0,3
Tanaka Ao,MID,Leeds,,1,0,18,0,12.2,345,0.01,0.54,0.53,0.87,23,0,0,4.6,20.8,2026-09-05T14:00:00Z,72,,5,0,0,0,0,3,0,0.3,1,1,1,13.0,5,,22905,17643,49,False,0,3,0,3,2,3
Dominic Calvert-Lewin,FWD,Leeds,,0,0,0,0,11.3,346,0.06,0.62,0.56,0.87,23,0,0,3.7,4.4,2026-09-05T14:00:00Z,72,,5,0,0,0,0,3,0,24.8,1,1,1,21.0,1,,1017095,1331454,60,False,1,1,0,2,0,3
Lukas Nmecha,FWD,Leeds,,0,0,2,0,1.8,347,0.14,0.31,0.17,1.32,23,0,0,0.9,0.0,2026-09-05T14:00:00Z,17,,5,0,0,0,0,3,0,0.5,0,1,1,9.0,1,,22332,37313,54,False,0,0,0,0,0,3
Joël Piroe,FWD,Leeds,,0,0,0,0,0.0,348,0.00,0.00,0.00,0.00,23,0,0,0.0,0.0,2026-09-05T14:00:00Z,0,,5,0,0,0,0,3,0,0.1,0,1,1,0.0,0,,0,11248,50,False,0,0,0,0,0,3
Mateo Joseph Fernández-Regatillo,FWD,Leeds,,0,0,0,0,0.0,349,0.00,0.00,0.00,0.00,23,0,0,0.0,0.0,2026-09-05T14:00:00Z,0,,5,0,0,0,0,3,0,0.1,0,1,1,0.0,0,,3128,4488,45,False,0,0,0,0,0,3
Alisson Becker,GKP,Liverpool,,0,1,35,1,0.0,350,0.00,0.00,0.00,0.75,21,0,0,3.0,30.4,2026-09-04T19:00:00Z,90,,12,0,0,0,0,3,5,4.2,1,2,0,0.0,8,,148132,146183,55,False,0,2,0,14,0,3
Giorgi Mamardashvili,GKP,Liverpool,,0,0,0,0,0.0,351,0.00,0.00,0.00,0.00,21,0,0,0.0,0.0,2026-09-04T19:00:00Z,0,,12,0,0,0,0,3,0,0.1,0,2,0,0.0,0,,2883,8673,48,False,0,0,0,0,0,3
Freddie Woodman,GKP,Liverpool,,0,0,0,0,0.0,352,0.00,0.00,0.00,0.00,21,0,0,0.0,0.0,2026-09-04T19:00:00Z,0,,12,0,0,0,0,3,0,1.0,0,2,0,0.0,0,,18327,27336,40,False,0,0,0,0,0,3
Armin Pecsi,GKP,Liverpool,,0,0,0,0,0.0,353,0.00,0.00,0.00,0.00,21,0,0,0.0,0.0,2026-09-04T19:00:00Z,0,,12,0,0,0,0,3,0,0.0,0,2,0,0.0,0,,0,1096,40,False,0,0,0,0,0,3
Vitezslav Jaros,GKP,Liverpool,,0,0,0,0,0.0,354,0.00,0.00,0.00,0.00,21,0,0,0.0,0.0,2026-09-04T19:00:00Z,0,,12,0,0,0,0,3,0,0.0,0,2,0,0.0,0,,1763,1251,40,False,0,0,0,0,0,3
Harvey Davies,GKP,Liverpool,,0,0,0,0,0.0,355,0.00,0.00,0.00,0.00,21,0,0,0.0,0.0,2026-09-04T19:00:00Z,0,,12,0,0,0,0,3,0,0.2,0,2,0,0.0,0,,4761,4268,40,False,0,0,0,0,0,3
Virgil van Dijk,DEF,Liverpool,,0,0,32,1,1.8,356,0.02,0.02,0.00,0.75,21,0,0,2.5,23.2,2026-09-04T19:00:00Z,90,,12,0,0,0,0,3,0,16.2,1,2,0,0.0,6,,280924,619114,65,False,0,4,0,4,3,3
Jeremie Frimpong,DEF,Liverpool,,0,0,0,0,0.0,357,0.00,0.00,0.00,0.00,21,0,0,0.0,0.0,2026-09-04T19:00:00Z,0,,12,0,0,0,0,3,0,1.8,0,2,0,0.0,0,,59069,246675,53,False,0,0,0,0,0,3
Milos Kerkez,DEF,Liverpool,,0,0,23,1,11.3,358,0.03,0.03,0.00,0.75,21,0,0,2.5,13.8,2026-09-04T19:00:00Z,90,,12,0,0,0,0,3,0,2.2,1,2,0,0.0,5,,47791,188535,53,False,1,3,0,1,2,3
Joe Gomez,DEF,Liverpool,,0,0,0,0,0.0,359,0.00,0.00,0.00,0.00,21,0,0,0.0,0.0,2026-09-04T19:00:00Z,0,,12,0,0,0,0,3,0,0.0,0,2,0,0.0,0,,769,1185,49,False,0,0,0,0,0,3
Conor Bradley,DEF,Liverpool,,0,0,0,0,0.0,360,0.00,0.00,0.00,0.00,21,0,0,0.0,0.0,2026-09-04T19:00:00Z,0,,12,0,0,0,0,3,0,0.0,0,2,0,0.0,0,,380,802,50,False,0,0,0,0,0,3
Wellity Lucky,DEF,Liverpool,,0,0,0,0,0.0,361,0.00,0.00,0.00,0.00,21,0,0,0.0,0.0,2026-09-04T19:00:00Z,0,,12,0,0,0,0,3,0,0.1,0,2,0,0.0,0,,3884,5838,40,False,0,0,0,0,0,3
Jeremy Jacquet,DEF,Liverpool,,0,0,28,1,12.5,362,0.03,0.03,0.00,0.75,21,0,0,3.7,22.8,2026-09-04T19:00:00Z,90,,12,0,0,0,0,3,0,3.5,1,2,0,2.0,5,,234812,124489,50,False,1,6,0,3,3,3
Giovanni Leoni,DEF,Liverpool,,0,0,0,0,0.0,363,0.00,0.00,0.00,0.00,21,0,0,0.0,0.0,2026-09-04T19:00:00Z,0,,12,0,0,0,0,3,0,0.0,0,2,0,0.0,0,,870,2122,40,False,0,0,0,0,0,3
Kostas Tsimikas,DEF,Liverpool,,0,0,0,0,0.0,364,0.00,0.00,0.00,0.00,21,0,0,0.0,0.0,2026-09-04T19:00:00Z,0,,12,0,0,0,0,3,0,0.1,0,2,0,0.0,0,,1591,4438,49,False,0,0,0,0,0,3
Calvin Ramsay,DEF,Liverpool,,0,0,0,0,0.0,365,0.00,0.00,0.00,0.00,21,0,0,0.0,0.0,2026-09-04T19:00:00Z,0,,12,0,0,0,0,3,0,0.1,0,2,0,0.0,0,,638,12739,40,False,0,0,0,0,0,3
Florian Wirtz,MID,Liverpool,,0,0,14,1,34.0,366,0.05,0.23,0.18,0.65,21,0,0,6.3,6.6,2026-09-04T19:00:00Z,90,,12,0,0,0,0,3,0,5.7,1,2,0,22.0,3,,134868,767589,73,False,0,0,0,4,0,3
Cody Gakpo,MID,Liverpool,,2,2,43,1,42.7,367,0.40,0.46,0.06,0.75,21,0,0,10.5,49.6,2026-09-04T19:00:00Z,90,,12,0,0,0,0,3,0,12.2,1,2,0,13.0,11,,1338430,732264,72,False,0,2,0,5,3,3
Dominik Szoboszlai,MID,Liverpool,,0,0,20,1,29.9,368,0.08,0.24,0.16,0.75,21,0,0,7.0,19.4,2026-09-04T19:00:00Z,90,,12,0,0,0,0,3,0,32.6,1,2,0,21.0,3,,931403,1696952,69,False,0,3,0,6,0,3
Rio Ngumoha,MID,Liverpool,,0,0,0,0,0.0,369,0.00,0.00,0.00,0.00,21,0,0,0.0,0.0,2026-09-04T19:00:00Z,0,,12,0,0,0,0,3,0,0.5,0,2,0,0.0,0,,14635,89476,57,False,0,0,0,0,0,3
Federico Chiesa,MID,Liverpool,,0,0,0,0,0.0,370,0.00,0.00,0.00,0.00,21,0,0,0.0,0.0,2026-09-04T19:00:00Z,0,,12,0,0,0,0,3,0,0.0,0,2,0,0.0,0,,682,10096,53,False,0,0,0,0,0,3
Ryan Gravenberch,MID,Liverpool,,0,0,2,0,1.7,371,0.00,0.00,0.00,0.17,21,0,0,0.4,2.2,2026-09-04T19:00:00Z,26,,12,0,0,0,0,3,0,1.1,0,2,0,0.0,1,,35843,130845,58,False,0,1,0,1,0,3
Alexis Mac Allister,MID,Liverpool,,0,0,14,1,12.8,372,0.02,0.10,0.08,0.60,21,0,0,4.7,16.6,2026-09-04T19:00:00Z,83,,12,0,0,0,0,3,0,1.3,1,2,0,18.0,2,,45677,96940,54,False,1,3,0,5,3,3
Curtis Jones,MID,Liverpool,,0,0,0,0,0.0,373,0.00,0.00,0.00,0.00,21,0,0,0.0,0.0,2026-09-04T19:00:00Z,0,,12,0,0,0,0,3,0,0.0,0,2,0,0.0,0,,34,2653,55,False,0,0,0,0,0,3
Endo Wataru,MID,Liverpool,,0,0,0,0,0.0,374,0.00,0.00,0.00,0.00,21,0,0,0.0,0.0,2026-09-04T19:00:00Z,0,,12,0,0,0,0,3,0,0.1,0,2,0,0.0,0,,2335,4833,49,False,0,0,0,0,0,3
Trey Nyoni,MID,Liverpool,,0,0,3,0,0.1,375,0.00,0.00,0.00,0.15,21,0,0,0.0,0.2,2026-09-04T19:00:00Z,6,,12,0,0,0,0,3,0,0.0,0,2,0,0.0,1,,1354,3066,49,False,0,0,0,0,0,3
Stefan Bajčetić Maquieira,MID,Liverpool,,0,0,0,0,0.0,376,0.00,0.00,0.00,0.00,21,0,0,0.0,0.0,2026-09-04T19:00:00Z,0,,12,0,0,0,0,3,0,0.0,0,2,0,0.0,0,,19,107,50,False,0,0,0,0,0,3
Victor Munoz,MID,Liverpool,,0,0,9,1,4.3,377,0.02,0.02,0.00,0.58,21,0,0,1.1,0.8,2026-09-04T19:00:00Z,63,,12,0,0,0,0,3,0,0.9,1,2,0,6.0,3,,117590,102346,65,False,0,0,0,4,0,3
James McConnell,MID,Liverpool,,0,0,0,0,0.0,378,0.00,0.00,0.00,0.00,21,0,0,0.0,0.0,2026-09-04T19:00:00Z,0,,12,0,0,0,0,3,0,0.2,0,2,0,0.0,0,,6968,13038,44,False,0,0,0,0,0,3
Alexander Isak,FWD,Liverpool,,0,3,61,0,6.4,379,0.05,0.26,0.21,0.58,21,0,2,10.7,67.0,2026-09-04T19:00:00Z,63,,12,0,0,0,0,3,0,22.2,1,2,0,34.0,13,,1246105,759317,91,False,0,1,0,2,0,3
Hugo Ekitiké,FWD,Liverpool,,0,0,0,0,0.0,380,0.00,0.00,0.00,0.00,21,0,0,0.0,0.0,2026-09-04T19:00:00Z,0,,12,0,0,0,0,3,0,0.1,0,2,0,0.0,0,,2687,11347,74,False,0,0,0,0,0,3
Lewis Koumas,MID,Liverpool,,0,0,3,0,0.0,381,0.00,0.00,0.00,0.10,21,0,0,0.0,0.0,2026-09-04T19:00:00Z,1,,12,0,0,0,0,3,0,0.0,0,2,0,0.0,1,,855,1401,50,False,0,0,0,0,0,3
Jayden Danns,FWD,Liverpool,,0,0,0,0,0.0,382,0.00,0.00,0.00,0.00,21,0,0,0.0,0.0,2026-09-04T19:00:00Z,0,,12,0,0,0,0,3,0,0.2,0,2,0,0.0,0,,23508,9816,45,False,0,0,0,0,0,3
Harvey Elliott,MID,Liverpool,,0,0,0,0,0.0,383,0.00,0.00,0.00,0.00,21,0,0,0.0,0.0,2026-09-04T19:00:00Z,0,,12,0,0,0,0,3,0,0.0,0,2,0,0.0,0,,907,6160,54,False,0,0,0,0,0,3
Gianluigi Donnarumma,GKP,Man City,,0,0,29,1,0.0,384,0.00,0.00,0.00,1.37,26,0,0,2.7,26.8,2026-09-05T14:00:00Z,90,,7,0,0,0,0,3,3,7.6,1,0,1,0.0,7,,207526,318176,55,True,0,1,0,2,0,3
James Trafford,GKP,Leeds,,0,0,18,0,0.0,385,0.00,0.00,0.00,2.19,23,0,0,3.5,34.8,2026-09-05T14:00:00Z,90,,5,0,0,0,0,3,4,5.5,1,1,1,0.0,3,,266631,160544,50,False,0,2,0,11,0,3
Marcus Bettinelli,GKP,Man City,,0,0,0,0,0.0,386,0.00,0.00,0.00,0.00,26,0,0,0.0,0.0,2026-09-05T14:00:00Z,0,,7,0,0,0,0,3,0,0.0,0,0,1,0.0,0,,576,1127,45,True,0,0,0,0,0,3
Nico O'Reilly,DEF,Man City,,0,0,0,0,0.0,387,0.00,0.00,0.00,0.00,26,0,0,0.0,0.0,2026-09-05T14:00:00Z,0,,7,0,0,0,0,3,0,10.8,0,0,1,0.0,0,,192743,1214707,63,True,0,0,0,0,0,3
Marc Guéhi,DEF,Man City,,0,2,31,1,9.6,388,0.02,0.02,0.00,1.37,26,0,0,4.0,28.8,2026-09-05T14:00:00Z,90,,7,0,0,0,0,3,0,18.2,1,0,1,2.0,8,,507008,466945,60,True,0,9,0,6,0,3
Matheus Nunes,DEF,Man City,,0,0,0,0,0.0,389,0.00,0.00,0.00,0.00,26,0,0,0.0,0.0,2026-09-05T14:00:00Z,0,,7,0,0,0,0,3,0,1.0,0,0,1,0.0,0,,14925,74265,59,True,0,0,0,0,0,3
Rúben dos Santos Gato Alves Dias,DEF,Man City,,0,0,25,1,6.6,390,0.03,0.03,0.00,1.37,26,0,0,2.7,20.6,2026-09-05T14:00:00Z,90,,7,0,0,0,0,3,0,1.9,1,0,1,0.0,6,,67559,74341,55,True,0,3,0,0,0,3
Joško Gvardiol,DEF,Man City,,0,2,31,1,6.9,391,0.02,0.03,0.01,1.37,26,0,0,3.3,18.8,2026-09-05T14:00:00Z,90,,7,0,0,0,0,3,0,26.9,1,0,1,7.0,8,,1838108,420167,57,True,0,4,0,7,4,3
Rayan Aït-Nouri,DEF,Man City,,0,0,0,0,0.0,392,0.00,0.00,0.00,0.00,26,0,0,0.0,0.0,2026-09-05T14:00:00Z,0,,7,0,0,0,0,3,0,0.4,0,0,1,0.0,0,,7908,61705,52,True,0,0,0,0,0,3
Abdukodir Khusanov,DEF,Man City,,0,0,22,1,3.9,393,0.02,0.02,0.00,1.37,26,0,0,1.8,13.6,2026-09-05T14:00:00Z,90,,7,0,0,0,0,3,0,1.4,1,0,1,0.0,5,,26948,81022,54,True,1,4,0,4,2,3
Max Alleyne,DEF,Man City,,0,0,0,0,0.0,394,0.00,0.00,0.00,0.00,26,0,0,0.0,0.0,2026-09-05T14:00:00Z,0,,7,0,0,0,0,3,0,0.0,0,0,1,0.0,0,,0,618,50,True,0,0,0,0,0,3
Rico Lewis,DEF,Man City,,0,0,0,0,0.0,395,0.00,0.00,0.00,0.00,26,0,0,0.0,0.0,2026-09-05T14:00:00Z,0,,7,0,0,0,0,3,0,0.2,0,0,1,0.0,0,,8287,16324,44,True,0,0,0,0,0,3
Vitor de Oliveira Nunes dos Reis,DEF,Man City,,0,0,0,0,0.0,396,0.00,0.00,0.00,0.00,26,0,0,0.0,0.0,2026-09-05T14:00:00Z,0,,7,0,0,0,0,3,0,0.0,0,0,1,0.0,0,,557,1184,45,True,0,0,0,0,0,3
Antoine Semenyo,MID,Man City,,1,0,26,1,45.9,397,0.34,0.39,0.05,1.37,26,0,0,8.0,22.6,2026-09-05T14:00:00Z,90,,7,0,0,0,0,3,0,15.2,1,0,1,11.0,6,,318882,1222382,84,True,0,0,0,3,1,3
Phil Foden,MID,Man City,,0,0,3,0,14.8,398,0.01,0.63,0.62,0.50,26,0,0,2.6,4.4,2026-09-05T14:00:00Z,24,,7,0,0,0,0,3,0,1.8,0,0,1,7.0,1,,303475,567701,69,True,0,0,0,1,0,3
Rayan Cherki,MID,Man City,,0,0,23,1,52.2,399,0.30,0.51,0.21,0.86,26,0,0,8.4,7.4,2026-09-05T14:00:00Z,65,,7,0,0,0,0,3,0,28.4,1,0,1,24.0,3,,2680091,963636,78,True,0,0,0,3,0,3
Jérémy Doku,MID,Man City,,0,0,0,0,0.0,400,0.00,0.00,0.00,0.00,26,0,0,0.0,0.0,2026-09-05T14:00:00Z,0,,7,0,0,0,0,3,0,0.7,0,0,1,0.0,0,,6358,128329,74,True,0,0,0,0,0,3
Omar Marmoush,FWD,Spurs,,0,0,6,0,2.4,401,0.01,0.18,0.17,0.88,28,0,0,1.0,0.0,2026-09-05T14:00:00Z,83,,18,0,0,0,0,3,0,2.1,1,0,0,10.0,2,,235577,164120,70,False,0,0,0,0,0,3
Rodrigo 'Rodri' Hernandez Cascante,MID,Man City,,0,0,0,0,0.0,402,0.00,0.00,0.00,0.00,26,0,0,0.0,0.0,2026-09-05T14:00:00Z,0,,7,0,0,0,0,3,0,0.0,0,0,1,0.0,0,,0,1231,65,True,0,0,0,0,0,3
Sávio Moreira de Oliveira,MID,Spurs,,0,0,15,1,17.3,403,0.27,0.29,0.02,0.49,28,0,0,3.9,6.2,2026-09-05T14:00:00Z,60,,18,0,0,0,0,3,0,0.6,1,0,0,15.0,3,,100101,80156,65,False,0,0,0,0,0,3
Tijjani Reijnders,MID,Man City,,0,0,0,0,0.0,404,0.00,0.00,0.00,0.00,26,0,0,0.0,0.0,2026-09-05T14:00:00Z,0,,7,0,0,0,0,3,0,0.0,0,0,1,0.0,0,,0,8191,60,True,0,0,0,0,0,3
Nico González Iglesias,MID,Newcastle,,0,0,11,0,12.4,405,0.01,0.01,0.00,1.33,27,0,0,2.1,6.2,2026-09-05T11:30:00Z,76,,3,0,0,0,0,3,0,0.2,1,2,2,2.0,2,,18134,17056,55,True,0,1,0,6,0,3
Mateo Kovačić,MID,Man City,,0,0,0,0,0.0,406,0.00,0.00,0.00,0.00,26,0,0,0.0,0.0,2026-09-05T14:00:00Z,0,,7,0,0,0,0,3,0,0.1,0,0,1,0.0,0,,2264,6319,53,True,0,0,0,0,0,3
Claudio Echeverri,MID,Man City,,0,0,0,0,0.0,407,0.00,0.00,0.00,0.00,26,0,0,0.0,0.0,2026-09-05T14:00:00Z,0,,7,0,0,0,0,3,0,0.0,0,0,1,0.0,0,,250,1346,49,True,0,0,0,0,0,3
Kalvin Phillips,MID,Man City,,0,0,0,0,0.0,408,0.00,0.00,0.00,0.00,26,0,0,0.0,0.0,2026-09-05T14:00:00Z,0,,7,0,0,0,0,3,0,0.0,0,0,1,0.0,0,,0,572,50,True,0,0,0,0,0,3
Divine Mukasa,MID,Man City,,0,0,0,0,0.0,409,0.00,0.00,0.00,0.00,26,0,0,0.0,0.0,2026-09-05T14:00:00Z,0,,7,0,0,0,0,3,0,0.1,0,0,1,0.0,0,,1621,12208,45,True,0,0,0,0,0,3
Jeremy Monga,MID,Man City,,0,0,0,0,0.0,410,0.00,0.00,0.00,0.00,26,0,0,0.0,0.0,2026-09-05T14:00:00Z,0,,7,0,0,0,0,3,0,0.0,0,0,1,0.0,0,,219,1274,49,True,0,0,0,0,0,3
Erling Haaland,FWD,Man City,,0,3,40,0,13.6,411,0.48,1.54,1.06,1.37,26,0,1,12.5,48.8,2026-09-05T14:00:00Z,90,,7,0,0,0,0,3,0,73.9,1,0,1,63.0,9,,929667,324902,156,True,0,5,0,2,0,3
Senne Lammens,GKP,Man Utd,,0,0,13,0,0.0,412,0.00,0.00,0.00,1.01,30,2,0,3.2,31.8,2026-09-06T13:00:00Z,90,,9,0,0,0,0,3,4,9.9,1,2,2,0.0,2,,99522,689793,49,False,0,1,0,14,0,3
Altay Bayındır,GKP,Man Utd,,0,0,0,0,0.0,413,0.00,0.00,0.00,0.00,30,0,0,0.0,0.0,2026-09-06T13:00:00Z,0,,9,0,0,0,0,3,0,0.0,0,2,2,0.0,0,,0,1153,45,False,0,0,0,0,0,3
Tom Heaton,GKP,Man Utd,,0,0,0,0,0.0,414,0.00,0.00,0.00,0.00,30,0,0,0.0,0.0,2026-09-06T13:00:00Z,0,,9,0,0,0,0,3,0,0.1,0,2,2,0.0,0,,2135,3581,40,False,0,0,0,0,0,3
Patrick Dorgu,MID,Man Utd,,0,0,3,0,1.3,415,0.01,0.01,0.00,0.36,30,0,0,0.8,4.2,2026-09-06T13:00:00Z,20,,9,0,0,0,0,3,0,0.5,0,2,2,2.0,1,,14005,98117,58,False,0,1,0,1,1,3
Matthijs de Ligt,DEF,Man Utd,,0,0,0,0,0.0,416,0.00,0.00,0.00,0.00,30,0,0,0.0,0.0,2026-09-06T13:00:00Z,0,,9,0,0,0,0,3,0,0.0,0,2,2,0.0,0,,466,1564,49,False,0,0,0,0,0,3
Diogo Dalot Teixeira,DEF,Man Utd,,0,0,8,0,22.7,417,0.01,0.02,0.01,0.92,30,0,0,3.4,4.8,2026-09-06T13:00:00Z,83,,9,0,0,0,0,3,0,1.6,1,2,2,6.0,1,,26194,136435,49,False,1,2,0,3,2,3
Harry Maguire,DEF,Man Utd,,0,0,1,0,1.3,418,0.01,0.01,0.00,1.01,30,2,0,3.0,26.8,2026-09-06T13:00:00Z,90,,9,0,0,0,0,3,0,8.6,1,2,2,2.0,2,,138730,1007571,48,False,1,12,12,2,0,3
Lisandro Martínez,DEF,Man Utd,,0,0,7,0,0.3,419,0.00,0.00,0.00,1.01,30,2,0,2.9,29.0,2026-09-06T13:00:00Z,90,,9,0,0,0,0,3,0,1.3,1,2,2,0.0,3,,36830,67604,49,False,0,10,10,2,0,3
Leny Yoro,DEF,Man Utd,,0,0,1,0,0.6,420,0.01,0.01,0.00,0.09,30,0,0,0.9,6.0,2026-09-06T13:00:00Z,6,,9,0,0,0,0,3,0,0.5,0,2,2,2.0,1,,5274,36127,48,False,0,1,0,0,2,3
Ayden Heaven,DEF,Man Utd,,0,0,0,0,0.0,421,0.00,0.00,0.00,0.00,30,0,0,0.0,0.0,2026-09-06T13:00:00Z,0,,9,0,0,0,0,3,0,0.3,0,2,2,0.0,0,,6032,24140,43,False,0,0,0,0,0,3
Noussair Mazraoui,DEF,Man Utd,,0,0,-1,0,0.5,422,0.01,0.01,0.00,0.07,30,0,0,0.5,2.2,2026-09-06T13:00:00Z,1,,9,0,0,0,0,3,0,0.5,0,2,2,2.0,1,,14396,41091,44,False,0,0,0,0,1,3
Luke Shaw,DEF,Man Utd,,1,0,22,0,24.8,423,0.23,0.25,0.02,0.94,30,0,0,7.0,42.4,2026-09-06T13:00:00Z,90,,9,0,0,0,0,3,0,7.6,1,2,2,3.0,4,,101567,1311589,43,False,1,7,0,1,1,3
Harry Amass,DEF,Man Utd,,0,0,0,0,0.0,424,0.00,0.00,0.00,0.00,30,0,0,0.0,0.0,2026-09-06T13:00:00Z,0,,9,0,0,0,0,3,0,0.2,0,2,2,0.0,0,,6344,8859,40,False,0,0,0,0,0,3
Tyler Fredricson,DEF,Man Utd,,0,0,0,0,0.0,425,0.00,0.00,0.00,0.00,30,0,0,0.0,0.0,2026-09-06T13:00:00Z,0,,9,0,0,0,0,3,0,0.0,0,2,2,0.0,0,,0,1321,40,False,0,0,0,0,0,3
Bruno Borges Fernandes,MID,Man Utd,,0,0,11,0,33.6,426,0.06,0.21,0.15,1.01,30,0,0,5.1,3.4,2026-09-06T13:00:00Z,90,,9,0,0,0,0,3,0,38.4,1,2,2,14.0,2,,661081,1858755,119,False,0,0,0,2,0,3
Bryan Mbeumo,MID,Man Utd,,0,1,29,0,13.7,427,0.03,0.08,0.05,1.01,30,0,1,7.2,39.8,2026-09-06T13:00:00Z,90,,9,0,0,0,0,3,0,20.5,1,2,2,18.0,8,,468279,2023689,79,False,0,4,0,4,0,3
Matheus Santos Carneiro da Cunha,MID,Man Utd,,0,0,10,1,6.2,428,0.05,0.17,0.12,0.65,30,0,0,1.9,2.8,2026-09-06T13:00:00Z,69,,9,0,0,0,0,3,0,5.8,1,2,2,10.0,3,,98173,511145,79,False,0,0,0,1,2,3
Marcus Rashford,MID,Man Utd,,0,0,11,1,12.5,429,0.06,0.06,0.00,0.65,30,0,0,2.4,3.8,2026-09-06T13:00:00Z,69,,9,0,0,0,0,3,0,1.4,1,2,2,8.0,3,,85302,129946,70,False,0,0,0,4,0,3
Mason Mount,MID,Man Utd,,0,0,0,0,0.0,430,0.00,0.00,0.00,0.00,30,0,0,0.0,0.0,2026-09-06T13:00:00Z,0,,9,0,0,0,0,3,0,0.0,0,2,2,0.0,0,,924,1983,54,False,0,0,0,0,0,3
Amad Diallo,MID,Man Utd,,0,0,0,0,0.0,431,0.00,0.00,0.00,0.00,30,0,0,0.0,0.0,2026-09-06T13:00:00Z,0,,9,0,0,0,0,3,0,0.3,0,2,2,0.0,0,,2183,123685,57,False,0,0,0,0,0,3
Kobbie Mainoo,MID,Man Utd,,1,2,32,0,24.5,432,0.07,0.07,0.00,0.92,30,0,0,5.9,34.2,2026-09-06T13:00:00Z,83,,9,0,0,0,0,3,0,1.6,1,2,2,0.0,9,,95031,68520,55,False,0,3,15,10,2,3
Manuel Ugarte Ribeiro,MID,Man Utd,,0,0,0,0,0.0,433,0.00,0.00,0.00,0.00,30,0,0,0.0,0.0,2026-09-06T13:00:00Z,0,,9,0,0,0,0,3,0,0.0,0,2,2,0.0,0,,121,266,50,False,0,0,0,0,0,3
Jack Fletcher,MID,Man Utd,,0,0,0,0,0.0,434,0.00,0.00,0.00,0.00,30,0,0,0.0,0.0,2026-09-06T13:00:00Z,0,,9,0,0,0,0,3,0,0.0,0,2,2,0.0,0,,327,707,49,False,0,0,0,0,0,3
Shea Lacey,MID,Man Utd,,0,0,0,0,0.0,435,0.00,0.00,0.00,0.00,30,0,0,0.0,0.0,2026-09-06T13:00:00Z,0,,9,0,0,0,0,3,0,0.1,0,2,2,0.0,0,,1744,3341,49,False,0,0,0,0,0,3
Toby Collyer,MID,Man Utd,,0,0,0,0,0.0,436,0.00,0.00,0.00,0.00,30,0,0,0.0,0.0,2026-09-06T13:00:00Z,0,,9,0,0,0,0,3,0,0.0,0,2,2,0.0,0,,150,1056,50,False,0,0,0,0,0,3
Bendito Mantato,MID,Man Utd,,0,0,0,0,0.0,437,0.00,0.00,0.00,0.00,30,0,0,0.0,0.0,2026-09-06T13:00:00Z,0,,9,0,0,0,0,3,0,0.2,0,2,2,0.0,0,,5159,9710,44,False,0,0,0,0,0,3
Tyler Fletcher,MID,Man Utd,,0,0,0,0,0.0,438,0.00,0.00,0.00,0.00,30,0,0,0.0,0.0,2026-09-06T13:00:00Z,0,,9,0,0,0,0,3,0,0.3,0,2,2,0.0,0,,10705,16994,44,False,0,0,0,0,0,3
Benjamin Sesko,FWD,Man Utd,,0,0,28,0,0.2,439,0.00,0.29,0.29,0.36,30,0,1,5.2,31.2,2026-09-06T13:00:00Z,20,,9,0,0,0,0,3,0,1.6,0,2,2,21.0,5,,104163,135072,70,False,0,0,0,0,0,3
Joshua Zirkzee,FWD,Man Utd,,0,0,0,0,0.0,440,0.00,0.00,0.00,0.00,30,0,0,0.0,0.0,2026-09-06T13:00:00Z,0,,9,0,0,0,0,3,0,0.4,0,2,2,0.0,0,,15985,43847,53,False,0,0,0,0,0,3
Chido Obi,FWD,Man Utd,,0,0,0,0,0.0,441,0.00,0.00,0.00,0.00,30,0,0,0.0,0.0,2026-09-06T13:00:00Z,0,,9,0,0,0,0,3,0,0.9,0,2,2,0.0,0,,45543,74737,45,False,0,0,0,0,0,3
Nick Pope,GKP,Newcastle,,0,0,0,0,0.0,442,0.00,0.00,0.00,0.00,27,0,0,0.0,0.0,2026-09-05T11:30:00Z,0,,3,0,0,0,0,3,0,0.9,0,2,2,0.0,0,,13411,54024,49,True,0,0,0,0,0,3
Mark Gillespie,GKP,Newcastle,,0,0,0,0,0.0,443,0.00,0.00,0.00,0.00,27,0,0,0.0,0.0,2026-09-05T11:30:00Z,0,,3,0,0,0,0,3,0,0.0,0,2,2,0.0,0,,771,1211,45,True,0,0,0,0,0,3
Ewen Jaouen,GKP,Newcastle,,0,0,0,0,0.0,444,0.00,0.00,0.00,0.00,27,0,0,0.0,0.0,2026-09-05T11:30:00Z,0,,3,0,0,0,0,3,0,0.0,0,2,2,0.0,0,,453,1530,44,True,0,0,0,0,0,3
Malick Thiaw,DEF,Newcastle,,0,0,0,0,12.3,445,0.05,0.05,0.00,1.37,27,2,0,2.2,7.6,2026-09-05T11:30:00Z,90,,3,1,0,0,0,3,0,2.2,1,2,2,2.0,-1,,178717,123809,50,True,0,3,0,3,0,3
Fabian Schär,DEF,Newcastle,,0,0,0,0,0.0,446,0.00,0.00,0.00,0.00,27,0,0,0.0,0.0,2026-09-05T11:30:00Z,0,,3,0,0,0,0,3,0,0.2,0,2,2,0.0,0,,7112,13905,49,True,0,0,0,0,0,3
Sven Botman,DEF,Newcastle,,0,0,3,0,0.9,447,0.16,0.16,0.00,1.37,27,2,0,3.1,26.0,2026-09-05T11:30:00Z,90,,3,0,0,0,0,3,0,0.7,1,2,2,4.0,1,,47890,28578,50,True,0,8,0,3,1,3
Dan Burn,DEF,Newcastle,,0,0,0,0,0.0,448,0.00,0.00,0.00,0.00,27,0,0,0.0,0.0,2026-09-05T11:30:00Z,0,,3,0,0,0,0,3,0,0.7,0,2,2,0.0,0,,7337,161053,48,True,0,0,0,0,0,3
Lewis Hall,DEF,Newcastle,,1,0,20,0,13.4,449,0.01,0.02,0.01,1.35,27,2,0,4.4,28.0,2026-09-05T11:30:00Z,89,,3,0,0,0,0,3,0,17.4,1,2,2,3.0,4,,1674374,350956,53,True,0,5,0,13,1,3
Tino Livramento,DEF,Newcastle,,0,0,3,0,0.0,450,0.00,0.00,0.00,0.02,27,0,0,0.0,0.2,2026-09-05T11:30:00Z,1,,3,0,0,0,0,3,0,0.1,0,2,2,0.0,1,,10253,6032,49,True,0,0,0,0,0,3
Alex Murphy,DEF,Newcastle,,0,0,0,0,0.0,451,0.00,0.00,0.00,0.00,27,0,0,0.0,0.0,2026-09-05T11:30:00Z,0,,3,0,0,0,0,3,0,0.1,0,2,2,0.0,0,,0,6964,40,True,0,0,0,0,0,3
Bruno Guimarães Rodriguez Moura,MID,Arsenal,,0,0,0,0,0.0,452,0.00,0.00,0.00,0.00,29,0,0,0.0,0.0,2026-09-06T15:30:00Z,0,,6,0,0,0,0,3,0,1.8,0,1,2,0.0,0,,31275,245199,67,True,0,0,0,0,0,3
Harvey Barnes,MID,Newcastle,,1,2,37,0,2.8,453,0.03,0.14,0.11,1.37,27,0,1,5.9,33.0,2026-09-05T11:30:00Z,90,,3,0,0,0,0,3,0,5.9,1,2,2,23.0,12,,643905,153716,61,True,0,2,0,4,0,3
Anthony Elanga,MID,Newcastle,,0,0,8,0,31.8,454,0.23,0.23,0.00,1.33,27,0,0,4.4,8.4,2026-09-05T11:30:00Z,76,,3,0,0,0,0,3,0,4.5,1,2,2,4.0,1,,1286184,1092759,61,True,1,1,0,1,2,3
Sandro Tonali,MID,Spurs,,0,0,22,1,8.0,455,0.01,0.01,0.00,0.92,28,0,0,3.1,22.8,2026-09-05T14:00:00Z,90,,18,0,0,0,0,3,0,1.8,1,0,0,0.0,5,,48060,270436,53,False,0,4,12,4,4,3
Jacob Ramsey,MID,Newcastle,,0,0,22,0,0.8,456,0.02,0.13,0.11,0.04,27,0,1,5.0,32.4,2026-09-05T11:30:00Z,27,,3,0,0,0,0,3,0,0.2,0,2,2,17.0,6,,16624,31139,49,True,0,0,0,4,0,3
Jacob Murphy,MID,Newcastle,,0,0,5,0,0.3,457,0.00,0.00,0.00,0.04,27,0,0,0.1,0.2,2026-09-05T11:30:00Z,13,,3,0,0,0,0,3,0,0.1,0,2,2,0.0,1,,6128,11025,59,True,0,0,0,1,0,3
Joelinton Cássio Apolinário de Lira,MID,Newcastle,,0,0,0,0,0.0,458,0.00,0.00,0.00,0.00,27,0,0,0.0,0.0,2026-09-05T11:30:00Z,0,,3,0,0,0,0,3,0,0.0,0,2,2,0.0,0,,232,2249,54,True,0,0,0,0,0,3
Lewis Miley,MID,Newcastle,,0,0,11,0,1.1,459,0.02,0.02,0.00,1.33,27,0,0,0.6,3.2,2026-09-05T11:30:00Z,62,,3,0,0,0,0,3,0,0.1,1,2,2,2.0,2,,6356,5575,55,True,0,1,0,3,0,3
Joe Willock,MID,Newcastle,,0,0,6,0,2.2,460,0.01,0.37,0.36,1.33,27,0,0,1.9,6.0,2026-09-05T11:30:00Z,62,,3,0,0,0,0,3,0,0.6,1,2,2,11.0,2,,65089,30995,50,True,0,1,0,1,1,3
Bazoumana Touré,MID,Newcastle,,0,0,0,0,0.0,461,0.00,0.00,0.00,0.00,27,0,0,0.0,0.0,2026-09-05T11:30:00Z,0,,3,0,0,0,0,3,0,0.1,0,2,2,0.0,0,,3731,16508,58,True,0,0,0,0,0,3
Sean Steur,MID,Newcastle,,0,0,3,0,0.5,462,0.00,0.00,0.00,0.04,27,0,0,0.3,2.0,2026-09-05T11:30:00Z,13,,3,0,0,0,0,3,0,0.1,0,2,2,0.0,1,,2435,6209,49,True,0,1,0,1,0,3
Nick Woltemade,FWD,Newcastle,,0,0,0,0,0.0,463,0.00,0.00,0.00,0.00,27,0,0,0.0,0.0,2026-09-05T11:30:00Z,0,,3,0,0,0,0,3,0,0.5,0,2,2,0.0,0,,14520,142362,59,True,0,0,0,0,0,3
Yoane Wissa,FWD,Newcastle,,0,0,7,0,7.3,464,0.03,0.03,0.00,1.37,27,0,0,0.7,0.0,2026-09-05T11:30:00Z,90,,3,0,0,0,0,3,0,18.7,1,2,2,0.0,1,,2291030,734245,62,True,1,0,0,3,0,3
William Osula,FWD,Newcastle,,0,0,0,0,0.0,465,0.00,0.00,0.00,0.00,27,0,0,0.0,0.0,2026-09-05T11:30:00Z,0,,3,0,0,0,0,3,0,0.3,0,2,2,0.0,0,,21459,86855,58,True,0,0,0,0,0,3
Sean Neave,FWD,Newcastle,,0,0,0,0,0.0,466,0.00,0.00,0.00,0.00,27,0,0,0.0,0.0,2026-09-05T11:30:00Z,0,,3,0,0,0,0,3,0,0.5,0,2,2,0.0,0,,23805,52711,45,True,0,0,0,0,0,3
Matz Sels,GKP,Nott'm Forest,,0,0,21,1,0.0,467,0.00,0.00,0.00,1.06,28,0,0,0.2,2.4,2026-09-05T14:00:00Z,90,,19,0,0,0,0,3,0,1.6,1,0,0,0.0,6,,68406,62587,50,True,0,1,0,11,0,3
John Victor Maciel Furtado,GKP,Nott'm Forest,,0,0,0,0,0.0,468,0.00,0.00,0.00,0.00,28,0,0,0.0,0.0,2026-09-05T14:00:00Z,0,,19,0,0,0,0,3,0,0.1,0,0,0,0.0,0,,873,2026,45,True,0,0,0,0,0,3
Neco Williams,DEF,Nott'm Forest,,0,1,28,1,10.9,469,0.07,0.07,0.00,1.06,28,0,0,2.6,11.4,2026-09-05T14:00:00Z,90,,19,0,0,0,0,3,0,8.7,1,0,0,4.0,7,,326358,354866,50,True,0,3,0,8,3,3
Felipe Rodrigues da Silva,DEF,Nott'm Forest,,0,0,0,0,0.0,470,0.00,0.00,0.00,0.00,28,0,0,0.0,0.0,2026-09-05T14:00:00Z,0,,19,0,0,0,0,3,0,0.0,0,0,0,0.0,0,,424,3704,50,True,0,0,0,0,0,3
Nikola Milenković,DEF,Nott'm Forest,,0,0,27,1,0.8,471,0.01,0.01,0.00,1.06,28,0,0,3.1,28.6,2026-09-05T14:00:00Z,90,,19,0,0,0,0,3,0,1.0,1,0,0,2.0,7,,18001,108027,54,True,1,9,11,3,2,3
Murillo Costa dos Santos,DEF,Nott'm Forest,,0,0,25,1,1.2,472,0.00,0.17,0.17,1.06,28,0,0,2.9,17.8,2026-09-05T14:00:00Z,89,,19,0,0,0,0,3,0,2.1,1,0,0,10.0,8,,104710,61996,55,True,0,6,10,4,4,3
Ola Aina,DEF,Nott'm Forest,,0,0,8,0,0.5,473,0.00,0.00,0.00,0.81,28,0,0,1.4,13.0,2026-09-05T14:00:00Z,58,,19,0,0,0,0,3,0,2.4,1,0,0,0.0,1,,69235,171141,44,True,0,2,0,4,5,3
Jair Paula da Cunha Filho,DEF,Nott'm Forest,,0,0,24,1,0.7,474,0.01,0.04,0.03,1.06,28,0,0,2.2,20.0,2026-09-05T14:00:00Z,90,,19,0,0,0,0,3,0,0.2,1,0,0,1.0,8,,9789,13197,45,True,0,10,12,2,2,3
Nicolò Savona,DEF,Nott'm Forest,,0,0,0,0,0.0,475,0.00,0.00,0.00,0.00,28,0,0,0.0,0.0,2026-09-05T14:00:00Z,0,,19,0,0,0,0,3,0,0.0,0,0,0,0.0,0,,241,278,45,True,0,0,0,0,0,3
Omar Richards,DEF,Nott'm Forest,,0,0,0,0,0.0,476,0.00,0.00,0.00,0.00,28,0,0,0.0,0.0,2026-09-05T14:00:00Z,0,,19,0,0,0,0,3,0,0.2,0,0,0,0.0,0,,4026,8327,40,True,0,0,0,0,0,3
Zach Abbott,DEF,Nott'm Forest,,0,0,0,0,0.0,477,0.00,0.00,0.00,0.00,28,0,0,0.0,0.0,2026-09-05T14:00:00Z,0,,19,0,0,0,0,3,0,0.1,0,0,0,0.0,0,,2459,13942,40,True,0,0,0,0,0,3
Luca Netz,DEF,Nott'm Forest,,0,0,0,0,0.0,478,0.00,0.00,0.00,0.00,28,0,0,0.0,0.0,2026-09-05T14:00:00Z,0,,19,0,0,0,0,3,0,0.0,0,0,0,0.0,0,,691,1593,44,True,0,0,0,0,0,3
Tyler Bindon,DEF,Nott'm Forest,,0,0,0,0,0.0,479,0.00,0.00,0.00,0.00,28,0,0,0.0,0.0,2026-09-05T14:00:00Z,0,,19,0,0,0,0,3,0,0.1,0,0,0,0.0,0,,799,8686,40,True,0,0,0,0,0,3
Morgan Gibbs-White,MID,Nott'm Forest,,0,0,3,1,3.0,480,0.01,0.49,0.48,1.06,28,0,0,2.2,5.6,2026-09-05T14:00:00Z,90,,19,0,0,0,0,3,0,15.7,1,0,0,13.0,3,,1215040,672085,80,True,0,0,0,5,2,3
Elliot Anderson,MID,Man City,,0,0,23,1,28.1,481,0.17,0.19,0.02,1.37,26,0,0,6.0,26.6,2026-09-05T14:00:00Z,90,,7,0,0,0,0,3,0,4.0,1,0,1,5.0,3,,105851,447156,63,True,0,4,0,6,1,3
Callum Hudson-Odoi,MID,Nott'm Forest,,0,0,0,0,0.0,482,0.00,0.00,0.00,0.00,28,0,0,0.0,0.0,2026-09-05T14:00:00Z,0,,19,0,0,0,0,3,0,0.1,0,0,0,0.0,0,,5290,17608,58,True,0,0,0,0,0,3
Dan Ndoye,MID,Nott'm Forest,,0,0,5,0,0.3,483,0.00,0.00,0.00,0.81,28,0,0,0.1,0.4,2026-09-05T14:00:00Z,58,,19,0,0,0,0,3,0,0.7,1,0,0,0.0,1,,72420,49641,55,True,0,0,0,4,1,3
Omari Hutchinson,MID,Nott'm Forest,,0,0,0,0,0.0,484,0.00,0.00,0.00,0.00,28,0,0,0.0,0.0,2026-09-05T14:00:00Z,0,,19,0,0,0,0,3,0,0.1,0,0,0,0.0,0,,427,11021,54,True,0,0,0,0,0,3
Dilane Bakwa,MID,Nott'm Forest,,0,0,0,0,0.0,485,0.00,0.00,0.00,0.00,28,0,0,0.0,0.0,2026-09-05T14:00:00Z,0,,19,0,0,0,0,3,0,0.0,0,0,0,0.0,0,,107,1179,55,True,0,0,0,0,0,3
James McAtee,MID,Nott'm Forest,,0,0,22,1,59.5,486,0.22,0.35,0.13,1.06,28,0,0,8.4,14.2,2026-09-05T14:00:00Z,90,,19,0,0,0,0,3,0,0.1,1,0,0,10.0,2,,10019,5996,55,True,1,0,0,4,3,3
Nicolás Domínguez,MID,Nott'm Forest,,0,0,0,0,0.0,487,0.00,0.00,0.00,0.00,28,0,0,0.0,0.0,2026-09-05T14:00:00Z,0,,19,0,0,0,0,3,0,0.1,0,0,0,0.0,0,,1201,4109,49,True,0,0,0,0,0,3
Ibrahim Sangaré,MID,Nott'm Forest,,0,0,0,0,0.0,488,0.00,0.00,0.00,0.00,28,0,0,0.0,0.0,2026-09-05T14:00:00Z,0,,19,0,0,0,0,3,0,0.4,0,0,0,0.0,0,,9228,68851,48,True,0,0,0,0,0,3
Ryan Yates,MID,Nott'm Forest,,0,0,0,0,0.0,489,0.00,0.00,0.00,0.00,28,0,0,0.0,0.0,2026-09-05T14:00:00Z,0,,19,0,0,0,0,3,0,1.2,0,0,0,0.0,0,,30269,94058,45,True,0,0,0,0,0,3
Chris Wood,FWD,Nott'm Forest,,0,0,3,0,0.1,490,0.00,0.00,0.00,0.18,28,0,0,0.0,0.2,2026-09-05T14:00:00Z,16,,19,0,0,0,0,3,0,0.9,0,0,0,0.0,1,,24769,116656,58,True,0,0,0,0,0,3
Igor Jesus Maciel da Cruz,FWD,Nott'm Forest,,0,0,3,0,0.4,491,0.00,0.00,0.00,0.26,28,0,0,0.2,1.2,2026-09-05T14:00:00Z,31,,19,0,0,0,0,3,0,2.6,0,0,0,0.0,1,,126987,271705,58,True,0,0,0,0,1,3
Taiwo Awoniyi,FWD,Coventry City,,0,0,6,0,10.3,492,0.00,0.31,0.31,1.17,26,0,0,1.7,3.6,2026-09-05T14:00:00Z,70,,15,0,0,0,0,3,0,0.4,1,0,1,3.0,2,,21351,65082,54,False,0,2,0,3,0,3
Arnaud Kalimuendo,FWD,Nott'm Forest,,0,0,0,0,0.0,493,0.00,0.00,0.00,0.00,28,0,0,0.0,0.0,2026-09-05T14:00:00Z,0,,19,0,0,0,0,3,0,0.1,0,0,0,0.0,0,,3054,4139,54,True,0,0,0,0,0,3
Guglielmo Vicario,GKP,Spurs,,0,0,0,0,0.0,494,0.00,0.00,0.00,0.00,28,0,0,0.0,0.0,2026-09-05T14:00:00Z,0,,18,0,0,0,0,3,0,0.1,0,0,0,0.0,0,,0,22135,45,False,0,0,0,0,0,3
Brandon Austin,GKP,Spurs,,0,0,0,0,0.0,495,0.00,0.00,0.00,0.00,28,0,0,0.0,0.0,2026-09-05T14:00:00Z,0,,18,0,0,0,0,3,0,1.0,0,0,0,0.0,0,,29710,21971,40,False,0,0,0,0,0,3
Antonín Kinský,GKP,Spurs,,0,0,24,1,10.0,496,0.00,0.00,0.00,0.92,28,0,0,2.0,10.4,2026-09-05T14:00:00Z,90,,18,0,0,0,0,3,0,17.2,1,0,0,0.0,6,,349307,799317,45,False,0,2,0,8,0,3
Martin Dubravka,GKP,Spurs,,0,0,0,0,0.0,497,0.00,0.00,0.00,0.00,28,0,0,0.0,0.0,2026-09-05T14:00:00Z,0,,18,0,0,0,0,3,0,17.1,0,0,0,0.0,0,,399394,444017,40,False,0,0,0,0,0,3
Marcos Senesi Barón,DEF,Spurs,,0,0,0,0,0.0,498,0.00,0.00,0.00,0.00,28,0,0,0.0,0.0,2026-09-05T14:00:00Z,0,,18,0,0,0,0,3,0,3.5,0,0,0,0.0,0,,29425,459044,58,False,0,0,0,0,0,3
Pedro Porro Sauceda,DEF,Spurs,,0,1,28,1,35.8,499,0.06,0.09,0.03,0.92,28,0,0,5.5,13.2,2026-09-05T14:00:00Z,90,,18,0,0,0,0,3,0,7.5,1,0,0,6.0,7,,124538,996901,54,False,0,3,0,3,1,3
Cristian Romero,DEF,Spurs,,0,0,0,0,0.0,500,0.00,0.00,0.00,0.00,28,0,0,0.0,0.0,2026-09-05T14:00:00Z,0,,18,0,0,0,0,3,0,0.1,0,0,0,0.0,0,,0,16825,50,False,0,0,0,0,0,3
Kevin Danso,DEF,Sunderland,,0,0,9,0,10.9,501,0.08,0.08,0.00,1.21,22,0,0,3.2,20.8,2026-09-05T14:00:00Z,90,,4,0,0,0,0,3,0,0.2,1,1,1,0.0,2,,6653,9922,50,False,0,7,0,3,1,3
Andrew Robertson,DEF,Spurs,,0,0,3,0,0.3,502,0.00,0.00,0.00,0.43,28,0,0,0.6,6.0,2026-09-05T14:00:00Z,29,,18,0,0,0,0,3,0,2.5,0,0,0,0.0,1,,67826,184447,44,False,0,1,0,1,0,3
Micky van de Ven,DEF,Spurs,,0,3,30,1,1.2,503,0.00,0.57,0.57,0.92,28,0,0,3.7,21.4,2026-09-05T14:00:00Z,90,,18,0,0,0,0,3,0,3.8,1,0,0,14.0,9,,94979,268240,50,False,0,6,0,4,3,3
Luka Vušković,DEF,Brighton,,0,2,27,0,1.8,504,0.01,0.20,0.19,2.49,23,0,1,9.8,56.2,2026-09-05T14:00:00Z,90,,13,0,0,0,0,3,0,3.7,1,1,1,40.0,12,,265526,139702,50,True,0,8,10,4,2,3
Djed Spence,DEF,Spurs,,0,0,0,0,0.0,505,0.00,0.00,0.00,0.00,28,0,0,0.0,0.0,2026-09-05T14:00:00Z,0,,18,0,0,0,0,3,0,0.2,0,0,0,0.0,0,,0,69359,45,False,0,0,0,0,0,3
Destiny Udogie,DEF,Spurs,,0,0,16,1,1.3,506,0.02,0.02,0.00,0.49,28,0,0,0.8,4.6,2026-09-05T14:00:00Z,60,,18,0,0,0,0,3,0,0.3,1,0,0,2.0,5,,5598,22532,44,False,1,3,0,1,0,3
Ashley Phillips,DEF,Spurs,,0,0,0,0,0.0,507,0.00,0.00,0.00,0.00,28,0,0,0.0,0.0,2026-09-05T14:00:00Z,0,,18,0,0,0,0,3,0,0.0,0,0,0,0.0,0,,0,1270,45,False,0,0,0,0,0,3
Ben Davies,DEF,Spurs,,0,0,0,0,0.0,508,0.00,0.00,0.00,0.00,28,0,0,0.0,0.0,2026-09-05T14:00:00Z,0,,18,0,0,0,0,3,0,0.9,0,0,0,0.0,0,,19696,41640,39,False,0,0,0,0,0,3
Jun'ai Byfield,DEF,Spurs,,0,0,0,0,0.0,509,0.00,0.00,0.00,0.00,28,0,0,0.0,0.0,2026-09-05T14:00:00Z,0,,18,0,0,0,0,3,0,0.1,0,0,0,0.0,0,,2344,2599,40,False,0,0,0,0,0,3
James Rowswell,DEF,Spurs,,0,0,0,0,0.0,510,0.00,0.00,0.00,0.00,28,0,0,0.0,0.0,2026-09-05T14:00:00Z,0,,18,0,0,0,0,3,0,0.1,0,0,0,0.0,0,,2900,3485,40,False,0,0,0,0,0,3
João Victor de Souza Menezes,DEF,Spurs,,0,0,0,0,0.0,511,0.00,0.00,0.00,0.00,28,0,0,0.0,0.0,2026-09-05T14:00:00Z,0,,18,0,0,0,0,3,0,0.2,0,0,0,0.0,0,,2555,16913,40,False,0,0,0,0,0,3
Mohammed Kudus,MID,Spurs,,0,0,13,0,15.1,512,0.16,0.16,0.00,0.43,28,0,0,2.2,5.2,2026-09-05T14:00:00Z,29,,18,0,0,0,0,3,0,0.2,0,0,0,2.0,1,,13265,11196,65,False,0,0,0,3,0,3
Xavi Simons,MID,Spurs,,0,0,0,0,0.0,513,0.00,0.00,0.00,0.00,28,0,0,0.0,0.0,2026-09-05T14:00:00Z,0,,18,0,0,0,0,3,0,0.0,0,0,0,0.0,0,,349,1126,59,False,0,0,0,0,0,3
Mathys Tel,MID,Spurs,,0,0,11,1,20.2,514,0.05,0.05,0.00,0.76,28,0,0,4.7,6.8,2026-09-05T14:00:00Z,73,,18,0,0,0,0,3,0,0.2,1,0,0,20.0,3,,9144,46878,57,False,0,0,0,2,0,3
James Maddison,MID,Spurs,,0,0,0,0,0.0,515,0.00,0.00,0.00,0.00,28,0,0,0.0,0.0,2026-09-05T14:00:00Z,0,,18,0,0,0,0,3,0,0.4,0,0,0,0.0,0,,5877,96334,63,False,0,0,0,0,0,3
Rodrigo Bentancur,MID,Spurs,,0,0,14,1,3.3,516,0.01,0.03,0.02,0.92,28,0,0,2.8,18.4,2026-09-05T14:00:00Z,90,,18,0,0,0,0,3,0,0.2,1,0,0,6.0,5,,5198,8452,55,False,0,11,17,5,1,3
Wilson Odobert,MID,Spurs,,0,0,0,0,0.0,517,0.00,0.00,0.00,0.00,28,0,0,0.0,0.0,2026-09-05T14:00:00Z,0,,18,0,0,0,0,3,0,0.0,0,0,0,0.0,0,,133,110,55,False,0,0,0,0,0,3
Pape Matar Sarr,MID,Spurs,,0,0,0,0,0.0,518,0.00,0.00,0.00,0.00,28,0,0,0.0,0.0,2026-09-05T14:00:00Z,0,,18,0,0,0,0,3,0,0.1,0,0,0,0.0,0,,4138,23787,49,False,0,0,0,0,0,3
Conor Gallagher,MID,Spurs,,0,0,23,1,4.4,519,0.06,0.06,0.00,0.88,28,0,0,1.7,10.2,2026-09-05T14:00:00Z,83,,18,0,0,0,0,3,0,0.2,1,0,0,2.0,3,,4701,17085,53,False,0,1,0,6,4,3
Lucas Bergvall,MID,Spurs,,0,0,0,0,0.0,520,0.00,0.00,0.00,0.00,28,0,0,0.0,0.0,2026-09-05T14:00:00Z,0,,18,0,0,0,0,3,0,0.1,0,0,0,0.0,0,,1893,9590,53,False,0,0,0,0,0,3
Dejan Kulusevski,MID,Spurs,,0,0,0,0,0.0,521,0.00,0.00,0.00,0.00,28,0,0,0.0,0.0,2026-09-05T14:00:00Z,0,,18,0,0,0,0,3,0,0.0,0,0,0,0.0,0,,414,743,65,False,0,0,0,0,0,3
Archie Gray,MID,Spurs,,0,0,0,0,0.0,522,0.00,0.00,0.00,0.00,28,0,0,0.0,0.0,2026-09-05T14:00:00Z,0,,18,0,0,0,0,3,0,0.2,0,0,0,0.0,0,,6867,13455,49,False,0,0,0,0,0,3
Mikey Moore,MID,Spurs,,0,0,0,0,0.0,523,0.00,0.00,0.00,0.00,28,0,0,0.0,0.0,2026-09-05T14:00:00Z,0,,18,0,0,0,0,3,0,0.1,0,0,0,0.0,0,,3258,17054,50,False,0,0,0,0,0,3
Callum Olusesi,MID,Spurs,,0,0,0,0,0.0,524,0.00,0.00,0.00,0.00,28,0,0,0.0,0.0,2026-09-05T14:00:00Z,0,,18,0,0,0,0,3,0,1.0,0,0,0,0.0,0,,55810,49756,44,False,0,0,0,0,0,3
Mateus Fernandes,MID,Spurs,,0,0,-1,0,0.4,525,0.00,0.00,0.00,0.04,28,0,0,0.0,0.0,2026-09-05T14:00:00Z,7,,18,0,0,0,0,3,0,0.8,0,0,0,0.0,0,,14488,125090,57,False,1,0,0,0,0,3
Dominic Solanke-Mitchell,FWD,Spurs,,0,0,-1,0,0.3,526,0.00,0.17,0.17,0.04,28,0,0,0.4,0.0,2026-09-05T14:00:00Z,6,,18,0,0,0,0,3,0,0.8,0,0,0,4.0,1,,29698,95094,58,False,0,1,0,0,0,3
Richarlison de Andrade,FWD,Spurs,,0,0,0,0,0.0,527,0.00,0.00,0.00,0.00,28,0,0,0.0,0.0,2026-09-05T14:00:00Z,0,,18,0,0,0,0,3,0,0.6,0,0,0,0.0,0,,21439,268611,59,False,0,0,0,0,0,3
Dane Scarlett,FWD,Spurs,,0,0,0,0,0.0,528,0.00,0.00,0.00,0.00,28,0,0,0.0,0.0,2026-09-05T14:00:00Z,0,,18,0,0,0,0,3,0,1.1,0,0,0,0.0,0,,42525,110011,45,False,0,0,0,0,0,3
Robin Roefs,GKP,Sunderland,,0,0,11,0,0.0,529,0.00,0.00,0.00,1.21,22,0,0,1.3,12.6,2026-09-05T14:00:00Z,90,,4,0,0,0,0,3,0,2.4,1,1,1,0.0,2,,22019,178511,49,False,0,1,0,13,0,3
Anthony Patterson,GKP,Sunderland,,0,0,0,0,0.0,530,0.00,0.00,0.00,0.00,22,0,0,0.0,0.0,2026-09-05T14:00:00Z,0,,4,0,0,0,0,3,0,0.1,0,1,1,0.0,0,,0,6030,40,False,0,0,0,0,0,3
Melker Ellborg,GKP,Sunderland,,0,0,0,0,0.0,531,0.00,0.00,0.00,0.00,22,0,0,0.0,0.0,2026-09-05T14:00:00Z,0,,4,0,0,0,0,3,0,0.1,0,1,1,0.0,0,,1186,3347,44,False,0,0,0,0,0,3
Daniel Ballard,DEF,Sunderland,,0,0,12,0,10.3,532,0.14,0.20,0.06,1.21,22,0,0,4.3,25.0,2026-09-05T14:00:00Z,90,,4,0,0,0,0,3,0,2.5,1,1,1,8.0,4,,45545,319514,49,False,0,8,10,5,2,3
Nordi Mukiele,DEF,Sunderland,,0,0,16,0,5.0,533,0.02,0.02,0.00,1.21,22,0,0,3.7,32.4,2026-09-05T14:00:00Z,90,,4,0,0,0,0,3,0,1.9,1,1,1,0.0,4,,44780,130441,54,False,0,10,14,6,4,3
Trai Hume,DEF,Sunderland,,0,0,8,0,0.1,534,0.00,0.00,0.00,0.45,22,0,0,0.4,3.8,2026-09-05T14:00:00Z,26,,4,0,0,0,0,3,0,2.8,0,1,1,0.0,1,,37913,398963,43,False,0,0,0,2,2,3
Omar Alderete,DEF,Sunderland,,0,0,0,0,0.0,535,0.00,0.00,0.00,0.00,22,0,0,0.0,0.0,2026-09-05T14:00:00Z,0,,4,0,0,0,0,3,0,0.2,0,1,1,0.0,0,,4988,27406,48,False,0,0,0,0,0,3
Reinildo Mandava,DEF,Sunderland,,0,0,14,0,1.5,536,0.01,0.01,0.00,1.21,22,0,0,1.6,14.4,2026-09-05T14:00:00Z,90,,4,0,0,0,0,3,0,0.3,1,1,1,0.0,2,,4091,24421,44,False,0,4,0,7,3,3
Jenson Seelt,DEF,Sunderland,,0,0,0,0,0.0,537,0.00,0.00,0.00,0.00,22,0,0,0.0,0.0,2026-09-05T14:00:00Z,0,,4,0,0,0,0,3,0,0.0,0,1,1,0.0,0,,61,665,45,False,0,0,0,0,0,3
Leo Fuhr Hjelde,DEF,Sunderland,,0,0,0,0,0.0,538,0.00,0.00,0.00,0.00,22,0,0,0.0,0.0,2026-09-05T14:00:00Z,0,,4,0,0,0,0,3,0,0.0,0,1,1,0.0,0,,0,2537,40,False,0,0,0,0,0,3
Luke O'Nien,DEF,Sunderland,,0,0,0,0,0.0,539,0.00,0.00,0.00,0.00,22,0,0,0.0,0.0,2026-09-05T14:00:00Z,0,,4,0,0,0,0,3,0,2.5,0,1,1,0.0,0,,33468,122347,39,False,0,0,0,0,0,3
Arthur Masuaku,DEF,Sunderland,,0,0,0,0,0.0,540,0.00,0.00,0.00,0.00,22,0,0,0.0,0.0,2026-09-05T14:00:00Z,0,,4,0,0,0,0,3,0,0.1,0,1,1,0.0,0,,0,11595,40,False,0,0,0,0,0,3
Thomas Meunier,DEF,Sunderland,,0,0,0,0,1.5,541,0.00,0.11,0.11,0.76,22,0,0,1.3,5.2,2026-09-05T14:00:00Z,63,,4,0,0,0,0,3,0,0.3,1,1,1,6.0,2,,7167,9719,45,False,0,2,0,0,0,3
Enzo Le Fée,MID,Sunderland,,0,1,25,0,3.7,542,0.03,0.87,0.84,1.21,22,0,1,6.8,40.0,2026-09-05T14:00:00Z,90,,4,0,0,0,0,3,0,3.4,1,1,1,24.0,8,,45827,652184,57,False,0,0,0,2,4,3
Habib Diarra,MID,Sunderland,,0,0,0,0,0.0,543,0.00,0.00,0.00,0.00,22,0,0,0.0,0.0,2026-09-05T14:00:00Z,0,,4,0,0,0,0,3,0,0.0,0,1,1,0.0,0,,558,5933,53,False,0,0,0,0,0,3
Granit Xhaka,MID,Sunderland,,0,0,12,0,20.5,544,0.12,0.18,0.06,1.21,22,0,0,3.9,15.2,2026-09-05T14:00:00Z,90,,4,0,0,0,0,3,0,3.6,1,1,1,3.0,3,,131183,209563,55,False,1,4,15,9,2,3
Noah Sadiki,MID,Sunderland,,0,0,16,0,15.0,545,0.18,0.46,0.28,0.82,22,0,0,7.2,8.8,2026-09-05T14:00:00Z,73,,4,0,0,0,0,3,0,0.2,1,1,1,48.0,1,,5739,18454,49,False,1,0,0,3,0,3
Simon Adingra,MID,Sunderland,,0,0,0,0,0.0,546,0.00,0.00,0.00,0.00,22,0,0,0.0,0.0,2026-09-05T14:00:00Z,0,,4,0,0,0,0,3,0,0.0,0,1,1,0.0,0,,240,7424,49,False,0,0,0,0,0,3
Romaine Mundle,MID,Sunderland,,0,0,0,0,0.0,547,0.00,0.00,0.00,0.00,22,0,0,0.0,0.0,2026-09-05T14:00:00Z,0,,4,0,0,0,0,3,0,0.0,0,1,1,0.0,0,,202,674,49,False,0,0,0,0,0,3
Chris Rigg,MID,Sunderland,,0,0,0,0,0.0,548,0.00,0.00,0.00,0.00,22,0,0,0.0,0.0,2026-09-05T14:00:00Z,0,,4,0,0,0,0,3,0,0.0,0,1,1,0.0,0,,471,2863,49,False,0,0,0,0,0,3
Chemsdine Talbi,MID,Sunderland,,0,0,0,0,0.0,549,0.00,0.00,0.00,0.00,22,0,0,0.0,0.0,2026-09-05T14:00:00Z,0,,4,0,0,0,0,3,0,0.1,0,1,1,0.0,0,,1349,11816,53,False,0,0,0,0,0,3
Djiamgone Jocelin Ta Bi,MID,Sunderland,,0,0,0,0,0.0,550,0.00,0.00,0.00,0.00,22,0,0,0.0,0.0,2026-09-05T14:00:00Z,0,,4,0,0,0,0,3,0,0.0,0,1,1,0.0,0,,316,426,50,False,0,0,0,0,0,3
Nilson Angulo,MID,Sunderland,,0,0,11,0,5.7,551,0.07,0.07,0.00,0.76,22,0,0,3.0,8.6,2026-09-05T14:00:00Z,63,,4,0,0,0,0,3,0,0.1,1,1,1,16.0,2,,12821,10606,50,False,0,1,0,3,1,3
Brian Brobbey,FWD,Sunderland,,0,0,11,0,37.1,552,0.06,0.32,0.26,1.21,22,0,0,7.1,4.4,2026-09-05T14:00:00Z,90,,4,0,0,0,0,3,0,6.9,1,1,1,29.0,2,,288908,937964,57,False,0,0,0,3,0,3
Wilson Isidor,FWD,Sunderland,,1,0,15,0,0.3,553,0.01,0.11,0.10,0.45,22,0,0,1.1,0.2,2026-09-05T14:00:00Z,26,,4,0,0,0,0,3,0,1.3,0,1,1,10.0,4,,95995,87251,55,False,0,0,0,2,0,3
Kayne van Oevelen,GKP,Ipswich Town,,0,0,0,0,0.0,554,0.00,0.00,0.00,0.00,21,0,0,0.0,0.0,2026-09-04T19:00:00Z,0,,14,0,0,0,0,3,0,0.0,0,2,0,0.0,0,,54,1961,45,True,0,0,0,0,0,3
Remi Matthews,GKP,Crystal Palace,,0,0,0,0,0.0,555,0.00,0.00,0.00,0.00,24,0,0,0.0,0.0,2026-09-05T14:00:00Z,0,,10,0,0,0,0,3,0,1.7,0,3,2,0.0,0,,23358,31615,40,False,0,0,0,0,0,3
Matt Targett,DEF,Hull City,,0,0,0,0,0.0,556,0.00,0.00,0.00,0.00,25,0,0,0.0,0.0,2026-09-05T16:30:00Z,0,,2,0,0,0,0,3,0,1.6,0,0,0,0.0,0,,24842,87747,40,True,0,0,0,0,0,3
Christos Tzolis,MID,Arsenal,,1,1,31,0,50.0,557,0.20,0.20,0.00,0.39,29,0,0,8.5,30.6,2026-09-06T15:30:00Z,90,,6,0,0,0,0,3,0,12.0,1,1,2,4.0,5,,462835,1620412,63,True,1,2,0,5,1,3
Xaver Schlager,MID,Nott'm Forest,,0,0,18,1,2.3,558,0.06,0.09,0.03,1.06,28,0,0,1.5,11.2,2026-09-05T14:00:00Z,90,,19,0,0,0,0,3,0,0.1,1,0,0,1.0,3,,5914,5844,50,True,0,3,0,3,4,3
Aladji Bamba,MID,Newcastle,,0,0,0,0,0.0,559,0.00,0.00,0.00,0.00,27,0,0,0.0,0.0,2026-09-05T11:30:00Z,0,,3,0,0,0,0,3,0,0.1,0,2,2,0.0,0,,2571,7599,49,True,0,0,0,0,0,3
Mike Penders,GKP,Chelsea,,0,0,0,0,0.0,560,0.00,0.00,0.00,0.00,29,0,0,0.0,0.0,2026-09-06T15:30:00Z,0,,1,0,0,0,0,3,0,0.1,0,1,2,0.0,0,,2028,3634,44,False,0,0,0,0,0,3
Aaron Anselmino,DEF,Chelsea,,0,0,0,0,0.0,561,0.00,0.00,0.00,0.00,29,0,0,0.0,0.0,2026-09-06T15:30:00Z,0,,1,0,0,0,0,3,0,0.0,0,1,2,0.0,0,,826,1259,45,False,0,0,0,0,0,3
Daizen Maeda,MID,Ipswich Town,,0,0,9,0,0.1,562,0.00,0.04,0.04,0.62,21,0,0,2.5,8.2,2026-09-04T19:00:00Z,65,,14,0,0,0,0,3,0,0.2,1,2,0,17.0,2,,2874,20313,53,True,0,2,0,1,2,3
Hidemasa Morita,MID,Hull City,,0,0,0,0,0.0,563,0.00,0.00,0.00,0.00,25,0,0,0.0,0.0,2026-09-05T16:30:00Z,0,,2,0,0,0,0,3,0,0.0,0,0,0,0.0,0,,727,1785,49,True,0,0,0,0,0,3
Kjell Scherpen,GKP,Ipswich Town,,0,0,13,0,0.0,564,0.00,0.00,0.00,0.69,21,2,0,2.8,27.8,2026-09-04T19:00:00Z,90,,14,0,0,0,0,3,5,0.6,1,2,0,0.0,2,,15298,23535,45,True,0,0,0,7,0,3
Mamadou Sangaré,MID,Brentford,,0,0,0,0,1.3,565,0.01,0.16,0.15,0.35,22,0,0,0.6,0.0,2026-09-05T14:00:00Z,45,,20,0,0,0,0,3,0,9.8,1,1,1,8.0,0,,1228194,826542,56,True,1,1,0,3,1,3
António João Pereira de Albuquerque Tavares da Silva,DEF,Bournemouth,,0,0,8,0,1.2,566,0.01,0.03,0.02,0.71,27,2,0,4.2,23.8,2026-09-05T11:30:00Z,90,,17,0,0,0,0,3,0,0.4,1,2,2,17.0,1,,33248,25708,50,False,0,7,0,2,1,3
Lukás Hornícek,GKP,Newcastle,,0,0,12,0,0.0,567,0.00,0.00,0.00,1.37,27,2,0,3.3,33.4,2026-09-05T11:30:00Z,90,,3,0,0,0,0,3,4,1.5,1,2,2,0.0,2,,152282,71998,50,True,0,0,0,6,0,3
Valentín Barco,MID,Chelsea,,0,0,0,0,0.0,568,0.00,0.00,0.00,0.00,29,0,0,0.0,0.0,2026-09-06T15:30:00Z,0,,1,0,0,0,0,3,0,0.1,0,1,2,0.0,0,,3174,7043,54,False,0,0,0,0,0,3
Gonzalo García,FWD,Fulham,,0,0,10,0,14.0,569,0.20,0.64,0.44,1.97,24,0,0,5.9,5.8,2026-09-05T14:00:00Z,90,,8,0,0,0,0,3,0,4.1,1,3,2,39.0,2,,440616,314279,60,True,0,3,0,3,1,3
César Palacios,MID,Fulham,,0,1,27,0,13.7,570,0.02,0.82,0.80,1.14,24,0,1,9.9,33.8,2026-09-05T14:00:00Z,60,,8,0,0,0,0,3,0,0.2,1,3,2,51.0,8,,6033,10643,54,True,0,0,0,0,0,3
Florentino Ibrain Morris Luís,MID,Ipswich Town,,0,0,0,0,0.0,571,0.00,0.00,0.00,0.00,21,0,0,0.0,0.0,2026-09-04T19:00:00Z,0,,14,0,0,0,0,3,0,0.1,0,2,0,0.0,0,,1064,7088,48,True,0,0,0,0,0,3
Konstantinos Tzolakis,GKP,Hull City,,0,0,25,1,0.0,572,0.00,0.00,0.00,1.93,25,0,0,1.2,11.6,2026-09-05T16:30:00Z,90,,2,0,0,0,0,3,0,12.8,1,0,0,0.0,6,,1002866,220020,47,True,0,0,0,10,0,3
Juanlu Sánchez,DEF,Bournemouth,,0,0,0,0,0.0,573,0.00,0.00,0.00,0.00,27,0,0,0.0,0.0,2026-09-05T11:30:00Z,0,,17,0,0,0,0,3,0,0.2,0,2,2,0.0,0,,1579,7123,44,False,0,0,0,0,0,3
Jens Hjertø-Dahl,MID,Hull City,,0,0,4,0,0.0,574,0.00,0.00,0.00,0.00,25,0,0,0.0,0.0,2026-09-05T16:30:00Z,8,,2,0,0,0,0,3,0,0.1,0,0,0,0.0,1,,1442,4459,49,True,0,0,0,1,0,3
Caleb Yirenkyi,MID,Coventry City,,0,0,4,0,0.3,575,0.00,0.00,0.00,0.95,26,0,0,0.1,1.0,2026-09-05T14:00:00Z,27,,15,0,0,0,0,3,0,0.1,0,0,1,0.0,1,,2967,13722,48,False,0,2,0,4,0,3
Elliot Stroud,MID,Hull City,,0,0,5,1,11.8,576,0.01,0.05,0.04,1.81,25,0,0,1.4,0.0,2026-09-05T16:30:00Z,62,,2,0,0,0,0,3,0,0.1,1,0,0,4.0,3,,3670,4717,50,True,0,0,0,2,0,3
Takehiro Tomiyasu,DEF,Crystal Palace,,0,0,0,0,0.0,577,0.00,0.00,0.00,0.00,24,0,0,0.0,0.0,2026-09-05T14:00:00Z,0,,10,0,0,0,0,3,0,0.3,0,3,2,0.0,0,,3478,13407,44,False,0,0,0,0,0,3
Mykhailo Mudryk,MID,Spurs,,0,0,3,0,0.1,578,0.00,0.00,0.00,0.16,28,0,0,0.1,0.0,2026-09-05T14:00:00Z,16,,18,0,0,0,0,3,0,0.0,0,0,0,2.0,1,,5443,7632,53,False,0,0,0,0,0,3
Ronald Araujo,DEF,Liverpool,,0,0,27,1,2.4,579,0.01,0.01,0.00,0.75,21,0,0,2.4,20.0,2026-09-04T19:00:00Z,90,,12,0,0,0,0,3,0,3.1,1,2,0,2.0,8,,150200,160775,54,False,0,9,10,1,1,3
Shea Charles,MID,Fulham,,0,0,18,0,35.2,580,0.09,0.09,0.00,1.97,24,0,0,5.6,12.4,2026-09-05T14:00:00Z,78,,8,0,0,0,0,3,0,0.1,1,3,2,8.0,2,,2437,4143,50,True,0,3,0,8,0,3
Ousmane Diomande,DEF,Nott'm Forest,,0,0,3,0,0.0,581,0.00,0.00,0.00,0.00,28,0,0,0.0,0.0,2026-09-05T14:00:00Z,1,,19,0,0,0,0,3,0,0.5,0,0,0,0.0,1,,13743,41849,54,True,0,0,0,0,0,3
Brian Madjo,FWD,Aston Villa,,0,0,0,0,0.0,582,0.00,0.00,0.00,0.00,25,0,0,0.0,0.0,2026-09-05T16:30:00Z,0,,11,0,0,0,0,3,0,0.2,0,0,0,0.0,0,,2963,30660,54,False,0,0,0,0,0,3
Pep Chavarría,DEF,Chelsea,,0,0,2,0,2.0,583,0.00,0.00,0.00,0.14,29,0,0,0.8,2.4,2026-09-06T15:30:00Z,30,,1,0,0,0,0,3,0,0.1,0,1,2,4.0,1,,3421,11188,49,False,0,1,0,1,1,3
Gustavo Hamer,MID,Coventry City,,0,0,1,0,0.0,584,0.00,0.00,0.00,0.00,26,0,0,0.0,0.0,2026-09-05T14:00:00Z,5,,15,0,0,0,0,3,0,0.1,0,0,1,0.0,1,,793,6423,54,False,0,0,0,1,1,3
Lucas Herrington,DEF,Hull City,,0,0,2,0,0.1,585,0.00,0.00,0.00,0.12,25,0,0,0.7,6.6,2026-09-05T16:30:00Z,19,,2,0,0,0,0,3,0,0.6,0,0,0,0.0,1,,12886,18672,40,True,0,1,0,1,1,3
Nobel Mendy,DEF,Hull City,,0,0,22,1,0.6,586,0.00,0.03,0.03,1.81,25,0,0,3.1,16.2,2026-09-05T16:30:00Z,70,,2,0,0,0,0,3,0,6.3,1,0,0,14.0,8,,683967,359524,41,True,0,7,10,2,3,3
Gerónimo Rulli,GKP,Man City,,0,0,0,0,0.0,587,0.00,0.00,0.00,0.00,26,0,0,0.0,0.0,2026-09-05T14:00:00Z,0,,7,0,0,0,0,3,0,0.0,0,0,1,0.0,0,,614,1117,50,True,0,0,0,0,0,3
Anan Khalaili,DEF,Crystal Palace,,0,0,6,0,2.3,588,0.01,0.73,0.72,3.14,24,2,0,3.2,21.6,2026-09-05T14:00:00Z,90,,10,0,0,0,0,3,0,0.3,1,3,2,8.0,3,,34904,15559,50,False,0,7,10,3,3,3
Lucas Gourna-Douath,MID,Hull City,,0,0,7,1,21.6,589,0.01,0.01,0.00,1.93,25,0,0,3.5,13.4,2026-09-05T16:30:00Z,81,,2,0,0,0,0,3,0,0.0,1,0,0,0.0,2,,702,1346,50,True,1,4,0,5,1,3
Steven Benda,GKP,Nott'm Forest,,0,0,0,0,0.0,590,0.00,0.00,0.00,0.00,28,0,0,0.0,0.0,2026-09-05T14:00:00Z,0,,19,0,0,0,0,3,0,0.1,0,0,0,0.0,0,,2674,2847,45,True,0,0,0,0,0,3
Julio Enciso,MID,Ipswich Town,,0,0,16,0,22.5,591,0.02,0.26,0.24,0.69,21,0,0,5.6,10.2,2026-09-04T19:00:00Z,90,,14,0,0,0,0,3,0,0.8,1,2,0,23.0,1,,94141,52719,55,True,1,2,0,3,0,3
Abdoul Ouattara,DEF,Ipswich Town,,0,0,4,0,14.0,592,0.02,0.02,0.00,0.00,21,0,0,1.8,3.6,2026-09-04T19:00:00Z,12,,14,0,0,0,0,3,0,0.9,0,2,0,0.0,1,,13532,26318,40,True,0,0,0,2,0,3
Amar Dedic,DEF,Newcastle,,0,0,3,0,6.4,593,0.02,0.13,0.11,1.37,27,2,0,1.7,0.6,2026-09-05T11:30:00Z,90,,3,0,0,0,0,3,0,1.8,1,2,2,10.0,1,,447901,309450,45,True,0,1,0,4,0,3
Promise David,FWD,Brighton,,0,0,-7,0,0.0,594,0.00,0.42,0.42,0.10,23,0,0,0.0,0.0,2026-09-05T14:00:00Z,13,,13,0,0,0,0,3,0,0.2,0,1,1,4.0,0,,15214,22587,59,True,1,0,0,0,0,3
Zavier Gozo,MID,Crystal Palace,,0,0,0,0,0.0,595,0.00,0.00,0.00,0.00,24,0,0,0.0,0.0,2026-09-05T14:00:00Z,0,,10,0,0,0,0,3,0,0.0,0,3,2,0.0,0,,491,886,49,False,0,0,0,0,0,3
Matteo Ruggeri,DEF,Aston Villa,,0,0,3,0,2.6,596,0.01,0.01,0.00,0.35,25,0,0,0.5,2.6,2026-09-05T16:30:00Z,15,,11,0,0,0,0,3,0,0.1,0,0,0,0.0,1,,3254,5624,45,False,0,1,0,2,0,3
Zion Suzuki,GKP,Aston Villa,,0,3,38,1,0.0,597,0.00,0.00,0.00,0.57,25,0,0,2.7,27.2,2026-09-05T16:30:00Z,90,,11,0,0,0,0,3,4,1.9,1,0,0,0.0,10,,152070,62950,50,False,0,1,0,13,0,3
Nico Elvedi,DEF,Leeds,,0,0,12,0,21.1,598,0.57,0.57,0.00,2.19,23,0,0,5.5,27.6,2026-09-05T14:00:00Z,90,,5,0,0,0,0,3,0,0.1,1,1,1,6.0,4,,5381,2815,45,False,0,10,10,0,0,3
Sidiki Cherif,FWD,Coventry City,,0,0,0,0,0.0,599,0.00,0.00,0.00,0.00,26,0,0,0.0,0.0,2026-09-05T14:00:00Z,0,,15,0,0,0,0,3,0,0.1,0,0,1,0.0,0,,7497,7626,50,False,0,0,0,0,0,3
Ibrahim Osman,MID,Brighton,,0,0,0,0,0.0,600,0.00,0.00,0.00,0.00,23,0,0,0.0,0.0,2026-09-05T14:00:00Z,0,,13,0,0,0,0,3,0,0.0,0,1,1,0.0,0,,949,1099,50,True,0,0,0,0,0,3
Luca Williams-Barnett,MID,Spurs,,0,0,0,0,0.0,601,0.00,0.00,0.00,0.00,28,0,0,0.0,0.0,2026-09-05T14:00:00Z,0,,18,0,0,0,0,3,0,0.1,0,0,0,0.0,0,,10258,7070,45,False,0,0,0,0,0,3
Cameron Humphreys,MID,Ipswich Town,,0,0,0,0,0.0,602,0.00,0.00,0.00,0.00,21,0,0,0.0,0.0,2026-09-04T19:00:00Z,0,,14,0,0,0,0,3,0,0.0,0,2,0,0.0,0,,2861,3246,45,True,0,0,0,0,0,3
Jayden Lienou,DEF,Leeds,,0,0,0,0,0.0,603,0.00,0.00,0.00,0.00,23,0,0,0.0,0.0,2026-09-05T14:00:00Z,0,,5,0,0,0,0,3,0,0.1,0,1,1,0.0,0,,6922,4001,40,False,0,0,0,0,0,3
Alfie Cresswell,MID,Leeds,,0,0,0,0,0.0,604,0.00,0.00,0.00,0.00,23,0,0,0.0,0.0,2026-09-05T14:00:00Z,0,,5,0,0,0,0,3,0,0.1,0,1,1,0.0,0,,14077,7961,45,False,0,0,0,0,0,3
Malick Yalcouyé,MID,Brighton,,0,0,16,0,24.4,605,0.09,0.14,0.05,2.49,23,0,0,5.3,8.2,2026-09-05T14:00:00Z,90,,13,0,0,0,0,3,0,4.0,1,1,1,20.0,2,,556325,172782,45,True,0,2,0,3,0,3
Triston Rowe,DEF,Aston Villa,,0,0,0,0,0.0,606,0.00,0.00,0.00,0.00,25,0,0,0.0,0.0,2026-09-05T16:30:00Z,0,,11,0,0,0,0,3,0,0.2,0,0,0,0.0,0,,13029,6190,40,False,0,0,0,0,0,3
Luka Lynch,MID,Aston Villa,,0,0,0,0,0.0,607,0.00,0.00,0.00,0.00,25,0,0,0.0,0.0,2026-09-05T16:30:00Z,0,,11,0,0,0,0,3,0,0.1,0,0,0,0.0,0,,7103,8180,45,False,0,0,0,0,0,3
Daniel Jebbison,FWD,Bournemouth,,0,0,4,0,0.0,608,0.00,0.00,0.00,0.05,27,0,0,0.0,0.0,2026-09-05T11:30:00Z,1,,17,0,0,0,0,3,0,0.1,0,2,2,0.0,1,,13328,7299,50,False,0,0,0,0,0,3
Leo Shahar,DEF,Newcastle,,0,0,0,0,0.0,609,0.00,0.00,0.00,0.00,27,0,0,0.0,0.0,2026-09-05T11:30:00Z,0,,3,0,0,0,0,3,0,0.2,0,2,2,0.0,0,,18236,15829,40,True,0,0,0,0,0,3
Luc De Fougerolles,DEF,Fulham,,0,0,0,0,0.0,610,0.00,0.00,0.00,0.00,24,0,0,0.0,0.0,2026-09-05T14:00:00Z,0,,8,0,0,0,0,3,0,0.1,0,3,2,0.0,0,,5787,5266,40,True,0,0,0,0,0,3
Aaron Wan-Bissaka,DEF,Aston Villa,,0,0,3,0,0.9,611,0.00,0.00,0.00,0.35,25,0,0,0.4,2.8,2026-09-05T16:30:00Z,5,,11,0,0,0,0,3,0,0.2,0,0,0,0.0,1,,18382,7846,45,False,0,1,0,0,0,3
Dayann Méthalie,DEF,Sunderland,,0,0,0,0,0.0,612,0.00,0.00,0.00,0.00,22,0,0,0.0,0.0,2026-09-05T14:00:00Z,0,,4,0,0,0,0,3,0,0.0,0,1,1,0.0,0,,915,501,45,False,0,0,0,0,0,3
Jules Ahoka,MID,Sunderland,,0,0,0,0,0.0,613,0.00,0.00,0.00,0.00,22,0,0,0.0,0.0,2026-09-05T14:00:00Z,0,,4,0,0,0,0,3,0,0.2,0,1,1,0.0,0,,25419,14374,45,False,0,0,0,0,0,3
Jaouen Hadjam,DEF,Brighton,,0,0,0,0,0.0,614,0.00,0.00,0.00,0.00,23,0,0,0.0,0.0,2026-09-05T14:00:00Z,0,,13,0,0,0,0,3,0,0.0,0,1,1,0.0,0,,3996,1967,45,True,0,0,0,0,0,3
Michele Di Gregorio,GKP,Bournemouth,,0,0,0,0,0.0,615,0.00,0.00,0.00,0.00,27,0,0,0.0,0.0,2026-09-05T11:30:00Z,0,,17,0,0,0,0,3,0,0.0,0,2,2,0.0,0,,2937,1749,45,False,0,0,0,0,0,3
Ayyoub Bouaddi,MID,Man City,,0,0,5,0,0.5,616,0.00,0.00,0.00,0.37,26,0,0,1.2,11.2,2026-09-05T14:00:00Z,14,,7,0,0,0,0,3,0,0.2,0,0,1,0.0,1,,21076,13618,55,True,0,2,0,3,0,3
Mohamed-Ali Cho,MID,Hull City,,0,0,5,0,0.0,617,0.00,0.05,0.05,0.00,25,0,0,2.0,3.0,2026-09-05T16:30:00Z,8,,2,0,0,0,0,3,0,0.0,0,0,0,17.0,1,,1807,772,50,True,0,0,0,0,0,3
Leon Goretzka,MID,Aston Villa,,0,0,0,0,0.0,618,0.00,0.00,0.00,0.00,25,0,0,0.0,0.0,2026-09-05T16:30:00Z,0,,11,0,0,0,0,3,0,0.0,0,0,0,0.0,0,,4636,4745,59,False,0,0,0,0,0,3
Exequiel Palacios,MID,Ipswich Town,,0,0,24,0,22.5,619,0.02,0.02,0.00,0.69,21,0,0,4.3,20.2,2026-09-04T19:00:00Z,77,,14,0,0,0,0,3,0,0.1,1,2,0,0.0,4,,9043,3490,50,True,0,3,19,12,4,3
El Hadji Malick Diouf,DEF,Brentford,,0,0,0,0,0.0,620,0.00,0.00,0.00,0.00,22,0,0,0.0,0.0,2026-09-05T14:00:00Z,0,,20,0,0,0,0,3,0,0.1,0,1,1,0.0,0,,13665,7377,45,True,0,0,0,0,0,3
Ryan McAidoo,MID,Man City,,0,0,5,0,0.0,621,0.00,0.00,0.00,0.02,26,0,0,0.7,5.2,2026-09-05T14:00:00Z,3,,7,0,0,0,0,3,0,0.1,0,0,1,2.0,1,,11377,7157,45,True,0,0,0,2,2,3
Kaden Braithwaite,DEF,Man City,,0,0,0,0,0.0,622,0.00,0.00,0.00,0.00,26,0,0,0.0,0.0,2026-09-05T14:00:00Z,0,,7,0,0,0,0,3,0,0.2,0,0,1,0.0,0,,16811,9257,40,True,0,0,0,0,0,3
Dan Bentley,GKP,Coventry City,,0,0,0,0,0.0,623,0.00,0.00,0.00,0.00,26,0,0,0.0,0.0,2026-09-05T14:00:00Z,0,,15,0,0,0,0,3,0,0.6,0,0,1,0.0,0,,78806,19372,40,False,0,0,0,0,0,3
Amario Cozier-Duberry,MID,Brighton,,0,0,0,0,0.0,624,0.00,0.00,0.00,0.00,23,0,0,0.0,0.0,2026-09-05T14:00:00Z,0,,13,0,0,0,0,3,0,0.0,0,1,1,0.0,0,,117,114,50,True,0,0,0,0,0,3
Alex Cairns,GKP,Leeds,,0,0,0,0,0.0,625,0.00,0.00,0.00,0.00,23,0,0,0.0,0.0,2026-09-05T14:00:00Z,0,,5,0,0,0,0,3,0,0.2,0,1,1,0.0,0,,19840,5974,40,False,0,0,0,0,0,3
Macaulay Zepa,MID,Fulham,,0,0,0,0,0.0,626,0.00,0.00,0.00,0.00,24,0,0,0.0,0.0,2026-09-05T14:00:00Z,0,,8,0,0,0,0,3,0,0.3,0,3,2,0.0,0,,35223,18604,44,True,0,0,0,0,0,3
Bradley Barcola,MID,Liverpool,,0,0,5,0,10.5,627,0.07,0.07,0.00,0.17,21,0,0,1.6,3.0,2026-09-04T19:00:00Z,26,,12,0,0,0,0,3,0,1.9,0,2,0,2.0,1,,290138,131193,80,False,0,0,0,0,0,3
Allan Andrade Elias,MID,Man City,,0,0,0,0,0.0,628,0.00,0.00,0.00,0.00,26,0,0,0.0,0.0,2026-09-05T14:00:00Z,0,,7,0,0,0,0,3,0,0.0,0,0,1,0.0,0,,1200,693,60,True,0,0,0,0,0,3
Michael Zetterer,GKP,Leeds,,0,0,0,0,0.0,629,0.00,0.00,0.00,0.00,23,0,0,0.0,0.0,2026-09-05T14:00:00Z,0,,5,0,0,0,0,3,0,0.7,0,1,1,0.0,0,,58659,14279,40,False,0,0,0,0,0,3
Taylor Harwood-Bellis,DEF,Aston Villa,,0,0,0,0,0.0,630,0.00,0.00,0.00,0.00,25,0,0,0.0,0.0,2026-09-05T16:30:00Z,0,,11,0,0,0,0,3,0,0.0,0,0,0,0.0,0,,2186,1007,45,False,0,0,0,0,0,3
Ibrahim Mbaye,MID,Aston Villa,,0,0,0,0,0.0,631,0.00,0.00,0.00,0.00,25,0,0,0.0,0.0,2026-09-05T16:30:00Z,0,,11,0,0,0,0,3,0,0.1,0,0,0,0.0,0,,10477,4855,60,False,0,0,0,0,0,3
Ilyas Ansah,FWD,Hull City,,0,0,0,0,0.0,632,0.00,0.00,0.00,0.00,25,0,0,0.0,0.0,2026-09-05T16:30:00Z,0,,2,0,0,0,0,3,0,0.0,0,0,0,0.0,0,,5125,3524,50,True,0,0,0,0,0,3
Honest Ahanor,DEF,Crystal Palace,,0,0,0,0,0.0,633,0.00,0.00,0.00,0.00,24,0,0,0.0,0.0,2026-09-05T14:00:00Z,0,,10,0,0,0,0,3,0,0.0,0,3,2,0.0,0,,1919,565,45,False,0,0,0,0,0,3
Matias Fernandez-Pardo,FWD,Newcastle,,0,0,4,0,0.8,634,0.00,0.00,0.00,0.04,27,0,0,0.7,0.0,2026-09-05T11:30:00Z,27,,3,0,0,0,0,3,0,0.1,0,2,2,6.0,1,,17294,6401,60,True,0,0,0,1,0,3
Hugo Larsson,MID,Fulham,,0,0,3,0,1.3,635,0.22,0.35,0.13,0.00,24,0,0,1.4,3.6,2026-09-05T14:00:00Z,11,,8,0,0,0,0,3,0,0.0,0,3,2,9.0,1,,843,306,50,True,0,0,0,0,1,3
Manuel Ángel Morán Ibáñez,MID,Fulham,,0,0,0,0,0.0,636,0.00,0.00,0.00,0.00,24,0,0,0.0,0.0,2026-09-05T14:00:00Z,0,,8,0,0,0,0,3,0,0.0,0,3,2,0.0,0,,371,170,50,True,0,0,0,0,0,3
Robinio Vaz,FWD,Hull City,,0,0,0,0,0.0,637,0.00,0.00,0.00,0.00,25,0,0,0.0,0.0,2026-09-05T16:30:00Z,0,,2,0,0,0,0,3,0,0.1,0,0,0,0.0,0,,12447,4051,50,True,0,0,0,0,0,3
Brooke Norton-Cuffy,DEF,Hull City,,0,0,3,0,0.3,638,0.00,0.00,0.00,0.12,25,0,0,0.5,2.2,2026-09-05T16:30:00Z,26,,2,0,0,0,0,3,0,0.2,0,0,0,2.0,1,,26078,10528,40,True,0,1,0,2,0,3
José María Andrés Baixauli,MID,Brighton,,0,0,0,0,0.0,639,0.00,0.00,0.00,0.00,23,0,0,0.0,0.0,2026-09-05T14:00:00Z,0,,13,0,0,0,0,3,0,0.0,0,1,1,0.0,0,,4125,809,55,True,0,0,0,0,0,3
Zian Flemming,FWD,Ipswich Town,,0,0,4,0,0.5,640,0.01,0.03,0.02,0.06,21,0,0,1.1,3.2,2026-09-04T19:00:00Z,24,,14,0,0,0,0,3,0,0.1,0,2,0,7.0,1,,9384,3278,55,True,0,0,0,0,0,3
Melvin Bard,DEF,Leeds,,0,0,0,0,0.0,641,0.00,0.00,0.00,0.00,23,0,0,0.0,0.0,2026-09-05T14:00:00Z,0,,5,0,0,0,0,3,0,0.0,0,1,1,0.0,0,,963,358,45,False,0,0,0,0,0,3
Sorba Thomas,MID,Hull City,,0,0,5,0,10.8,642,0.04,0.04,0.00,0.12,25,0,0,1.4,3.2,2026-09-05T16:30:00Z,27,,2,0,0,0,0,3,0,0.0,0,0,0,0.0,1,,3124,1214,55,True,0,0,0,1,0,3
Ben Chilwell,DEF,Crystal Palace,,0,0,20,0,0.7,643,0.00,0.15,0.15,0.57,24,0,1,5.1,33.2,2026-09-05T14:00:00Z,16,,10,0,0,0,0,3,0,0.4,0,3,2,17.0,7,,43151,18268,45,False,0,0,0,0,0,3
Quinten Timber,MID,Crystal Palace,,0,0,8,0,0.2,644,0.00,0.02,0.02,2.57,24,0,0,0.5,4.2,2026-09-05T14:00:00Z,73,,10,0,0,0,0,3,0,0.0,1,3,2,1.0,2,,4307,1526,50,False,0,2,0,3,1,3
Christos Mouzakitis,MID,Hull City,,0,0,0,0,0.0,645,0.00,0.00,0.00,0.00,25,0,0,0.0,0.0,2026-09-05T16:30:00Z,0,,2,0,0,0,0,3,0,0.0,0,0,0,0.0,0,,788,320,50,True,0,0,0,0,0,3
Malick Fofana,MID,Sunderland,,0,0,3,0,0.5,646,0.00,0.00,0.00,0.39,22,0,0,0.1,0.0,2026-09-05T14:00:00Z,16,,4,0,0,0,0,3,0,0.0,0,1,1,0.0,1,,4087,1742,55,False,0,0,0,0,0,3
Darío Osorio,MID,Crystal Palace,,0,0,2,0,0.3,647,0.00,0.00,0.00,0.13,24,0,0,0.2,2.0,2026-09-05T14:00:00Z,1,,10,0,0,0,0,3,0,0.0,0,3,2,0.0,1,,948,417,55,False,0,0,0,0,1,3
Jean-Mattéo Bahoya,MID,Leeds,,0,0,0,0,0.0,648,0.00,0.00,0.00,0.00,23,0,0,0.0,0.0,2026-09-05T14:00:00Z,0,,5,0,0,0,0,3,0,0.0,0,1,1,0.0,0,,2247,1150,50,False,0,0,0,0,0,3
Ainsley Maitland-Niles,DEF,Everton,,0,0,13,0,0.8,649,0.00,0.03,0.03,0.29,30,0,1,4.1,33.4,2026-09-06T13:00:00Z,13,,16,0,0,0,0,3,0,1.4,0,2,2,7.0,7,,93496,15101,45,True,0,0,0,0,0,3
David Affengruber,DEF,Fulham,,0,0,0,0,0.0,650,0.00,0.00,0.00,0.00,24,0,0,0.0,0.0,2026-09-05T14:00:00Z,0,,8,0,0,0,0,3,0,0.1,0,3,2,0.0,0,,10492,2454,45,True,0,0,0,0,0,3
Juan Angulo,FWD,Sunderland,,0,0,0,0,0.0,651,0.00,0.00,0.00,0.00,22,0,0,0.0,0.0,2026-09-05T14:00:00Z,0,,4,0,0,0,0,3,0,0.7,0,1,1,0.0,0,,91225,30595,45,False,0,0,0,0,0,3
Femi Azeez,MID,Brighton,,0,0,0,0,0.0,652,0.00,0.00,0.00,0.00,23,0,0,0.0,0.0,2026-09-05T14:00:00Z,0,,13,0,0,0,0,3,0,0.0,0,1,1,0.0,0,,442,203,55,True,0,0,0,0,0,3
Floyd Samba,MID,Man City,,0,0,0,0,0.0,653,0.00,0.00,0.00,0.00,26,0,0,0.0,0.0,2026-09-05T14:00:00Z,0,,7,0,0,0,0,3,0,0.0,0,0,1,0.0,0,,3910,2192,45,True,0,0,0,0,0,3
Braiden Graham,MID,Everton,,0,0,0,0,0.0,654,0.00,0.00,0.00,0.00,30,0,0,0.0,0.0,2026-09-06T13:00:00Z,0,,16,0,0,0,0,3,0,0.1,0,2,2,0.0,0,,11290,5346,45,True,0,0,0,0,0,3
David Raya Martín,GKP,Arsenal,,0,3,38,1,0.2,1,0.00,0.00,0.00,1.80,36,0,0,3.8,37.8,2026-09-12T19:00:00Z,90,,20,0,0,1,0,4,0,42.3,1,2,0,0.0,14,,975029,646041,61,False,0,2,0,14,0,4
Kepa Arrizabalaga Revuelta,GKP,Arsenal,,0,0,0,0,0.0,2,0.00,0.00,0.00,0.00,36,0,0,0.0,0.0,2026-09-12T19:00:00Z,0,,20,0,0,0,0,4,0,0.1,0,2,0,0.0,0,,1494,4292,49,False,0,0,0,0,0,4
Illan Meslier,GKP,Arsenal,,0,0,0,0,0.0,3,0.00,0.00,0.00,0.00,36,0,0,0.0,0.0,2026-09-12T19:00:00Z,0,,20,0,0,0,0,4,0,0.0,0,2,0,0.0,0,,517,1589,49,False,0,0,0,0,0,4
Gabriel dos Santos Magalhães,DEF,Arsenal,,0,2,30,1,1.5,4,0.01,0.03,0.02,1.80,36,0,0,2.3,20.6,2026-09-12T19:00:00Z,90,,20,0,0,0,0,4,0,22.7,1,2,0,1.0,9,,237976,913705,80,False,1,10,11,2,1,4
Jurriën Timber,DEF,Arsenal,,0,0,3,0,1.9,5,0.01,0.01,0.00,1.57,36,0,0,0.8,6.0,2026-09-12T19:00:00Z,45,,20,0,0,0,0,4,0,0.4,0,2,0,0.0,1,,35772,15324,65,False,0,2,0,5,1,4
William Saliba,DEF,Arsenal,,0,0,0,0,0.0,6,0.00,0.00,0.00,0.00,36,0,0,0.0,0.0,2026-09-12T19:00:00Z,0,,20,0,0,0,0,4,0,0.2,0,2,0,0.0,0,,3512,18731,59,False,0,0,0,0,0,4
Myles Lewis-Skelly,MID,Arsenal,,0,0,2,0,1.4,7,0.00,0.00,0.00,0.23,36,0,0,0.0,0.0,2026-09-12T19:00:00Z,45,,20,0,0,0,0,4,0,0.6,1,2,0,0.0,1,,29705,49980,54,False,0,0,0,0,0,4
Riccardo Calafiori,DEF,Arsenal,,0,0,18,1,1.7,8,0.01,0.07,0.06,1.80,36,0,0,1.8,8.8,2026-09-12T19:00:00Z,90,,20,0,0,0,0,4,0,50.5,1,2,0,7.0,6,,1664668,406418,58,False,0,4,0,2,0,4
Piero Hincapié,DEF,Arsenal,,0,0,0,0,0.0,9,0.00,0.00,0.00,0.00,36,0,0,0.0,0.0,2026-09-12T19:00:00Z,0,,20,0,0,0,0,4,0,0.9,0,2,0,0.0,0,,16365,117691,52,False,0,0,0,0,0,4
Benjamin White,DEF,Arsenal,,0,0,4,0,0.8,10,0.00,0.00,0.00,0.23,36,0,0,1.1,4.2,2026-09-12T19:00:00Z,45,,20,0,0,0,0,4,0,4.9,1,2,0,6.0,1,,456053,570239,55,False,0,1,0,0,2,4
Cristhian Mosquera,DEF,Arsenal,,0,0,0,0,0.0,11,0.00,0.00,0.00,0.00,36,0,0,0.0,0.0,2026-09-12T19:00:00Z,0,,20,0,0,0,0,4,0,1.6,0,2,0,0.0,0,,31476,468747,53,False,0,0,0,0,0,4
Bukayo Saka,MID,Arsenal,,0,0,28,1,16.9,12,0.08,1.46,1.38,1.80,36,0,1,11.9,45.4,2026-09-12T19:00:00Z,90,,20,0,0,0,0,4,0,13.9,1,2,0,57.0,8,,815982,400720,95,False,0,2,0,4,1,4
Declan Rice,MID,Arsenal,,1,0,27,1,36.4,13,0.37,0.37,0.00,1.41,36,0,0,8.1,45.0,2026-09-12T19:00:00Z,80,,20,0,0,0,0,4,0,11.5,1,2,0,0.0,6,,119629,733628,74,False,0,6,0,2,2,4
Eberechi Eze,MID,Arsenal,,0,0,3,0,0.0,14,0.00,0.00,0.00,0.40,36,0,0,0.2,0.2,2026-09-12T19:00:00Z,9,,20,0,0,0,0,4,0,1.0,0,2,0,2.0,1,,23757,140023,62,False,0,0,0,0,0,4
Martin Ødegaard,MID,Arsenal,,0,0,26,1,58.2,15,0.25,0.25,0.00,1.80,36,0,0,8.0,19.4,2026-09-12T19:00:00Z,84,,20,0,0,0,0,4,0,19.8,1,2,0,2.0,3,,1641442,553996,68,False,0,1,0,3,1,4
Noni Madueke,MID,Arsenal,,0,0,0,0,0.0,16,0.00,0.00,0.00,0.00,36,0,0,0.0,0.0,2026-09-12T19:00:00Z,0,,20,0,0,0,0,4,0,0.2,0,2,0,0.0,0,,6070,26052,62,False,0,0,0,0,0,4
Mikel Merino Zazón,MID,Arsenal,,0,0,3,0,0.1,17,0.00,0.00,0.00,0.00,36,0,0,0.0,0.2,2026-09-12T19:00:00Z,5,,20,0,0,0,0,4,0,0.4,0,2,0,0.0,1,,9567,48309,57,False,0,0,0,0,0,4
Gabriel Martinelli Silva,MID,Arsenal,,0,0,0,0,0.0,18,0.00,0.00,0.00,0.00,36,0,0,0.0,0.0,2026-09-12T19:00:00Z,0,,20,0,0,0,0,4,0,0.1,0,2,0,0.0,0,,2483,21910,63,False,0,0,0,0,0,4
Martín Zubimendi Ibáñez,MID,Arsenal,,0,0,5,0,0.2,19,0.00,0.00,0.00,0.40,36,0,0,0.4,3.4,2026-09-12T19:00:00Z,9,,20,0,0,0,0,4,0,0.6,0,2,0,0.0,1,,8551,66854,53,False,0,0,0,1,1,4
Max Dowman,MID,Arsenal,,0,0,0,0,0.0,20,0.00,0.00,0.00,0.00,36,0,0,0.0,0.0,2026-09-12T19:00:00Z,0,,20,0,0,0,0,4,0,0.1,0,2,0,0.0,0,,3068,7347,53,False,0,0,0,0,0,4
Christian Nørgaard,MID,Everton,,0,0,0,0,0.0,21,0.00,0.00,0.00,0.00,37,0,0,0.0,0.0,2026-09-12T16:30:00Z,0,,19,0,0,0,0,4,0,0.0,0,0,0,0.0,0,,501,7449,48,False,0,0,0,0,0,4
Ethan Nwaneri,MID,Arsenal,,0,0,0,0,0.0,22,0.00,0.00,0.00,0.00,36,0,0,0.0,0.0,2026-09-12T19:00:00Z,0,,20,0,0,0,0,4,0,0.0,0,2,0,0.0,0,,233,1256,54,False,0,0,0,0,0,4
Fábio Ferreira Vieira,MID,Arsenal,,0,0,0,0,0.0,23,0.00,0.00,0.00,0.00,36,0,0,0.0,0.0,2026-09-12T19:00:00Z,0,,20,0,0,0,0,4,0,0.0,0,2,0,0.0,0,,255,923,55,False,0,0,0,0,0,4
Reiss Nelson,MID,Arsenal,,0,0,0,0,0.0,24,0.00,0.00,0.00,0.00,36,0,0,0.0,0.0,2026-09-12T19:00:00Z,0,,20,0,0,0,0,4,0,0.0,0,2,0,0.0,0,,68,678,55,False,0,0,0,0,0,4
Viktor Gyökeres,FWD,Arsenal,,0,0,0,0,0.0,25,0.00,0.00,0.00,0.00,36,0,0,0.0,0.0,2026-09-12T19:00:00Z,0,,20,0,0,0,0,4,0,3.2,0,2,0,0.0,0,,44503,612492,71,False,0,0,0,0,0,4
Kai Havertz,FWD,Arsenal,,0,0,0,0,12.4,26,0.02,0.36,0.34,1.80,36,0,0,4.6,1.6,2026-09-12T19:00:00Z,90,,20,0,0,0,0,4,0,8.2,1,2,0,32.0,1,,654143,433219,76,False,1,1,0,1,0,4
Gabriel Fernando de Jesus,FWD,Arsenal,,0,0,0,0,0.0,27,0.00,0.00,0.00,0.00,36,0,0,0.0,0.0,2026-09-12T19:00:00Z,0,,20,0,0,0,0,4,0,0.1,0,2,0,0.0,0,,4164,29355,59,False,0,0,0,0,0,4
Emiliano Martínez Romero,GKP,Chelsea,,0,0,10,0,0.0,28,0.00,0.00,0.00,1.38,33,2,0,2.0,19.6,2026-09-12T14:00:00Z,90,,11,0,0,0,0,4,3,4.7,1,2,2,0.0,2,,246162,247696,50,True,0,0,0,10,0,4
Marco Bizot,GKP,Aston Villa,,0,0,0,0,0.0,29,0.00,0.00,0.00,0.00,31,0,0,0.0,0.0,2026-09-12T14:00:00Z,0,,18,0,0,0,0,4,0,0.1,0,2,1,0.0,0,,4662,7439,45,True,0,0,0,0,0,4
Lucas Digne,DEF,Aston Villa,,0,0,0,0,0.0,30,0.00,0.00,0.00,0.00,31,0,0,0.0,0.0,2026-09-12T14:00:00Z,0,,18,0,0,0,0,4,0,0.0,0,2,1,0.0,0,,0,8658,45,True,0,0,0,0,0,4
Ezri Konsa Ngoyo,DEF,Arsenal,,0,0,16,1,0.2,31,0.00,0.00,0.00,1.80,36,0,0,1.2,11.8,2026-09-12T19:00:00Z,90,,20,0,0,0,0,4,0,19.4,1,2,0,0.0,6,,1470141,644128,46,False,0,6,0,1,2,4
Matty Cash,DEF,Aston Villa,,0,0,0,0,0.0,32,0.00,0.00,0.00,0.00,31,0,0,0.0,0.0,2026-09-12T14:00:00Z,0,,18,0,0,0,0,4,0,4.8,0,2,1,0.0,0,,95546,420549,44,True,0,0,0,0,0,4
Tyrone Mings,DEF,Aston Villa,,0,0,0,0,0.6,33,0.00,0.09,0.09,2.08,31,2,0,2.0,15.6,2026-09-12T14:00:00Z,65,,18,0,0,0,0,4,0,0.4,0,2,1,4.0,0,,16670,17551,45,True,1,4,0,2,1,4
Pau Torres,DEF,Aston Villa,,0,0,4,0,0.4,34,0.00,0.00,0.00,0.20,31,0,0,0.3,0.2,2026-09-12T14:00:00Z,24,,18,0,0,0,0,4,0,0.3,1,2,1,2.0,1,,11240,27670,44,True,0,0,0,0,0,4
Lamare Bogarde,MID,Aston Villa,,0,0,0,0,0.0,35,0.00,0.00,0.00,0.00,31,0,0,0.0,0.0,2026-09-12T14:00:00Z,0,,18,0,0,0,0,4,0,0.1,0,2,1,0.0,0,,2919,4782,49,True,0,0,0,0,0,4
Ian Maatsen,DEF,Aston Villa,,0,0,7,0,3.4,36,0.03,0.21,0.18,1.66,31,2,0,3.8,10.2,2026-09-12T14:00:00Z,90,,18,0,0,0,0,4,0,0.5,1,2,1,24.0,1,,31897,62331,44,True,0,3,0,6,1,4
Victor Lindelöf,DEF,Aston Villa,,0,0,2,0,1.1,37,0.01,0.45,0.44,2.28,31,2,0,5.3,16.4,2026-09-12T14:00:00Z,90,,18,0,0,0,0,4,0,0.3,1,2,1,35.0,1,,14786,14433,45,True,0,2,0,0,0,4
Andrés García,DEF,Aston Villa,,0,0,0,0,0.0,38,0.00,0.00,0.00,0.00,31,0,0,0.0,0.0,2026-09-12T14:00:00Z,0,,18,0,0,0,0,4,0,1.5,0,2,1,0.0,0,,45385,68288,40,True,0,0,0,0,0,4
Kosta Nedeljkovic,DEF,Aston Villa,,0,0,0,0,0.0,39,0.00,0.00,0.00,0.00,31,0,0,0.0,0.0,2026-09-12T14:00:00Z,0,,18,0,0,0,0,4,0,0.1,0,2,1,0.0,0,,0,15284,40,True,0,0,0,0,0,4
Morgan Rogers,MID,Chelsea,,0,1,31,0,5.9,40,0.02,0.23,0.21,1.38,33,0,1,9.1,43.2,2026-09-12T14:00:00Z,90,,11,0,0,0,0,4,0,40.6,1,2,2,42.0,8,,2494253,666480,77,True,0,0,0,4,2,4
Emiliano Buendía Stati,MID,Aston Villa,,0,0,8,0,3.9,41,0.01,0.01,0.00,1.42,31,0,0,0.1,0.0,2026-09-12T14:00:00Z,62,,18,0,0,0,0,4,0,1.0,1,2,1,0.0,2,,61249,95809,59,True,0,0,0,5,0,4
Evann Guessand,MID,Crystal Palace,,0,0,0,0,0.0,42,0.00,0.00,0.00,0.00,34,0,0,0.0,0.0,2026-09-12T14:00:00Z,0,,12,0,0,0,0,4,0,0.0,0,3,2,0.0,0,,2410,3649,54,True,0,0,0,0,0,4
Youri Tielemans,MID,Man Utd,,0,0,15,0,13.8,43,0.04,0.04,0.00,0.53,39,0,0,3.0,12.2,2026-09-13T15:30:00Z,66,,15,0,0,0,0,4,0,1.5,1,1,0,4.0,2,,44789,161802,58,True,0,3,0,0,2,4
Leon Bailey,MID,Aston Villa,,0,0,0,0,0.0,44,0.00,0.00,0.00,0.00,31,0,0,0.0,0.0,2026-09-12T14:00:00Z,0,,18,0,0,0,0,4,0,0.1,0,2,1,0.0,0,,2096,13258,54,True,0,0,0,0,0,4
John McGinn,MID,Aston Villa,,1,1,30,0,31.4,45,0.11,0.11,0.00,2.28,31,0,0,5.8,26.4,2026-09-12T14:00:00Z,90,,18,0,0,0,0,4,0,2.2,1,2,1,0.0,6,,71282,156239,54,True,0,2,0,6,1,4
Ross Barkley,MID,Aston Villa,,0,0,14,0,2.7,46,0.01,0.04,0.03,1.42,31,0,0,1.6,6.0,2026-09-12T14:00:00Z,62,,18,0,0,0,0,4,0,0.3,1,2,1,7.0,2,,16160,16350,50,True,0,0,0,3,4,4
Boubacar Kamara,MID,Aston Villa,,0,0,17,0,12.4,47,0.05,0.05,0.00,2.28,31,0,0,2.6,11.6,2026-09-12T14:00:00Z,90,,18,0,0,0,0,4,0,0.3,1,2,1,2.0,2,,14602,21628,50,True,0,1,0,1,3,4
Amadou Onana,MID,Aston Villa,,0,0,0,0,0.0,48,0.00,0.00,0.00,0.00,31,0,0,0.0,0.0,2026-09-12T14:00:00Z,0,,18,0,0,0,0,4,0,0.0,0,2,1,0.0,0,,515,1671,49,True,0,0,0,0,0,4
Samuel Iling-Junior,MID,Aston Villa,,0,0,0,0,0.0,49,0.00,0.00,0.00,0.00,31,0,0,0.0,0.0,2026-09-12T14:00:00Z,0,,18,0,0,0,0,4,0,0.0,0,2,1,0.0,0,,0,237,50,True,0,0,0,0,0,4
Bradley Burrowes,MID,Aston Villa,,0,0,0,0,0.0,50,0.00,0.00,0.00,0.00,31,0,0,0.0,0.0,2026-09-12T14:00:00Z,0,,18,0,0,0,0,4,0,0.6,0,2,1,0.0,0,,21492,35262,45,True,0,0,0,0,0,4
George Hemmings,MID,Aston Villa,,0,0,3,0,11.5,51,0.01,0.01,0.00,0.39,31,0,0,1.6,2.0,2026-09-12T14:00:00Z,45,,18,0,0,0,0,4,0,1.2,1,2,1,2.0,1,,116047,70142,45,True,0,1,0,0,0,4
Alysson Edward Franco da Rocha dos Santos,MID,Aston Villa,,0,0,24,0,2.3,52,0.00,0.06,0.06,1.89,31,0,1,6.0,34.4,2026-09-12T14:00:00Z,45,,18,0,0,0,0,4,0,0.0,0,2,1,23.0,6,,3355,3686,50,True,0,1,0,1,0,4
Johan Manzambi,MID,Aston Villa,,0,0,3,0,4.0,53,0.08,0.08,0.00,0.86,31,0,0,0.7,2.6,2026-09-12T14:00:00Z,27,,18,0,0,0,0,4,0,0.4,0,2,1,0.0,1,,32544,20379,59,True,0,0,0,1,1,4
Joao Gomes,MID,Aston Villa,,0,0,0,0,0.0,54,0.00,0.00,0.00,0.00,31,0,0,0.0,0.0,2026-09-12T14:00:00Z,0,,18,0,0,0,0,4,0,0.0,0,2,1,0.0,0,,1336,4115,55,True,0,0,0,0,0,4
Ollie Watkins,FWD,Aston Villa,,0,0,0,0,0.0,55,0.00,0.00,0.00,0.00,31,0,0,0.0,0.0,2026-09-12T14:00:00Z,0,,18,0,0,0,0,4,0,2.5,0,2,1,0.0,0,,14882,761096,78,True,0,0,0,0,0,4
Tammy Abraham,FWD,Aston Villa,,0,0,4,0,1.5,56,0.00,0.00,0.00,1.89,31,0,0,0.5,1.2,2026-09-12T14:00:00Z,45,,18,0,0,0,0,4,0,0.2,0,2,1,2.0,1,,15876,13018,55,True,0,0,0,1,0,4
Đorđe Petrović,GKP,Bournemouth,,0,0,0,0,0.0,57,0.00,0.00,0.00,0.50,32,2,0,0.0,0.0,2026-09-12T14:00:00Z,90,,4,0,0,0,0,4,0,3.0,1,2,2,0.0,1,,112890,125290,45,True,0,0,0,10,0,4
Fraser Forster,GKP,Bournemouth,,0,0,0,0,0.0,58,0.00,0.00,0.00,0.00,32,0,0,0.0,0.0,2026-09-12T14:00:00Z,0,,4,0,0,0,0,4,0,3.5,0,2,2,0.0,0,,117900,79619,40,True,0,0,0,0,0,4
Will Dennis,GKP,Bournemouth,,0,0,0,0,0.0,59,0.00,0.00,0.00,0.00,32,0,0,0.0,0.0,2026-09-12T14:00:00Z,0,,4,0,0,0,0,4,0,0.1,0,2,2,0.0,0,,1133,7556,40,True,0,0,0,0,0,4
James Hill,DEF,Bournemouth,,0,0,5,0,11.4,60,0.01,0.01,0.00,0.50,32,2,0,3.3,22.0,2026-09-12T14:00:00Z,90,,4,0,0,0,0,4,0,0.8,1,2,2,0.0,2,,31233,43909,55,True,1,10,11,3,1,4
Adrien Truffert,DEF,Bournemouth,,0,0,23,0,18.0,61,0.10,0.18,0.08,0.50,32,2,0,8.5,38.6,2026-09-12T14:00:00Z,90,,4,0,0,0,0,4,0,3.0,1,2,2,28.0,3,,56893,161280,54,True,0,8,16,3,8,4
Bafodé Diakité,DEF,Bournemouth,,0,0,0,0,0.0,62,0.00,0.00,0.00,0.00,32,0,0,0.0,0.0,2026-09-12T14:00:00Z,0,,4,0,0,0,0,4,0,0.2,0,2,2,0.0,0,,7156,12081,49,True,0,0,0,0,0,4
Veljko Milosavljevic,DEF,Bournemouth,,0,0,0,0,0.0,63,0.00,0.00,0.00,0.00,32,0,0,0.0,0.0,2026-09-12T14:00:00Z,0,,4,0,0,0,0,4,0,0.0,0,2,2,0.0,0,,342,847,49,True,0,0,0,0,0,4
Adam Smith,DEF,Bournemouth,,0,0,-1,0,2.0,64,0.01,0.01,0.00,0.50,32,2,0,1.3,11.4,2026-09-12T14:00:00Z,90,,4,0,0,0,0,4,0,0.1,1,2,2,0.0,0,,7234,7343,45,True,1,5,0,4,1,4
Julián Araujo Zúñiga,DEF,Bournemouth,,0,0,0,0,0.0,65,0.00,0.00,0.00,0.00,32,0,0,0.0,0.0,2026-09-12T14:00:00Z,0,,4,0,0,0,0,4,0,0.0,0,2,2,0.0,0,,426,1296,44,True,0,0,0,0,0,4
Julio Soler Barreto,DEF,Bournemouth,,0,0,0,0,0.0,66,0.00,0.00,0.00,0.00,32,0,0,0.0,0.0,2026-09-12T14:00:00Z,0,,4,0,0,0,0,4,0,0.3,0,2,2,0.0,0,,13860,11075,40,True,0,0,0,0,0,4
Rayan Vitor Simplício Rocha,MID,Bournemouth,,0,0,7,0,17.8,67,0.02,0.41,0.39,0.39,32,0,0,4.3,5.6,2026-09-12T14:00:00Z,81,,4,0,0,0,0,4,0,1.6,1,2,2,20.0,2,,53081,169776,63,True,0,2,0,0,1,4
Marcus Tavernier,MID,Bournemouth,,0,2,44,0,58.3,68,0.47,0.67,0.20,0.39,32,0,1,14.5,49.4,2026-09-12T14:00:00Z,82,,4,0,0,0,0,4,0,6.8,1,2,2,37.0,8,,701022,222963,61,True,1,2,0,5,1,4
Alex Scott,MID,Bournemouth,,0,0,19,0,46.1,69,0.05,0.24,0.19,0.50,32,0,0,7.8,22.2,2026-09-12T14:00:00Z,90,,4,0,0,0,0,4,0,5.8,1,2,2,10.0,4,,550143,212144,61,True,0,6,15,7,2,4
Justin Kluivert,MID,Bournemouth,,0,1,31,0,3.3,70,0.02,0.23,0.21,0.39,32,0,1,8.6,40.0,2026-09-12T14:00:00Z,65,,4,0,0,0,0,4,0,0.9,1,2,2,43.0,8,,52663,84208,60,True,0,1,0,3,0,4
Lewis Cook,MID,Bournemouth,,0,0,-1,0,0.3,71,0.00,0.00,0.00,0.11,32,0,0,0.1,0.6,2026-09-12T14:00:00Z,8,,4,0,0,0,0,4,0,0.2,0,2,2,0.0,0,,13120,13990,50,True,1,2,0,0,0,4
Ben Gannon-Doak,MID,Bournemouth,,0,0,6,0,1.5,72,0.03,0.13,0.10,0.11,32,0,0,1.0,1.6,2026-09-12T14:00:00Z,8,,4,0,0,0,0,4,0,0.1,0,2,2,7.0,1,,1654,4663,49,True,0,0,0,3,1,4
Tyler Adams,MID,Bournemouth,,0,0,16,0,5.9,73,0.02,0.05,0.03,0.39,32,0,0,2.6,13.0,2026-09-12T14:00:00Z,81,,4,0,0,0,0,4,0,0.3,1,2,2,7.0,2,,18376,16726,50,True,0,3,0,5,2,4
David Brooks,MID,Bournemouth,,0,0,-1,0,0.3,74,0.00,0.00,0.00,0.11,32,0,0,0.7,4.2,2026-09-12T14:00:00Z,7,,4,0,0,0,0,4,0,0.1,0,2,2,2.0,0,,3379,3804,50,True,1,2,0,1,0,4
Ryan Christie,MID,Bournemouth,,0,0,7,0,14.4,75,0.12,0.12,0.00,0.11,32,0,0,2.5,6.6,2026-09-12T14:00:00Z,24,,4,0,0,0,0,4,0,0.0,0,2,2,4.0,1,,3570,2210,50,True,0,3,0,4,0,4
Alex Tóth,MID,Bournemouth,,0,0,0,0,0.0,76,0.00,0.00,0.00,0.00,32,0,0,0.0,0.0,2026-09-12T14:00:00Z,0,,4,0,0,0,0,4,0,0.0,0,2,2,0.0,0,,386,786,49,True,0,0,0,0,0,4
Amine Adli,MID,Bournemouth,,0,0,0,0,0.0,77,0.00,0.00,0.00,0.00,32,0,0,0.0,0.0,2026-09-12T14:00:00Z,0,,4,0,0,0,0,4,0,0.0,0,2,2,0.0,0,,298,2220,49,True,0,0,0,0,0,4
Junior Kroupi,MID,Bournemouth,,0,0,0,0,0.0,78,0.00,0.00,0.00,0.00,32,0,0,0.0,0.0,2026-09-12T14:00:00Z,0,,4,0,0,0,0,4,0,0.2,0,2,2,0.0,0,,1259,27448,74,True,0,0,0,0,0,4
Francisco Evanilson de Lima Barbosa,FWD,Bournemouth,,1,0,22,0,40.0,79,0.25,0.25,0.00,0.48,32,0,0,6.7,22.8,2026-09-12T14:00:00Z,90,,4,0,0,0,0,4,0,3.2,1,2,2,4.0,5,,255398,177065,60,True,0,1,0,3,0,4
Enes Ünal,FWD,Bournemouth,,0,0,0,0,0.0,80,0.00,0.00,0.00,0.00,32,0,0,0.0,0.0,2026-09-12T14:00:00Z,0,,4,0,0,0,0,4,0,0.0,0,2,2,0.0,0,,0,1987,55,True,0,0,0,0,0,4
Álvaro Rodríguez,FWD,Bournemouth,,0,0,3,0,0.5,81,0.00,0.00,0.00,0.02,32,0,0,0.1,0.0,2026-09-12T14:00:00Z,1,,4,0,0,0,0,4,0,0.1,0,2,2,0.0,1,,5568,6885,60,True,0,0,0,0,0,4
Caoimhín Kelleher,GKP,Brentford,,0,0,19,0,0.0,82,0.00,0.00,0.00,1.75,32,2,0,4.4,44.0,2026-09-12T14:00:00Z,90,,3,0,0,0,0,4,8,6.1,1,2,2,0.0,3,,252924,215004,50,False,0,1,0,11,0,4
Hákon Rafn Valdimarsson,GKP,Brentford,,0,0,0,0,0.0,83,0.00,0.00,0.00,0.00,32,0,0,0.0,0.0,2026-09-12T14:00:00Z,0,,3,0,0,0,0,4,0,0.1,0,2,2,0.0,0,,2886,4606,45,False,0,0,0,0,0,4
Nathan Collins,DEF,Brentford,,0,0,0,0,0.0,84,0.00,0.00,0.00,0.00,32,0,0,0.0,0.0,2026-09-12T14:00:00Z,0,,3,0,0,0,0,4,0,0.9,0,2,2,0.0,0,,58746,157349,54,False,0,0,0,0,0,4
Sepp van den Berg,DEF,Brentford,,0,0,0,0,0.0,85,0.00,0.00,0.00,0.00,32,0,0,0.0,0.0,2026-09-12T14:00:00Z,0,,3,0,0,0,0,4,0,0.1,0,2,2,0.0,0,,414,8985,49,False,0,0,0,0,0,4
Keane Lewis-Potter,MID,Brentford,,0,0,0,0,1.6,86,0.13,0.16,0.03,1.25,32,0,0,0.8,0.8,2026-09-12T14:00:00Z,59,,3,0,0,0,0,4,0,1.7,1,2,2,6.0,1,,190552,120949,55,False,0,1,0,0,1,4
Kristoffer Ajer,DEF,Brentford,,0,0,0,0,0.5,87,0.00,0.02,0.02,1.75,32,2,0,2.4,15.2,2026-09-12T14:00:00Z,90,,3,0,0,0,0,4,0,3.9,1,2,2,8.0,1,,317785,277731,45,False,0,7,0,1,2,4
Michael Kayode,DEF,Brentford,,0,0,5,0,14.1,88,0.15,0.15,0.00,0.41,32,0,0,2.0,5.4,2026-09-12T14:00:00Z,19,,3,0,0,0,0,4,0,7.6,0,2,2,0.0,1,,597270,368969,46,False,0,1,0,1,0,4
Rico Henry,DEF,Brentford,,0,0,0,0,0.0,89,0.00,0.00,0.00,0.00,32,0,0,0.0,0.0,2026-09-12T14:00:00Z,0,,3,0,0,0,0,4,0,0.2,0,2,2,0.0,0,,1991,8633,44,False,0,0,0,0,0,4
Aaron Hickey,DEF,Brentford,,0,0,4,0,2.1,90,0.03,0.06,0.03,1.33,32,2,0,1.8,10.0,2026-09-12T14:00:00Z,70,,3,0,0,0,0,4,0,0.1,1,2,2,6.0,1,,2111,3000,45,False,0,5,0,4,2,4
Ethan Pinnock,DEF,Coventry City,,0,0,-11,0,0.7,91,0.00,0.01,0.01,2.81,38,5,0,2.3,18.0,2026-09-13T13:00:00Z,90,,5,0,0,0,0,4,0,0.1,1,5,0,4.0,2,,2606,4018,45,True,0,8,10,1,2,4
Kim Ji-soo,DEF,Brentford,,0,0,0,0,0.0,92,0.00,0.00,0.00,0.00,32,0,0,0.0,0.0,2026-09-12T14:00:00Z,0,,3,0,0,0,0,4,0,0.0,0,2,2,0.0,0,,496,963,44,False,0,0,0,0,0,4
Jannik Schuster,DEF,Brentford,,0,0,5,0,0.5,93,0.01,0.01,0.00,1.75,32,2,0,3.1,22.2,2026-09-12T14:00:00Z,90,,3,0,0,0,0,4,0,0.3,1,2,2,8.0,3,,17818,7138,45,False,0,10,12,3,2,4
Kevin Schade,MID,Brentford,,0,3,49,0,8.3,94,0.10,0.31,0.21,1.75,32,0,2,10.7,70.8,2026-09-12T14:00:00Z,90,,3,0,0,0,0,4,0,11.8,1,2,2,28.0,15,,1038036,248971,62,False,0,0,0,3,1,4
Dango Ouattara,MID,Brentford,,0,0,4,0,1.7,95,0.01,0.03,0.02,0.50,32,0,0,1.0,2.0,2026-09-12T14:00:00Z,30,,3,0,0,0,0,4,0,0.5,0,2,2,6.0,1,,15243,82468,63,False,0,1,0,3,0,4
Mikkel Damsgaard,MID,Brentford,,0,0,3,0,7.8,96,0.00,0.10,0.10,0.50,32,0,0,1.3,0.0,2026-09-12T14:00:00Z,30,,3,0,0,0,0,4,0,0.4,0,2,2,6.0,1,,15310,30455,54,False,0,1,0,3,0,4
Mathias Jensen,MID,Brentford,,0,0,0,0,0.0,97,0.00,0.00,0.00,0.00,32,0,0,0.0,0.0,2026-09-12T14:00:00Z,0,,3,0,0,0,0,4,0,0.1,0,2,2,0.0,0,,4507,15121,54,False,0,0,0,0,0,4
Vitaly Janelt,MID,Brentford,,0,0,20,0,14.4,98,0.08,0.08,0.00,1.75,32,0,0,4.3,28.4,2026-09-12T14:00:00Z,90,,3,0,0,0,0,4,0,2.5,1,2,2,0.0,4,,308032,108206,50,False,0,11,20,6,3,4
Antoni Milambo,MID,Brentford,,0,0,0,0,0.0,99,0.00,0.00,0.00,0.00,32,0,0,0.0,0.0,2026-09-12T14:00:00Z,0,,3,0,0,0,0,4,0,0.0,0,2,2,0.0,0,,116,160,50,False,0,0,0,0,0,4
Fábio Freitas Gouveia Carvalho,MID,Brentford,,0,0,0,0,0.0,100,0.00,0.00,0.00,0.00,32,0,0,0.0,0.0,2026-09-12T14:00:00Z,0,,3,0,0,0,0,4,0,0.0,0,2,2,0.0,0,,1921,1461,50,False,0,0,0,0,0,4
Jordan Henderson,MID,Chelsea,,0,0,0,0,0.0,101,0.00,0.00,0.00,0.00,33,0,0,0.0,0.0,2026-09-12T14:00:00Z,0,,11,0,0,0,0,4,0,0.0,0,2,2,0.0,0,,1153,2643,49,True,0,0,0,0,0,4
Yehor Yarmoliuk,MID,Brentford,,1,0,19,0,22.8,102,0.21,0.21,0.00,1.25,32,0,0,4.9,22.0,2026-09-12T14:00:00Z,59,,3,0,0,0,0,4,0,0.6,1,2,2,4.0,4,,5887,61868,48,False,0,2,0,3,0,4
Josh Dasilva,MID,Brentford,,0,0,0,0,0.0,103,0.00,0.00,0.00,0.00,32,0,0,0.0,0.0,2026-09-12T14:00:00Z,0,,3,0,0,0,0,4,0,0.0,0,2,2,0.0,0,,401,1953,49,False,0,0,0,0,0,4
Frank Onyeka,MID,Coventry City,,0,0,11,0,0.9,104,0.01,0.04,0.03,2.16,38,0,0,2.8,6.2,2026-09-13T13:00:00Z,72,,5,0,0,0,0,4,0,0.1,1,5,0,21.0,2,,3995,9604,49,True,0,2,0,4,1,4
Jaidon Anthony,MID,Brentford,,0,0,12,0,15.3,105,0.10,0.10,0.00,1.25,32,0,0,3.2,14.6,2026-09-12T14:00:00Z,59,,3,0,0,0,0,4,0,0.1,1,2,2,2.0,1,,7521,11066,59,False,0,5,0,4,2,4
Igor Thiago Nascimento Rodrigues,FWD,Brentford,,0,0,3,0,16.0,106,0.03,0.14,0.11,1.75,32,0,0,2.4,0.0,2026-09-12T14:00:00Z,90,,3,0,0,0,0,4,0,9.1,1,2,2,10.0,1,,284742,1037892,78,False,1,0,0,1,0,4
Kaye Furo,FWD,Brentford,,0,0,0,0,0.0,107,0.00,0.00,0.00,0.00,32,0,0,0.0,0.0,2026-09-12T14:00:00Z,0,,3,0,0,0,0,4,0,0.9,0,2,2,0.0,0,,61736,67147,45,False,0,0,0,0,0,4
Callum Wilson,FWD,Brentford,,0,0,0,0,0.0,108,0.00,0.00,0.00,0.00,32,0,0,0.0,0.0,2026-09-12T14:00:00Z,0,,3,0,0,0,0,4,0,0.3,0,2,2,0.0,0,,15657,26644,54,False,0,0,0,0,0,4
Bart Verbruggen,GKP,Brighton,,0,0,39,1,0.0,109,0.00,0.00,0.00,1.33,38,0,0,4.8,47.8,2026-09-13T13:00:00Z,90,,7,0,0,0,0,4,6,21.6,1,5,0,0.0,8,,771651,613220,45,False,0,3,0,7,0,4
Carl Rushworth,GKP,Coventry City,,0,0,-5,0,0.0,110,0.01,0.01,0.00,2.81,38,5,0,1.8,18.0,2026-09-13T13:00:00Z,90,,5,0,0,0,0,4,0,0.8,1,5,0,0.0,0,,23915,59368,45,True,0,1,0,11,0,4
Jason Steele,GKP,Brighton,,0,0,0,0,0.0,111,0.00,0.00,0.00,0.00,38,0,0,0.0,0.0,2026-09-13T13:00:00Z,0,,7,0,0,0,0,4,0,4.1,0,5,0,0.0,0,,147770,121515,40,False,0,0,0,0,0,4
Jan Paul van Hecke,DEF,Spurs,,0,0,27,1,15.2,112,0.05,0.19,0.14,1.11,37,0,0,6.1,38.4,2026-09-12T16:30:00Z,90,,9,0,0,0,0,4,0,6.5,1,0,0,7.0,8,,155401,480775,49,True,0,11,13,2,2,4
Ferdi Kadıoğlu,DEF,Brighton,,0,0,24,1,15.4,113,0.09,0.09,0.00,1.33,38,0,0,2.2,6.4,2026-09-13T13:00:00Z,90,,7,0,0,0,0,4,0,1.6,1,5,0,0.0,6,,30744,134998,44,False,0,2,0,1,0,4
Olivier Boscagli,DEF,Brighton,,0,0,25,1,14.3,114,0.03,0.04,0.01,1.11,38,0,0,2.8,11.6,2026-09-13T13:00:00Z,77,,7,0,0,0,0,4,0,0.3,1,5,0,2.0,6,,16466,11937,45,False,0,8,0,5,1,4
Maxim De Cuyper,DEF,Brighton,,1,2,41,1,46.9,115,0.04,0.07,0.03,1.33,38,0,0,7.5,24.8,2026-09-13T13:00:00Z,90,,7,0,0,0,0,4,0,27.9,1,5,0,3.0,11,,2734862,409330,50,False,0,1,0,4,0,4
Lewis Dunk,DEF,Brighton,,0,0,39,1,4.3,116,0.03,0.06,0.03,1.33,38,0,1,6.9,57.2,2026-09-13T13:00:00Z,90,,7,0,0,0,0,4,0,1.5,1,5,0,7.0,12,,89258,51953,45,False,0,5,0,2,1,4
Diego Coppola,DEF,Brighton,,0,0,0,0,0.0,117,0.00,0.00,0.00,0.00,38,0,0,0.0,0.0,2026-09-13T13:00:00Z,0,,7,0,0,0,0,4,0,0.0,0,5,0,0.0,0,,927,1067,45,False,0,0,0,0,0,4
Igor Julio dos Santos de Paulo,DEF,Brighton,,0,0,0,0,0.0,118,0.00,0.00,0.00,0.00,38,0,0,0.0,0.0,2026-09-13T13:00:00Z,0,,7,0,0,0,0,4,0,0.0,0,5,0,0.0,0,,915,5956,45,False,0,0,0,0,0,4
João Pedro Loureiro da Costa,DEF,Brighton,,0,0,3,0,0.3,119,0.00,0.00,0.00,0.04,38,0,0,0.2,1.2,2026-09-13T13:00:00Z,6,,7,0,0,0,0,4,0,0.0,0,5,0,0.0,1,,1287,1466,45,False,0,1,0,1,0,4
Michael Svoboda,DEF,Brighton,,0,0,0,0,0.0,120,0.00,0.00,0.00,0.00,38,0,0,0.0,0.0,2026-09-13T13:00:00Z,0,,7,0,0,0,0,4,0,0.1,0,5,0,0.0,0,,4536,4007,50,False,0,0,0,0,0,4
Mitoma Kaoru,MID,Brighton,,0,0,0,0,0.0,121,0.00,0.00,0.00,0.00,38,0,0,0.0,0.0,2026-09-13T13:00:00Z,0,,7,0,0,0,0,4,0,0.0,0,5,0,0.0,0,,566,3123,59,False,0,0,0,0,0,4
Yankuba Minteh,MID,Brighton,,0,0,0,0,0.0,122,0.00,0.00,0.00,0.00,38,0,0,0.0,0.0,2026-09-13T13:00:00Z,0,,7,0,0,0,0,4,0,0.0,0,5,0,0.0,0,,338,6916,58,False,0,0,0,0,0,4
Jack Hinshelwood,MID,Brighton,,0,0,0,0,0.0,123,0.00,0.00,0.00,0.00,38,0,0,0.0,0.0,2026-09-13T13:00:00Z,0,,7,0,0,0,0,4,0,0.6,0,5,0,0.0,0,,147919,216383,59,False,0,0,0,0,0,4
Pascal Groß,MID,Brighton,,2,3,56,1,79.1,124,0.19,1.01,0.82,1.33,38,0,1,18.1,83.8,2026-09-13T13:00:00Z,90,,7,0,0,0,0,4,0,29.4,1,5,0,18.0,17,,2191665,543603,59,False,0,2,0,2,2,4
Georginio Rutter,FWD,Brighton,,0,0,0,0,0.0,125,0.00,0.00,0.00,0.00,38,0,0,0.0,0.0,2026-09-13T13:00:00Z,0,,7,0,0,0,0,4,0,0.5,0,5,0,0.0,0,,34858,76699,53,False,0,0,0,0,0,4
Matt O'Riley,MID,Brighton,,0,0,4,0,10.5,126,0.01,0.01,0.00,0.04,38,0,0,1.3,2.2,2026-09-13T13:00:00Z,6,,7,0,0,0,0,4,0,0.1,0,5,0,0.0,1,,3624,6550,54,False,0,0,0,1,0,4
Diego Gómez Amarilla,MID,Brighton,,0,0,6,1,9.0,127,0.06,0.20,0.14,1.30,38,0,0,2.0,2.4,2026-09-13T13:00:00Z,83,,7,0,0,0,0,4,0,3.9,1,5,0,9.0,3,,335423,302345,50,False,0,1,0,2,0,4
Facundo Buonanotte,MID,Brighton,,0,0,0,0,0.0,128,0.00,0.00,0.00,0.00,38,0,0,0.0,0.0,2026-09-13T13:00:00Z,0,,7,0,0,0,0,4,0,0.0,0,5,0,0.0,0,,0,330,50,False,0,0,0,0,0,4
Yasin Ayari,MID,Brighton,,0,0,38,1,6.8,129,0.03,0.34,0.31,1.33,38,0,1,7.3,39.0,2026-09-13T13:00:00Z,90,,7,0,0,0,0,4,0,0.4,1,5,0,27.0,8,,12775,41705,54,False,0,0,0,6,1,4
Mats Wieffer,DEF,Brighton,,0,0,0,0,0.0,130,0.00,0.00,0.00,0.00,38,0,0,0.0,0.0,2026-09-13T13:00:00Z,0,,7,0,0,0,0,4,0,0.2,0,5,0,0.0,0,,25950,43537,49,False,0,0,0,0,0,4
Carlos Baleba,MID,Man Utd,,0,0,0,0,0.0,131,0.00,0.00,0.00,0.00,39,0,0,0.0,0.0,2026-09-13T15:30:00Z,0,,15,0,0,0,0,4,0,0.1,0,1,0,0.0,0,,6877,14428,49,True,0,0,0,0,0,4
Harry Howell,MID,Brighton,,0,0,0,0,0.0,132,0.00,0.00,0.00,0.00,38,0,0,0.0,0.0,2026-09-13T13:00:00Z,0,,7,0,0,0,0,4,0,0.0,0,5,0,0.0,0,,0,3702,45,False,0,0,0,0,0,4
Tom Watson,MID,Brighton,,0,0,0,0,0.0,133,0.00,0.00,0.00,0.00,38,0,0,0.0,0.0,2026-09-13T13:00:00Z,0,,7,0,0,0,0,4,0,0.0,0,5,0,0.0,0,,0,136,50,False,0,0,0,0,0,4
Nehemiah Oriola,MID,Brighton,,0,0,0,0,0.0,134,0.00,0.00,0.00,0.00,38,0,0,0.0,0.0,2026-09-13T13:00:00Z,0,,7,0,0,0,0,4,0,0.2,0,5,0,0.0,0,,8774,14265,45,False,0,0,0,0,0,4
Zadok Yohanna,MID,Brighton,,0,0,0,0,0.0,135,0.00,0.00,0.00,0.00,38,0,0,0.0,0.0,2026-09-13T13:00:00Z,0,,7,0,0,0,0,4,0,0.0,0,5,0,0.0,0,,1269,5515,48,False,0,0,0,0,0,4
Danny Welbeck,FWD,Chelsea,,0,0,4,0,10.6,136,0.06,0.06,0.00,0.54,33,0,0,2.2,7.2,2026-09-12T14:00:00Z,12,,11,0,0,0,0,4,0,1.0,0,2,2,4.0,1,,62321,83697,59,True,0,1,0,0,0,4
Stefanos Tzimas,FWD,Brighton,,0,0,0,0,0.0,137,0.00,0.00,0.00,0.00,38,0,0,0.0,0.0,2026-09-13T13:00:00Z,0,,7,0,0,0,0,4,0,0.0,0,5,0,0.0,0,,336,755,54,False,0,0,0,0,0,4
Charalampos Kostoulas,FWD,Brighton,,1,1,40,0,7.0,138,0.01,0.40,0.39,1.30,38,0,1,7.8,33.0,2026-09-13T13:00:00Z,83,,7,0,0,0,0,4,0,4.4,1,5,0,38.0,10,,440171,54281,56,False,0,2,0,4,1,4
Evan Ferguson,FWD,Brighton,,0,0,0,0,0.0,139,0.00,0.00,0.00,0.00,38,0,0,0.0,0.0,2026-09-13T13:00:00Z,0,,7,0,0,0,0,4,0,0.0,0,5,0,0.0,0,,1600,2539,50,False,0,0,0,0,0,4
Robert Lynch Sánchez,GKP,Chelsea,,0,0,0,0,0.0,140,0.00,0.00,0.00,0.00,33,0,0,0.0,0.0,2026-09-12T14:00:00Z,0,,11,0,0,0,0,4,0,0.7,0,2,2,0.0,0,,10847,176756,49,True,0,0,0,0,0,4
Filip Jörgensen,GKP,Chelsea,,0,0,0,0,0.0,141,0.00,0.00,0.00,0.00,33,0,0,0.0,0.0,2026-09-12T14:00:00Z,0,,11,0,0,0,0,4,0,0.0,0,2,2,0.0,0,,0,951,50,True,0,0,0,0,0,4
Reece James,DEF,Chelsea,,0,0,11,0,10.4,142,0.14,0.30,0.16,1.38,33,2,0,4.5,19.8,2026-09-12T14:00:00Z,90,,11,0,0,0,0,4,0,5.8,1,2,2,15.0,1,,168886,604450,53,True,0,2,0,4,2,4
Trevoh Chalobah,DEF,Chelsea,,0,0,0,0,0.0,143,0.00,0.00,0.00,0.00,33,0,0,0.0,0.0,2026-09-12T14:00:00Z,0,,11,0,0,0,0,4,0,0.1,0,2,2,0.0,0,,0,13974,55,True,0,0,0,0,0,4
Malo Gusto,DEF,Chelsea,,0,0,7,0,23.3,144,0.07,0.11,0.04,0.84,33,2,0,4.3,14.0,2026-09-12T14:00:00Z,77,,11,0,0,0,0,4,0,0.9,1,2,2,6.0,1,,36987,67618,49,True,0,5,0,4,0,4
Wesley Fofana,DEF,Chelsea,,0,0,10,0,4.7,145,0.03,0.03,0.00,0.89,33,2,0,2.7,18.4,2026-09-12T14:00:00Z,85,,11,0,0,0,0,4,0,0.2,1,2,2,4.0,1,,18838,8324,50,True,0,4,0,4,2,4
Benoît Badiashile Mukinayi,DEF,Chelsea,,0,0,0,0,0.0,146,0.00,0.00,0.00,0.00,33,0,0,0.0,0.0,2026-09-12T14:00:00Z,0,,11,0,0,0,0,4,0,0.0,0,2,2,0.0,0,,232,1944,45,True,0,0,0,0,0,4
Tosin Adarabioyo,DEF,Spurs,,0,0,5,0,0.2,147,0.00,0.00,0.00,0.03,37,0,0,0.9,9.0,2026-09-12T16:30:00Z,5,,9,0,0,0,0,4,0,0.1,0,0,0,0.0,1,,2003,7937,44,True,0,2,0,1,2,4
Jorrel Hato,DEF,Chelsea,,0,0,-8,0,2.9,148,0.10,0.10,0.00,0.44,33,2,0,0.9,3.8,2026-09-12T14:00:00Z,45,,11,0,0,0,0,4,0,0.8,1,2,2,2.0,0,,91293,60009,45,True,0,2,0,2,1,4
Levi Samuels Colwill,DEF,Chelsea,,0,0,8,0,12.2,149,0.01,0.01,0.00,1.38,33,2,0,4.3,26.8,2026-09-12T14:00:00Z,90,,11,0,0,0,0,4,0,0.9,1,2,2,4.0,1,,26839,98692,48,True,0,6,0,6,0,4
Mamadou Sarr,DEF,Chelsea,,0,0,0,0,0.0,150,0.00,0.00,0.00,0.00,33,0,0,0.0,0.0,2026-09-12T14:00:00Z,0,,11,0,0,0,0,4,0,0.0,0,2,2,0.0,0,,429,5994,45,True,0,0,0,0,0,4
Josh Acheampong,DEF,Chelsea,,0,0,0,0,0.0,151,0.00,0.00,0.00,0.00,33,0,0,0.0,0.0,2026-09-12T14:00:00Z,0,,11,0,0,0,0,4,0,0.3,0,2,2,0.0,0,,21158,22600,45,True,0,0,0,0,0,4
Marco Palestra,DEF,Chelsea,,0,0,0,0,0.0,152,0.00,0.00,0.00,0.00,33,0,0,0.0,0.0,2026-09-12T14:00:00Z,0,,11,0,0,0,0,4,0,0.6,0,2,2,0.0,0,,6717,220677,53,True,0,0,0,0,0,4
Axel Disasi,DEF,Crystal Palace,,0,0,-18,0,0.1,153,0.00,0.00,0.00,0.38,34,3,0,0.2,2.2,2026-09-12T14:00:00Z,33,,12,0,0,0,1,4,0,0.1,1,3,2,0.0,-3,,9429,10399,45,True,0,6,0,2,0,4
Cole Palmer,MID,Chelsea,,1,0,28,0,37.6,154,0.25,0.38,0.13,1.38,33,0,0,6.8,18.6,2026-09-12T14:00:00Z,90,,11,0,0,0,0,4,0,25.5,1,2,2,12.0,5,,1954762,680980,97,True,0,0,0,3,0,4
Enzo Fernández,MID,Man City,,0,0,17,1,20.7,155,0.13,0.31,0.18,0.50,39,0,0,4.6,10.4,2026-09-13T15:30:00Z,81,,16,0,0,0,0,4,0,3.6,1,1,0,15.0,2,,174562,322764,69,False,1,4,0,4,2,4
Pedro Lomba Neto,MID,Chelsea,,0,0,17,0,31.3,156,0.10,0.15,0.05,0.89,33,0,0,7.4,15.8,2026-09-12T14:00:00Z,85,,11,0,0,0,0,4,0,1.4,1,2,2,27.0,2,,82879,91742,65,True,0,3,0,3,1,4
Estêvão Almeida de Oliveira Gonçalves,MID,Chelsea,,0,0,6,0,0.5,157,0.07,0.10,0.03,0.49,33,0,0,2.7,5.0,2026-09-12T14:00:00Z,4,,11,0,0,0,0,4,0,0.7,0,2,2,21.0,1,,17865,87248,63,True,0,0,0,0,1,4
Jamie Bynoe-Gittens,MID,Chelsea,,0,0,0,0,0.0,158,0.00,0.00,0.00,0.00,33,0,0,0.0,0.0,2026-09-12T14:00:00Z,0,,11,0,0,0,0,4,0,0.0,0,2,2,0.0,0,,1138,2898,58,True,0,0,0,0,0,4
Moisés Caicedo Corozo,MID,Chelsea,,0,0,0,0,0.0,159,0.00,0.00,0.00,0.00,33,0,0,0.0,0.0,2026-09-12T14:00:00Z,0,,11,0,0,0,0,4,0,1.0,0,2,2,0.0,0,,15071,281848,53,True,0,0,0,0,0,4
Alejandro Garnacho Ferreyra,MID,Aston Villa,,0,0,0,0,0.0,160,0.00,0.00,0.00,0.00,31,0,0,0.0,0.0,2026-09-12T14:00:00Z,0,,18,0,0,0,0,4,0,0.3,0,2,1,0.0,0,,7534,41343,58,True,0,0,0,0,0,4
Roméo Lavia,MID,Chelsea,,0,0,14,0,4.9,161,0.07,0.07,0.00,0.84,33,0,0,1.2,7.4,2026-09-12T14:00:00Z,68,,11,0,0,0,0,4,0,0.2,1,2,2,0.0,2,,25839,15666,50,True,0,3,0,5,1,4
Andrey Nascimento dos Santos,MID,Man Utd,,0,0,0,0,0.0,162,0.00,0.00,0.00,0.00,39,0,0,0.0,0.0,2026-09-13T15:30:00Z,0,,15,0,0,0,0,4,0,0.6,0,1,0,0.0,0,,22278,73810,48,True,0,0,0,0,0,4
Dário Luís Essugo,MID,Chelsea,,0,0,0,0,0.0,163,0.00,0.00,0.00,0.00,33,0,0,0.0,0.0,2026-09-12T14:00:00Z,0,,11,0,0,0,0,4,0,0.1,0,2,2,0.0,0,,2698,14474,45,True,0,0,0,0,0,4
Geovany Quenda,MID,Chelsea,,0,0,0,0,0.0,164,0.00,0.00,0.00,0.00,33,0,0,0.0,0.0,2026-09-12T14:00:00Z,0,,11,0,0,0,0,4,0,0.0,0,2,2,0.0,0,,909,3409,53,True,0,0,0,0,0,4
João Pedro Junqueira de Jesus,FWD,Chelsea,,1,3,44,0,15.7,165,0.04,0.33,0.29,1.38,33,0,1,10.1,54.4,2026-09-12T14:00:00Z,90,,11,0,0,0,0,4,0,64.9,1,2,2,31.0,12,,1584711,1486196,77,True,0,2,0,0,0,4
Nicolas Jackson,FWD,Aston Villa,,0,0,0,0,2.0,166,0.04,0.04,0.00,0.39,31,0,0,0.2,0.0,2026-09-12T14:00:00Z,45,,18,0,0,0,0,4,0,1.5,1,2,1,2.0,0,,185165,85835,65,True,1,0,0,0,0,4
Liam Delap,FWD,Nott'm Forest,,0,0,25,0,12.6,167,0.08,0.71,0.63,0.73,31,0,1,7.9,28.6,2026-09-12T14:00:00Z,90,,2,0,0,0,0,4,0,2.7,1,2,1,38.0,5,,313002,83652,56,False,1,1,0,2,1,4
Marc Guiu Paz,FWD,Chelsea,,0,0,0,0,0.0,168,0.00,0.00,0.00,0.00,33,0,0,0.0,0.0,2026-09-12T14:00:00Z,0,,11,0,0,0,0,4,0,0.2,0,2,2,0.0,0,,4102,33363,50,True,0,0,0,0,0,4
Shumaira Mheuka,FWD,Chelsea,,0,0,0,0,0.0,169,0.00,0.00,0.00,0.00,33,0,0,0.0,0.0,2026-09-12T14:00:00Z,0,,11,0,0,0,0,4,0,0.5,0,2,2,0.0,0,,32496,25503,45,True,0,0,0,0,0,4
Emmanuel Emegha,FWD,Chelsea,,0,0,0,0,0.0,170,0.00,0.00,0.00,0.00,33,0,0,0.0,0.0,2026-09-12T14:00:00Z,0,,11,0,0,0,0,4,0,0.1,0,2,2,0.0,0,,6091,12652,49,True,0,0,0,0,0,4
Oliver Dovin,GKP,Coventry City,,0,0,0,0,0.0,171,0.00,0.00,0.00,0.00,38,0,0,0.0,0.0,2026-09-13T13:00:00Z,0,,5,0,0,0,0,4,0,1.0,0,5,0,0.0,0,,8924,58249,40,True,0,0,0,0,0,4
Ben Wilson,GKP,Coventry City,,0,0,0,0,0.0,172,0.00,0.00,0.00,0.00,38,0,0,0.0,0.0,2026-09-13T13:00:00Z,0,,5,0,0,0,0,4,0,0.4,0,5,0,0.0,0,,1426,12434,44,True,0,0,0,0,0,4
Bobby Thomas,DEF,Coventry City,,0,0,-17,0,0.4,173,0.07,0.26,0.19,2.81,38,5,0,3.0,6.8,2026-09-13T13:00:00Z,90,,5,0,0,0,0,4,0,8.5,1,5,0,23.0,0,,366248,287355,40,True,0,8,0,2,0,4
Liam Kitching,DEF,Coventry City,,0,0,0,0,0.0,174,0.00,0.00,0.00,0.00,38,0,0,0.0,0.0,2026-09-13T13:00:00Z,0,,5,0,0,0,0,4,0,0.3,0,5,0,0.0,0,,981,33050,40,True,0,0,0,0,0,4
Milan van Ewijk,DEF,Coventry City,,0,0,-5,0,11.6,175,0.04,0.04,0.00,2.81,38,5,0,3.4,18.8,2026-09-13T13:00:00Z,90,,5,0,0,0,0,4,0,8.7,1,5,0,4.0,0,,123111,505349,40,True,0,6,0,3,1,4
Jay Dasilva,DEF,Coventry City,,0,0,-7,0,26.0,176,0.33,0.33,0.00,2.81,38,5,0,3.9,12.8,2026-09-13T13:00:00Z,90,,5,0,0,0,0,4,0,0.7,1,5,0,0.0,0,,16370,22970,40,True,0,3,0,3,0,4
Kaine Kesler-Hayden,DEF,Coventry City,,0,0,0,0,0.0,177,0.00,0.00,0.00,0.00,38,0,0,0.0,0.0,2026-09-13T13:00:00Z,0,,5,0,0,0,0,4,0,0.0,0,5,0,0.0,0,,1688,3830,39,True,0,0,0,0,0,4
Jake Bidwell,DEF,Coventry City,,0,0,0,0,0.0,178,0.00,0.00,0.00,0.00,38,0,0,0.0,0.0,2026-09-13T13:00:00Z,0,,5,0,0,0,0,4,0,0.1,0,5,0,0.0,0,,2494,3547,40,True,0,0,0,0,0,4
Joel Latibeaudiere,DEF,Coventry City,,0,0,0,0,0.0,179,0.00,0.00,0.00,0.00,38,0,0,0.0,0.0,2026-09-13T13:00:00Z,0,,5,0,0,0,0,4,0,0.0,0,5,0,0.0,0,,987,1746,40,True,0,0,0,0,0,4
Luke Woolfenden,DEF,Coventry City,,0,0,0,0,0.0,180,0.00,0.00,0.00,0.00,38,0,0,0.0,0.0,2026-09-13T13:00:00Z,0,,5,0,0,0,0,4,0,0.1,0,5,0,0.0,0,,2294,9063,39,True,0,0,0,0,0,4
Miguel Brau,DEF,Coventry City,,0,0,0,0,0.0,181,0.00,0.00,0.00,0.00,38,0,0,0.0,0.0,2026-09-13T13:00:00Z,0,,5,0,0,0,0,4,0,0.0,0,5,0,0.0,0,,275,2179,40,True,0,0,0,0,0,4
Aurèle Amenda,DEF,Coventry City,,0,0,-12,0,10.3,182,0.00,0.00,0.00,2.81,38,5,0,3.3,18.2,2026-09-13T13:00:00Z,90,,5,0,0,0,0,4,0,0.6,1,5,0,4.0,0,,11487,34085,40,True,0,8,0,0,0,4
Jack Rudoni,MID,Coventry City,,0,0,11,0,55.5,183,0.73,1.06,0.33,2.16,38,0,0,9.1,10.8,2026-09-13T13:00:00Z,72,,5,0,0,0,0,4,0,0.1,1,5,0,25.0,2,,4451,8121,49,True,0,2,0,3,0,4
Matt Grimes,MID,Coventry City,,0,0,9,0,5.8,184,0.02,0.07,0.05,2.60,38,0,0,1.3,5.6,2026-09-13T13:00:00Z,83,,5,0,0,0,0,4,0,0.1,1,5,0,2.0,2,,4094,11307,49,True,0,1,0,1,1,4
Tatsuhiro Sakamoto,MID,Coventry City,,0,0,0,0,0.0,185,0.00,0.00,0.00,0.00,38,0,0,0.0,0.0,2026-09-13T13:00:00Z,0,,5,0,0,0,0,4,0,0.1,0,5,0,0.0,0,,1022,5776,48,True,0,0,0,0,0,4
Ephron Mason-Clark,MID,Coventry City,,0,0,5,0,1.0,186,0.01,0.50,0.49,1.37,38,0,0,5.1,6.0,2026-09-13T13:00:00Z,59,,5,0,0,0,0,4,0,0.1,1,5,0,44.0,1,,1117,5975,53,True,0,2,0,2,0,4
Josh Eccles,MID,Coventry City,,0,0,0,0,0.0,187,0.00,0.00,0.00,0.00,38,0,0,0.0,0.0,2026-09-13T13:00:00Z,0,,5,0,0,0,0,4,0,0.0,0,5,0,0.0,0,,636,1471,48,True,0,0,0,0,0,4
Victor Torp,MID,Coventry City,,0,0,3,0,0.4,188,0.00,0.00,0.00,0.21,38,0,0,0.1,0.4,2026-09-13T13:00:00Z,6,,5,0,0,0,0,4,0,0.1,0,5,0,0.0,1,,797,7995,53,True,0,0,0,0,0,4
George Shepherd,MID,Coventry City,,0,0,0,0,0.0,189,0.00,0.00,0.00,0.00,38,0,0,0.0,0.0,2026-09-13T13:00:00Z,0,,5,0,0,0,0,4,0,0.3,0,5,0,0.0,0,,10906,15490,44,True,0,0,0,0,0,4
Loum Tchaouna,MID,Coventry City,,0,0,0,0,0.0,190,0.00,0.00,0.00,0.00,38,0,0,0.0,0.0,2026-09-13T13:00:00Z,0,,5,0,0,0,0,4,0,0.1,0,5,0,0.0,0,,3143,8249,54,True,0,0,0,0,0,4
Raphael Borges Rodrigues,MID,Coventry City,,0,0,0,0,0.0,191,0.00,0.00,0.00,0.00,38,0,0,0.0,0.0,2026-09-13T13:00:00Z,0,,5,0,0,0,0,4,0,0.1,0,5,0,0.0,0,,1943,11548,45,True,0,0,0,0,0,4
Kai Andrews,MID,Coventry City,,0,0,0,0,0.0,192,0.00,0.00,0.00,0.00,38,0,0,0.0,0.0,2026-09-13T13:00:00Z,0,,5,0,0,0,0,4,0,0.3,0,5,0,0.0,0,,2718,41208,45,True,0,0,0,0,0,4
Haji Wright,FWD,Coventry City,,0,0,0,0,0.0,193,0.00,0.00,0.00,0.00,38,0,0,0.0,0.0,2026-09-13T13:00:00Z,0,,5,0,0,0,0,4,0,0.1,0,5,0,0.0,0,,617,12523,53,True,0,0,0,0,0,4
Brandon Thomas-Asante,FWD,Coventry City,,0,0,7,0,0.5,194,0.03,0.24,0.21,0.64,38,0,0,3.3,6.0,2026-09-13T13:00:00Z,17,,5,0,0,0,0,4,0,0.8,0,5,0,26.0,1,,59474,57349,50,True,0,0,0,0,0,4
Ellis Simms,FWD,Coventry City,,0,0,0,0,0.0,195,0.00,0.00,0.00,0.00,38,0,0,0.0,0.0,2026-09-13T13:00:00Z,0,,5,0,0,0,0,4,0,0.6,0,5,0,0.0,0,,40664,64777,49,True,0,0,0,0,0,4
Jahnoah Markelo,FWD,Coventry City,,0,0,0,0,0.0,196,0.00,0.00,0.00,0.00,38,0,0,0.0,0.0,2026-09-13T13:00:00Z,0,,5,0,0,0,0,4,0,0.0,0,5,0,0.0,0,,0,1190,50,True,0,0,0,0,0,4
Norman Bassette,FWD,Coventry City,,0,0,0,0,0.0,197,0.00,0.00,0.00,0.00,38,0,0,0.0,0.0,2026-09-13T13:00:00Z,0,,5,0,0,0,0,4,0,0.0,0,5,0,0.0,0,,0,2114,45,True,0,0,0,0,0,4
Dean Henderson,GKP,Crystal Palace,,0,0,0,0,0.0,198,0.00,0.00,0.00,0.00,34,0,0,0.0,0.0,2026-09-12T14:00:00Z,0,,12,0,0,0,0,4,0,1.3,0,3,2,0.0,0,,55286,120819,49,True,0,0,0,0,0,4
Walter Benítez,GKP,Crystal Palace,,0,0,3,0,0.0,199,0.00,0.00,0.00,1.68,34,3,0,1.9,18.8,2026-09-12T14:00:00Z,90,,12,0,0,0,0,4,3,0.1,1,3,2,0.0,2,,3821,4825,45,True,0,1,0,7,0,4
Maxence Lacroix,DEF,Chelsea,,0,0,4,0,0.0,200,0.00,0.00,0.00,0.49,33,0,0,0.4,3.6,2026-09-12T14:00:00Z,4,,11,0,0,0,0,4,0,6.8,0,2,2,0.0,1,,175485,426437,59,True,0,2,0,0,1,4
Daniel Muñoz Mejía,DEF,Nott'm Forest,,0,0,23,0,55.9,201,0.18,0.40,0.22,0.82,31,0,0,12.7,31.6,2026-09-12T14:00:00Z,90,,2,0,0,0,0,4,0,5.7,1,2,1,39.0,2,,158919,485848,54,False,0,3,0,4,4,4
Chris Richards,DEF,Crystal Palace,,0,0,2,0,5.9,202,0.06,0.06,0.00,1.68,34,3,0,2.8,22.4,2026-09-12T14:00:00Z,90,,12,0,0,0,0,4,0,0.6,1,3,2,0.0,2,,22638,38067,49,True,1,12,13,6,1,4
Jaydee Canvot,DEF,Crystal Palace,,0,0,0,0,0.0,203,0.00,0.00,0.00,0.00,34,0,0,0.0,0.0,2026-09-12T14:00:00Z,0,,12,0,0,0,0,4,0,0.2,0,3,2,0.0,0,,5795,19574,48,True,0,0,0,0,0,4
Tyrick Mitchell,DEF,Crystal Palace,,0,0,6,0,18.1,204,0.06,0.06,0.00,1.13,34,2,0,2.6,7.8,2026-09-12T14:00:00Z,76,,12,0,0,0,0,4,0,6.1,1,3,2,0.0,1,,312900,265845,45,True,0,1,0,8,0,4
Borna Sosa,DEF,Crystal Palace,,0,0,0,0,0.0,205,0.00,0.00,0.00,0.00,34,0,0,0.0,0.0,2026-09-12T14:00:00Z,0,,12,0,0,0,0,4,0,0.0,0,3,2,0.0,0,,236,2083,45,True,0,0,0,0,0,4
Chadi Riad Dnanou,DEF,Crystal Palace,,0,0,0,0,0.0,206,0.00,0.00,0.00,0.00,34,0,0,0.0,0.0,2026-09-12T14:00:00Z,0,,12,0,0,0,0,4,0,0.0,0,3,2,0.0,0,,649,5691,43,True,0,0,0,0,0,4
Oscar Mingueza,DEF,Crystal Palace,,0,0,0,0,0.0,207,0.00,0.00,0.00,0.00,34,0,0,0.0,0.0,2026-09-12T14:00:00Z,0,,12,0,0,0,0,4,0,0.1,0,3,2,0.0,0,,2004,4853,44,True,0,0,0,0,0,4
Ismaïla Sarr,MID,Crystal Palace,,0,0,0,0,0.0,208,0.00,0.00,0.00,0.00,34,0,0,0.0,0.0,2026-09-12T14:00:00Z,0,,12,0,0,0,0,4,0,0.6,0,3,2,0.0,0,,6756,376808,62,True,0,0,0,0,0,4
Brennan Johnson,MID,Everton,,0,0,13,1,29.0,209,0.18,0.34,0.16,0.43,37,0,0,4.6,11.2,2026-09-12T16:30:00Z,74,,19,0,0,0,0,4,0,0.1,1,0,0,6.0,3,,5353,10470,59,False,0,2,0,2,2,4
Adam Wharton,MID,Crystal Palace,,0,0,13,0,11.8,210,0.04,0.12,0.08,1.13,34,0,0,2.0,5.2,2026-09-12T14:00:00Z,76,,12,0,0,0,0,4,0,0.7,1,3,2,3.0,2,,29629,48730,54,True,0,1,0,3,1,4
Yéremy Pino Santos,MID,Crystal Palace,,0,0,4,0,2.7,211,0.01,0.01,0.00,0.38,34,0,0,0.5,0.0,2026-09-12T14:00:00Z,36,,12,0,0,0,0,4,0,0.3,1,3,2,2.0,1,,45280,31220,55,True,0,0,0,1,0,4
Will Hughes,MID,Crystal Palace,,0,0,6,0,15.0,212,0.04,0.04,0.00,0.55,34,0,0,2.1,5.6,2026-09-12T14:00:00Z,13,,12,0,0,0,0,4,0,7.3,0,3,2,0.0,1,,122853,485354,44,True,0,1,0,2,1,4
Jefferson Lerma Solís,MID,Crystal Palace,,0,0,3,0,0.3,213,0.00,0.00,0.00,0.48,34,0,0,0.3,2.2,2026-09-12T14:00:00Z,6,,12,0,0,0,0,4,0,0.1,0,3,2,0.0,1,,1302,5579,48,True,0,1,0,0,0,4
Daichi Kamada,MID,Crystal Palace,,2,0,30,0,21.9,214,0.05,0.05,0.00,1.20,34,0,0,6.0,36.2,2026-09-12T14:00:00Z,83,,12,0,0,0,0,4,0,0.5,1,3,2,2.0,8,,50210,24845,50,True,0,0,0,0,1,4
Justin Devenny,MID,Crystal Palace,,0,0,0,0,0.0,215,0.00,0.00,0.00,0.00,34,0,0,0.0,0.0,2026-09-12T14:00:00Z,0,,12,0,0,0,0,4,0,0.0,0,3,2,0.0,0,,132,951,50,True,0,0,0,0,0,4
Romain Esse,MID,Crystal Palace,,0,0,0,0,0.0,216,0.00,0.00,0.00,0.00,34,0,0,0.0,0.0,2026-09-12T14:00:00Z,0,,12,0,0,0,0,4,0,0.0,0,3,2,0.0,0,,399,3244,50,True,0,0,0,0,0,4
Matheus França de Oliveira,MID,Crystal Palace,,0,0,0,0,0.0,217,0.00,0.00,0.00,0.00,34,0,0,0.0,0.0,2026-09-12T14:00:00Z,0,,12,0,0,0,0,4,0,0.0,0,3,2,0.0,0,,1007,3446,49,True,0,0,0,0,0,4
Cheick Doucouré,MID,Crystal Palace,,0,0,0,0,0.0,218,0.00,0.00,0.00,0.00,34,0,0,0.0,0.0,2026-09-12T14:00:00Z,0,,12,0,0,0,0,4,0,0.0,0,3,2,0.0,0,,2092,4471,48,True,0,0,0,0,0,4
Jesurun Rak-Sakyi,MID,Crystal Palace,,0,0,0,0,0.0,219,0.00,0.00,0.00,0.00,34,0,0,0.0,0.0,2026-09-12T14:00:00Z,0,,12,0,0,0,0,4,0,0.0,0,3,2,0.0,0,,145,470,49,True,0,0,0,0,0,4
Rio Cardines,DEF,Crystal Palace,,0,0,0,0,0.0,220,0.00,0.00,0.00,0.00,34,0,0,0.0,0.0,2026-09-12T14:00:00Z,0,,12,0,0,0,0,4,0,0.0,0,3,2,0.0,0,,0,128,45,True,0,0,0,0,0,4
Joél Drakes-Thomas,MID,Crystal Palace,,0,0,0,0,0.0,221,0.00,0.00,0.00,0.00,34,0,0,0.0,0.0,2026-09-12T14:00:00Z,0,,12,0,0,0,0,4,0,0.1,0,3,2,0.0,0,,2703,4693,44,True,0,0,0,0,0,4
Jørgen Strand Larsen,FWD,Crystal Palace,,0,2,39,0,12.8,222,0.02,0.11,0.09,1.20,34,0,1,8.5,40.8,2026-09-12T14:00:00Z,83,,12,0,0,0,0,4,0,0.7,1,3,2,31.0,8,,50670,41239,60,True,0,0,0,1,1,4
Jean-Philippe Mateta,FWD,Crystal Palace,,0,0,0,0,0.0,223,0.00,0.00,0.00,0.00,34,0,0,0.0,0.0,2026-09-12T14:00:00Z,0,,12,0,0,0,0,4,0,1.3,0,3,2,0.0,0,,25986,455100,63,True,0,0,0,0,0,4
Eddie Nketiah,FWD,Crystal Palace,,0,0,0,0,0.0,224,0.00,0.00,0.00,0.00,34,0,0,0.0,0.0,2026-09-12T14:00:00Z,0,,12,0,0,0,0,4,0,0.5,0,3,2,0.0,0,,47363,50163,55,True,0,0,0,0,0,4
Christantus Uche,FWD,Crystal Palace,,0,0,0,0,0.0,225,0.00,0.00,0.00,0.00,34,0,0,0.0,0.0,2026-09-12T14:00:00Z,0,,12,0,0,0,0,4,0,0.0,0,3,2,0.0,0,,0,0,50,True,0,0,0,0,0,4
Jordan Pickford,GKP,Everton,,0,0,25,1,0.0,226,0.00,0.00,0.00,0.69,37,0,0,1.2,11.6,2026-09-12T16:30:00Z,90,,19,0,0,0,0,4,0,9.1,1,0,0,0.0,6,,297990,237193,55,False,0,2,0,11,0,4
Mark Travers,GKP,Everton,,0,0,0,0,0.0,227,0.00,0.00,0.00,0.00,37,0,0,0.0,0.0,2026-09-12T16:30:00Z,0,,19,0,0,0,0,4,0,0.0,0,0,0,0.0,0,,1822,2138,50,False,0,0,0,0,0,4
Tom King,GKP,Everton,,0,0,0,0,0.0,228,0.00,0.00,0.00,0.00,37,0,0,0.0,0.0,2026-09-12T16:30:00Z,0,,19,0,0,0,0,4,0,0.0,0,0,0,0.0,0,,1189,1749,45,False,0,0,0,0,0,4
James Tarkowski,DEF,Everton,,0,2,32,1,1.8,229,0.01,0.01,0.00,0.69,37,0,0,2.1,19.2,2026-09-12T16:30:00Z,90,,19,0,0,0,0,4,0,16.7,1,0,0,0.0,8,,957082,287322,62,False,0,3,0,3,5,4
Jarrad Branthwaite,DEF,Everton,,0,0,27,1,3.4,230,0.00,0.00,0.00,0.69,37,0,0,3.3,30.0,2026-09-12T16:30:00Z,90,,19,0,0,0,0,4,0,2.4,1,0,0,0.0,6,,141547,72405,55,False,0,8,0,2,1,4
Michael Keane,DEF,Everton,,0,0,0,0,0.0,231,0.00,0.00,0.00,0.00,37,0,0,0.0,0.0,2026-09-12T16:30:00Z,0,,19,0,0,0,0,4,0,0.7,0,0,0,0.0,0,,9327,90836,48,False,0,0,0,0,0,4
Jake O'Brien,DEF,Everton,,0,0,2,0,0.0,232,0.00,0.00,0.00,0.26,37,0,0,0.1,1.0,2026-09-12T16:30:00Z,15,,19,0,0,0,0,4,0,0.3,0,0,0,0.0,1,,4616,24698,48,False,0,1,0,1,0,4
Vitalii Mykolenko,DEF,Everton,,0,3,38,1,11.3,233,0.07,0.07,0.00,0.69,37,0,0,4.0,24.4,2026-09-12T16:30:00Z,90,,19,0,0,0,0,4,0,4.1,1,0,0,4.0,11,,412864,122640,46,False,0,4,11,4,7,4
Nathan Patterson,DEF,Everton,,0,0,0,0,0.0,234,0.00,0.00,0.00,0.00,37,0,0,0.0,0.0,2026-09-12T16:30:00Z,0,,19,0,0,0,0,4,0,0.0,0,0,0,0.0,0,,371,2447,45,False,0,0,0,0,0,4
Adam Aznou,DEF,Everton,,0,0,0,0,0.0,235,0.00,0.00,0.00,0.00,37,0,0,0.0,0.0,2026-09-12T16:30:00Z,0,,19,0,0,0,0,4,0,0.1,0,0,0,0.0,0,,1728,11186,40,False,0,0,0,0,0,4
Kiernan Dewsbury-Hall,MID,Everton,,0,0,16,1,19.0,236,0.09,0.26,0.17,0.69,37,0,0,6.2,15.0,2026-09-12T16:30:00Z,90,,19,0,0,0,0,4,0,5.9,1,0,0,28.0,2,,586283,329480,66,False,1,2,0,4,0,4
Iliman Ndiaye,MID,Man City,,0,0,15,0,1.8,237,0.01,0.01,0.00,0.80,39,0,0,1.4,9.8,2026-09-13T15:30:00Z,45,,16,0,0,0,0,4,0,6.7,0,1,0,2.0,1,,298391,1139924,58,False,0,3,0,6,1,4
Jack Grealish,MID,Everton,,0,0,4,0,1.2,238,0.01,0.01,0.00,0.30,37,0,0,0.7,3.4,2026-09-12T16:30:00Z,25,,19,0,0,0,0,4,0,0.5,0,0,0,2.0,1,,41121,23432,65,False,0,2,0,1,1,4
James Garner,MID,Everton,,0,0,23,1,5.1,239,0.02,0.06,0.04,0.69,37,0,0,3.6,23.6,2026-09-12T16:30:00Z,90,,19,0,0,0,0,4,0,0.2,1,0,0,7.0,4,,21359,14055,60,False,1,3,17,8,6,4
Tim Iroegbunam,MID,Hull City,,0,0,2,0,0.2,240,0.00,0.00,0.00,0.35,33,0,0,0.3,3.0,2026-09-12T14:00:00Z,21,,6,0,0,0,0,4,0,0.0,0,2,2,0.0,0,,1118,1159,50,False,1,1,0,0,1,4
Dwight McNeil,MID,Crystal Palace,,0,0,0,0,0.0,241,0.00,0.00,0.00,0.00,34,0,0,0.0,0.0,2026-09-12T14:00:00Z,0,,12,0,0,0,0,4,0,0.1,0,3,2,0.0,0,,1792,8246,53,True,0,0,0,0,0,4
Tyrique George,MID,Everton,,0,0,13,1,15.4,242,0.15,0.20,0.05,0.39,37,0,0,2.7,6.4,2026-09-12T16:30:00Z,64,,19,0,0,0,0,4,0,0.9,1,0,0,5.0,3,,107276,43017,55,False,0,1,0,2,0,4
Carlos Alcaraz Durán,MID,Everton,,0,0,0,0,0.0,243,0.00,0.00,0.00,0.00,37,0,0,0.0,0.0,2026-09-12T16:30:00Z,0,,19,0,0,0,0,4,0,0.1,0,0,0,0.0,0,,2866,5854,49,False,0,0,0,0,0,4
Harrison Armstrong,MID,Everton,,0,0,6,1,4.5,244,0.02,0.02,0.00,0.69,37,0,0,1.9,12.4,2026-09-12T16:30:00Z,90,,19,0,0,0,0,4,0,0.4,1,0,0,2.0,3,,53975,32820,50,False,0,3,0,2,0,4
Tyler Dibling,MID,Everton,,0,0,0,0,0.0,245,0.00,0.00,0.00,0.00,37,0,0,0.0,0.0,2026-09-12T16:30:00Z,0,,19,0,0,0,0,4,0,0.0,0,0,0,0.0,0,,1177,2660,54,False,0,0,0,0,0,4
Merlin Röhl,MID,Everton,,0,0,0,0,0.0,246,0.00,0.00,0.00,0.00,37,0,0,0.0,0.0,2026-09-12T16:30:00Z,0,,19,0,0,0,0,4,0,0.0,0,0,0,0.0,0,,1963,4711,49,False,0,0,0,0,0,4
Hayden Hackney,MID,Everton,,0,0,3,0,10.8,247,0.02,0.02,0.00,0.26,37,0,0,1.8,3.2,2026-09-12T16:30:00Z,15,,19,0,0,0,0,4,0,0.2,0,0,0,4.0,1,,3760,11986,54,False,0,1,0,0,0,4
Norberto Bercique Gomes Betuncal,FWD,Everton,,0,0,0,0,0.0,248,0.00,0.00,0.00,0.00,37,0,0,0.0,0.0,2026-09-12T16:30:00Z,0,,19,0,0,0,0,4,0,0.6,0,0,0,0.0,0,,16222,220012,54,False,0,0,0,0,0,4
Thierno Barry,FWD,Everton,,0,0,5,0,14.0,249,0.03,0.70,0.67,0.69,37,0,0,7.4,3.2,2026-09-12T16:30:00Z,90,,19,0,0,0,0,4,0,8.3,1,0,0,57.0,2,,972888,360765,57,False,0,1,0,1,0,4
Bernd Leno,GKP,Fulham,,0,2,29,1,0.0,250,0.00,0.00,0.00,1.28,35,0,0,2.5,25.4,2026-09-12T14:00:00Z,90,,14,0,0,0,0,4,3,3.4,1,0,0,0.0,9,,154950,103757,45,False,0,1,0,8,0,4
Benjamin Lecomte,GKP,Fulham,,0,0,0,0,0.0,251,0.00,0.00,0.00,0.00,35,0,0,0.0,0.0,2026-09-12T14:00:00Z,0,,14,0,0,0,0,4,0,1.1,0,0,0,0.0,0,,25412,26138,40,False,0,0,0,0,0,4
Alfie McNally,GKP,Fulham,,0,0,0,0,0.0,252,0.00,0.00,0.00,0.00,35,0,0,0.0,0.0,2026-09-12T14:00:00Z,0,,14,0,0,0,0,4,0,0.1,0,0,0,0.0,0,,2589,6624,40,False,0,0,0,0,0,4
Joachim Andersen,DEF,Fulham,,0,0,0,0,0.0,253,0.00,0.00,0.00,0.00,35,0,0,0.0,0.0,2026-09-12T14:00:00Z,0,,14,0,0,0,0,4,0,0.2,0,0,0,0.0,0,,14784,9284,50,False,0,0,0,0,0,4
Antonee Robinson,DEF,Fulham,,0,0,25,1,22.1,254,0.05,0.10,0.05,1.28,35,0,0,4.6,17.6,2026-09-12T14:00:00Z,90,,14,0,0,0,0,4,0,1.5,1,0,0,6.0,6,,60277,71320,45,False,0,7,0,4,2,4
Jorge Cuenca Barreno,DEF,Fulham,,0,0,0,0,0.0,255,0.00,0.00,0.00,0.00,35,0,0,0.0,0.0,2026-09-12T14:00:00Z,0,,14,0,0,0,0,4,0,0.0,0,0,0,0.0,0,,1548,2014,45,False,0,0,0,0,0,4
Kenny Tete,DEF,Fulham,,0,0,-1,0,0.3,256,0.00,0.00,0.00,0.65,35,0,0,0.4,1.6,2026-09-12T14:00:00Z,27,,14,0,0,0,0,4,0,0.2,0,0,0,2.0,0,,1397,10522,44,False,1,3,0,0,0,4
Calvin Bassey,DEF,Fulham,,0,0,27,1,0.7,257,0.00,0.05,0.05,1.28,35,0,0,4.5,23.4,2026-09-12T14:00:00Z,90,,14,0,0,0,0,4,0,0.7,1,0,0,21.0,6,,27563,30194,45,False,0,7,0,3,1,4
Timothy Castagne,DEF,Fulham,,0,0,23,1,0.8,258,0.01,0.01,0.00,0.74,35,0,0,1.4,11.2,2026-09-12T14:00:00Z,71,,14,0,0,0,0,4,0,1.0,1,0,0,2.0,6,,92731,44059,45,False,0,3,0,3,2,4
Issa Diop,DEF,Ipswich Town,,0,0,8,0,1.8,259,0.13,0.13,0.00,0.62,34,2,0,1.9,15.0,2026-09-12T14:00:00Z,90,,8,0,0,0,0,4,0,12.6,1,3,2,2.0,1,,136650,511318,40,False,0,6,0,5,1,4
Harry Wilson,MID,Leeds,,0,0,4,0,4.7,260,0.03,0.03,0.00,0.30,40,0,0,0.8,3.2,2026-09-14T19:00:00Z,18,,17,0,0,0,0,4,0,1.6,0,1,4,0.0,1,,29048,459181,62,True,0,1,0,0,1,4
Alex Iwobi,MID,Fulham,,0,0,15,1,33.7,261,0.11,0.26,0.15,0.81,35,0,0,5.1,7.6,2026-09-12T14:00:00Z,76,,14,0,0,0,0,4,0,0.7,1,0,0,10.0,3,,22858,55851,54,False,0,0,0,3,1,4
Emile Smith Rowe,MID,Fulham,,0,0,3,0,0.5,262,0.00,0.00,0.00,0.46,35,0,0,0.2,1.2,2026-09-12T14:00:00Z,13,,14,0,0,0,0,4,0,0.2,0,0,0,0.0,1,,4526,21051,53,False,0,1,0,1,0,4
Kevin Santos Lopes de Macedo,MID,Fulham,,0,0,4,0,3.3,263,0.07,0.10,0.03,0.54,35,0,0,0.5,0.2,2026-09-12T14:00:00Z,18,,14,0,0,0,0,4,0,0.0,0,0,0,1.0,1,,2014,4240,53,False,0,0,0,2,1,4
Oscar Bobb,MID,Fulham,,0,0,12,1,30.0,264,0.13,0.13,0.00,0.63,35,0,0,4.4,10.0,2026-09-12T14:00:00Z,62,,14,0,0,0,0,4,0,0.3,1,0,0,4.0,3,,16680,21029,55,False,0,2,0,4,1,4
Sander Berge,MID,Fulham,,0,0,14,1,11.7,265,0.01,0.01,0.00,1.28,35,0,0,3.6,18.6,2026-09-12T14:00:00Z,90,,14,0,0,0,0,4,0,0.3,1,0,0,6.0,3,,6416,18126,49,False,0,4,0,2,3,4
Tom Cairney,MID,Fulham,,0,0,0,0,0.0,266,0.00,0.00,0.00,0.00,35,0,0,0.0,0.0,2026-09-12T14:00:00Z,0,,14,0,0,0,0,4,0,0.0,0,0,0,0.0,0,,111,332,49,False,0,0,0,0,0,4
Saša Lukić,MID,Ipswich Town,,0,0,8,0,23.5,267,0.10,0.10,0.00,0.35,34,0,0,3.6,10.2,2026-09-12T14:00:00Z,76,,8,0,0,0,0,4,0,0.1,1,3,2,2.0,1,,3445,6513,49,False,1,5,0,4,1,4
Josh King,MID,Fulham,,0,0,19,1,14.3,268,0.09,0.30,0.21,0.81,35,0,0,6.3,11.4,2026-09-12T14:00:00Z,76,,14,0,0,0,0,4,0,2.7,1,0,0,37.0,3,,345122,99030,55,False,0,0,0,2,2,4
Ryan Sessegnon,DEF,Fulham,,0,0,0,0,0.0,269,0.00,0.00,0.00,0.00,35,0,0,0.0,0.0,2026-09-12T14:00:00Z,0,,14,0,0,0,0,4,0,0.3,0,0,0,0.0,0,,2772,19065,43,False,0,0,0,0,0,4
Harrison Reed,MID,Fulham,,0,0,0,0,0.0,270,0.00,0.00,0.00,0.00,35,0,0,0.0,0.0,2026-09-12T14:00:00Z,0,,14,0,0,0,0,4,0,1.1,0,0,0,0.0,0,,36414,73445,44,False,0,0,0,0,0,4
Rodrigo Muniz Carvalho,FWD,Fulham,,0,0,4,0,0.3,271,0.00,0.00,0.00,0.46,35,0,0,0.4,2.0,2026-09-12T14:00:00Z,13,,14,0,0,0,0,4,0,0.4,0,0,0,2.0,1,,16195,35253,54,False,0,1,0,0,0,4
Jonah Kusi-Asare,FWD,Fulham,,0,0,0,0,0.0,272,0.00,0.00,0.00,0.00,35,0,0,0.0,0.0,2026-09-12T14:00:00Z,0,,14,0,0,0,0,4,0,5.4,0,0,0,0.0,0,,161107,302816,45,False,0,0,0,0,0,4
Dillon Phillips,GKP,Hull City,,0,0,0,0,0.0,273,0.00,0.00,0.00,0.00,33,0,0,0.0,0.0,2026-09-12T14:00:00Z,0,,6,0,0,0,0,4,0,1.4,0,2,2,0.0,0,,29328,38654,40,False,0,0,0,0,0,4
Jack Butland,GKP,Hull City,,0,0,0,0,0.0,274,0.00,0.00,0.00,0.00,33,0,0,0.0,0.0,2026-09-12T14:00:00Z,0,,6,0,0,0,0,4,0,0.1,0,2,2,0.0,0,,639,4947,44,False,0,0,0,0,0,4
Harvey Cartwright,GKP,Hull City,,0,0,0,0,0.0,275,0.00,0.00,0.00,0.00,33,0,0,0.0,0.0,2026-09-12T14:00:00Z,0,,6,0,0,0,0,4,0,0.0,0,2,2,0.0,0,,0,331,40,False,0,0,0,0,0,4
Thimothée Lo-Tutala,GKP,Hull City,,0,0,0,0,0.0,276,0.00,0.00,0.00,0.00,33,0,0,0.0,0.0,2026-09-12T14:00:00Z,0,,6,0,0,0,0,4,0,0.0,0,2,2,0.0,0,,0,1113,40,False,0,0,0,0,0,4
John Egan,DEF,Hull City,,0,0,-1,0,0.5,277,0.00,0.04,0.04,0.91,33,2,0,2.1,14.2,2026-09-12T14:00:00Z,90,,6,0,0,0,0,4,0,7.0,1,2,2,6.0,2,,752052,218267,41,False,1,12,14,6,2,4
Charlie Hughes,DEF,Hull City,,0,0,0,0,0.0,278,0.00,0.00,0.00,0.00,33,0,0,0.0,0.0,2026-09-12T14:00:00Z,0,,6,0,0,0,0,4,0,0.2,0,2,2,0.0,0,,16939,13004,39,False,0,0,0,0,0,4
Semi Ajayi,DEF,Hull City,,0,0,-6,0,1.3,279,0.00,0.13,0.13,0.91,33,2,0,1.3,5.4,2026-09-12T14:00:00Z,90,,6,0,0,0,0,4,0,13.9,1,2,2,6.0,1,,1357386,312753,42,False,0,2,0,2,1,4
Lewie Coyle,DEF,Hull City,,0,0,2,0,10.9,280,0.01,0.14,0.13,0.72,33,2,0,2.2,5.6,2026-09-12T14:00:00Z,81,,6,0,0,0,0,4,0,0.7,1,2,2,5.0,1,,27755,26004,40,False,0,2,0,4,1,4
Cody Drameh,DEF,Hull City,,0,0,0,0,0.0,281,0.00,0.00,0.00,0.00,33,0,0,0.0,0.0,2026-09-12T14:00:00Z,0,,6,0,0,0,0,4,0,0.0,0,2,2,0.0,0,,2118,4516,40,False,0,0,0,0,0,4
Ryan Giles,DEF,Hull City,,1,0,20,0,33.5,282,0.17,0.17,0.00,0.91,33,2,0,6.6,32.4,2026-09-12T14:00:00Z,90,,6,0,0,0,0,4,0,2.9,1,2,2,0.0,4,,279310,67028,40,False,0,6,0,2,1,4
Matty Jacob,DEF,Hull City,,0,0,0,0,0.0,283,0.00,0.00,0.00,0.00,33,0,0,0.0,0.0,2026-09-12T14:00:00Z,0,,6,0,0,0,0,4,0,0.0,0,2,2,0.0,0,,114,696,40,False,0,0,0,0,0,4
Cathal McCarthy,DEF,Hull City,,0,0,0,0,0.0,284,0.00,0.00,0.00,0.00,33,0,0,0.0,0.0,2026-09-12T14:00:00Z,0,,6,0,0,0,0,4,0,0.1,0,2,2,0.0,0,,4947,4611,40,False,0,0,0,0,0,4
Paddy McNair,DEF,Hull City,,0,0,0,0,0.0,285,0.00,0.00,0.00,0.00,33,0,0,0.0,0.0,2026-09-12T14:00:00Z,0,,6,0,0,0,0,4,0,0.1,0,2,2,0.0,0,,3154,4742,40,False,0,0,0,0,0,4
Mohamed Belloumi,MID,Hull City,,0,2,43,0,11.7,286,0.06,0.23,0.17,0.26,33,0,2,11.1,68.2,2026-09-12T14:00:00Z,59,,6,0,0,0,0,4,0,5.2,1,2,2,31.0,13,,511325,87402,51,False,0,0,0,0,1,4
Liam Millar,MID,Hull City,,0,0,0,0,0.0,287,0.00,0.00,0.00,0.00,33,0,0,0.0,0.0,2026-09-12T14:00:00Z,0,,6,0,0,0,0,4,0,0.0,0,2,2,0.0,0,,3178,7541,50,False,0,0,0,0,0,4
Kieran Dowell,MID,Hull City,,0,0,0,0,0.0,288,0.00,0.00,0.00,0.00,33,0,0,0.0,0.0,2026-09-12T14:00:00Z,0,,6,0,0,0,0,4,0,0.3,0,2,2,0.0,0,,12388,21704,44,False,0,0,0,0,0,4
Matt Crooks,MID,Hull City,,0,0,2,0,0.4,289,0.00,0.00,0.00,0.55,33,0,0,1.1,11.0,2026-09-12T14:00:00Z,68,,6,0,0,0,0,4,0,0.5,1,2,2,0.0,1,,24663,40674,44,False,1,5,0,3,2,4
Regan Slater,MID,Hull City,,0,0,22,0,26.9,290,0.10,0.14,0.04,0.91,33,0,0,5.3,19.2,2026-09-12T14:00:00Z,90,,6,0,0,0,0,4,0,5.2,1,2,2,7.0,2,,499690,280825,45,False,0,3,0,5,3,4
Eliot Matazo,MID,Hull City,,0,0,0,0,0.0,291,0.00,0.00,0.00,0.00,33,0,0,0.0,0.0,2026-09-12T14:00:00Z,0,,6,0,0,0,0,4,0,0.0,0,2,2,0.0,0,,384,498,45,False,0,0,0,0,0,4
Abdülkadir Ömür,MID,Hull City,,0,0,0,0,0.0,292,0.00,0.00,0.00,0.00,33,0,0,0.0,0.0,2026-09-12T14:00:00Z,0,,6,0,0,0,0,4,0,0.0,0,2,2,0.0,0,,1208,1633,49,False,0,0,0,0,0,4
Abu Kamara,MID,Hull City,,0,0,0,0,0.0,293,0.00,0.00,0.00,0.00,33,0,0,0.0,0.0,2026-09-12T14:00:00Z,0,,6,0,0,0,0,4,0,0.0,0,2,2,0.0,0,,0,375,50,False,0,0,0,0,0,4
Óscar Zambrano,MID,Hull City,,0,0,0,0,0.0,294,0.00,0.00,0.00,0.00,33,0,0,0.0,0.0,2026-09-12T14:00:00Z,0,,6,0,0,0,0,4,0,0.1,0,2,2,0.0,0,,3886,6840,45,False,0,0,0,0,0,4
Oli McBurnie,FWD,Hull City,,1,0,17,0,10.8,295,0.04,0.37,0.33,0.72,33,0,0,5.3,23.6,2026-09-12T14:00:00Z,81,,6,0,0,0,0,4,0,1.9,1,2,2,19.0,4,,189768,154336,55,False,1,2,0,0,1,4
David Akintola,MID,Hull City,,0,0,0,0,0.0,296,0.00,0.00,0.00,0.00,33,0,0,0.0,0.0,2026-09-12T14:00:00Z,0,,6,0,0,0,0,4,0,0.0,0,2,2,0.0,0,,2704,4897,50,False,0,0,0,0,0,4
Darko Gyabi,MID,Hull City,,0,0,0,0,0.0,297,0.00,0.00,0.00,0.00,33,0,0,0.0,0.0,2026-09-12T14:00:00Z,0,,6,0,0,0,0,4,0,0.0,0,2,2,0.0,0,,457,1621,44,False,0,0,0,0,0,4
Enis Destan,FWD,Hull City,,0,0,0,0,0.0,298,0.00,0.00,0.00,0.00,33,0,0,0.0,0.0,2026-09-12T14:00:00Z,0,,6,0,0,0,0,4,0,0.2,0,2,2,0.0,0,,0,22396,45,False,0,0,0,0,0,4
Mason Burstow,FWD,Hull City,,0,0,0,0,0.0,299,0.00,0.00,0.00,0.00,33,0,0,0.0,0.0,2026-09-12T14:00:00Z,0,,6,0,0,0,0,4,0,0.0,0,2,2,0.0,0,,0,3080,45,False,0,0,0,0,0,4
Christian Walton,GKP,Ipswich Town,,0,0,0,0,0.0,300,0.00,0.00,0.00,0.00,34,0,0,0.0,0.0,2026-09-12T14:00:00Z,0,,8,0,0,0,0,4,0,0.4,0,3,2,0.0,0,,3569,15062,44,False,0,0,0,0,0,4
Alex Palmer,GKP,Ipswich Town,,0,0,0,0,0.0,301,0.00,0.00,0.00,0.00,34,0,0,0.0,0.0,2026-09-12T14:00:00Z,0,,8,0,0,0,0,4,0,3.9,0,3,2,0.0,0,,74859,113900,40,False,0,0,0,0,0,4
David Button,GKP,Ipswich Town,,0,0,0,0,0.0,302,0.00,0.00,0.00,0.00,34,0,0,0.0,0.0,2026-09-12T14:00:00Z,0,,8,0,0,0,0,4,0,0.6,0,3,2,0.0,0,,31576,15277,40,False,0,0,0,0,0,4
Cédric Kipré,DEF,Ipswich Town,,0,0,0,0,0.0,303,0.00,0.00,0.00,0.00,34,0,0,0.0,0.0,2026-09-12T14:00:00Z,0,,8,0,0,0,0,4,0,0.9,0,3,2,0.0,0,,49376,29394,39,False,0,0,0,0,0,4
Dara O'Shea,DEF,Ipswich Town,,0,0,5,0,30.8,304,0.08,0.08,0.00,0.62,34,2,0,6.4,29.6,2026-09-12T14:00:00Z,90,,8,0,0,0,0,4,0,2.7,1,3,2,4.0,1,,65607,128841,40,False,0,7,0,2,2,4
Leif Davis,DEF,Ipswich Town,,2,1,35,0,17.1,305,0.19,0.71,0.52,0.62,34,2,1,11.1,54.8,2026-09-12T14:00:00Z,90,,8,0,0,0,0,4,0,7.0,1,3,2,39.0,14,,375542,187600,40,False,0,2,0,0,0,4
Jacob Greaves,DEF,Ipswich Town,,0,0,7,0,2.0,306,0.01,0.01,0.00,0.62,34,2,0,2.1,18.8,2026-09-12T14:00:00Z,87,,8,0,0,0,0,4,0,1.1,1,3,2,0.0,1,,8251,38460,40,False,0,6,0,4,0,4
Ben Johnson,DEF,Ipswich Town,,0,0,0,0,0.0,307,0.00,0.00,0.00,0.00,34,0,0,0.0,0.0,2026-09-12T14:00:00Z,0,,8,0,0,0,0,4,0,0.1,0,3,2,0.0,0,,1137,6330,40,False,0,0,0,0,0,4
Darnell Furlong,DEF,Ipswich Town,,0,0,0,0,0.0,308,0.00,0.00,0.00,0.00,34,0,0,0.0,0.0,2026-09-12T14:00:00Z,0,,8,0,0,0,0,4,0,0.6,0,3,2,0.0,0,,19342,19926,39,False,0,0,0,0,0,4
Marcelino Núñez,MID,Ipswich Town,,0,0,0,0,0.0,309,0.00,0.00,0.00,0.00,34,0,0,0.0,0.0,2026-09-12T14:00:00Z,0,,8,0,0,0,0,4,0,0.1,0,3,2,0.0,0,,3119,7710,49,False,0,0,0,0,0,4
Azor Matusiwa,MID,Ipswich Town,,0,0,0,0,0.0,310,0.00,0.00,0.00,0.00,34,0,0,0.0,0.0,2026-09-12T14:00:00Z,0,,8,0,0,0,0,4,0,0.0,0,3,2,0.0,0,,127,280,49,False,0,0,0,0,0,4
Wes Burns,MID,Ipswich Town,,0,0,0,0,0.0,311,0.00,0.00,0.00,0.00,34,0,0,0.0,0.0,2026-09-12T14:00:00Z,0,,8,0,0,0,0,4,0,0.0,0,3,2,0.0,0,,0,348,50,False,0,0,0,0,0,4
Jack Taylor,MID,Ipswich Town,,0,0,0,0,0.0,312,0.00,0.00,0.00,0.00,34,0,0,0.0,0.0,2026-09-12T14:00:00Z,0,,8,0,0,0,0,4,0,0.0,0,3,2,0.0,0,,971,2671,44,False,0,0,0,0,0,4
Jack Clarke,MID,Ipswich Town,,0,0,8,0,13.0,313,0.02,0.17,0.15,0.20,34,0,0,3.9,5.0,2026-09-12T14:00:00Z,62,,8,0,0,0,0,4,0,0.2,1,3,2,21.0,1,,5519,15783,54,False,1,0,0,1,1,4
Chiedozie Ogbene,MID,Ipswich Town,,0,0,0,0,0.0,314,0.00,0.00,0.00,0.00,34,0,0,0.0,0.0,2026-09-12T14:00:00Z,0,,8,0,0,0,0,4,0,0.0,0,3,2,0.0,0,,104,1209,49,False,0,0,0,0,0,4
Abdul Fatawu,MID,Ipswich Town,,0,0,6,0,11.3,315,0.05,0.05,0.00,0.20,34,0,0,2.4,6.2,2026-09-12T14:00:00Z,61,,8,0,0,0,0,4,0,0.2,1,3,2,6.0,1,,5366,13515,54,False,1,2,0,3,2,4
Emersonn Correia da Silva,FWD,Ipswich Town,,1,3,45,0,12.4,316,0.05,0.49,0.44,0.20,34,0,1,9.2,46.6,2026-09-12T14:00:00Z,62,,8,0,0,0,0,4,0,3.6,1,3,2,33.0,12,,322152,143680,55,False,0,0,0,2,0,4
George Hirst,FWD,Ipswich Town,,0,0,0,0,0.0,317,0.00,0.00,0.00,0.00,34,0,0,0.0,0.0,2026-09-12T14:00:00Z,0,,8,0,0,0,0,4,0,0.1,0,3,2,0.0,0,,0,17140,50,False,0,0,0,0,0,4
Jaden Philogene,MID,Ipswich Town,,0,0,6,0,0.8,318,0.00,0.01,0.02,0.41,34,0,0,1.3,3.4,2026-09-12T14:00:00Z,28,,8,0,0,0,0,4,0,0.1,0,3,2,9.0,1,,304,9296,54,False,0,0,0,3,0,4
Sam Szmodics,MID,Ipswich Town,,0,0,0,0,0.0,319,0.00,0.00,0.00,0.00,34,0,0,0.0,0.0,2026-09-12T14:00:00Z,0,,8,0,0,0,0,4,0,0.0,0,3,2,0.0,0,,0,761,50,False,0,0,0,0,0,4
Chuba Akpom,FWD,Ipswich Town,,0,0,0,0,0.0,320,0.00,0.00,0.00,0.00,34,0,0,0.0,0.0,2026-09-12T14:00:00Z,0,,8,0,0,0,0,4,0,1.2,0,3,2,0.0,0,,131191,74494,50,False,0,0,0,0,0,4
Sindre Walle Egeli,FWD,Ipswich Town,,0,0,0,0,0.0,321,0.00,0.00,0.00,0.00,34,0,0,0.0,0.0,2026-09-12T14:00:00Z,0,,8,0,0,0,0,4,0,3.5,0,3,2,0.0,0,,332154,212795,45,False,0,0,0,0,0,4
Ali Al-Hamadi,FWD,Ipswich Town,,0,0,0,0,0.0,322,0.00,0.00,0.00,0.00,34,0,0,0.0,0.0,2026-09-12T14:00:00Z,0,,8,0,0,0,0,4,0,0.0,0,3,2,0.0,0,,755,9939,50,False,0,0,0,0,0,4
Kasey McAteer,MID,Ipswich Town,,0,0,0,0,0.0,323,0.00,0.00,0.00,0.00,34,0,0,0.0,0.0,2026-09-12T14:00:00Z,0,,8,0,0,0,0,4,0,1.0,0,3,2,0.0,0,,28415,62646,44,False,0,0,0,0,0,4
Anis Mehmeti,MID,Ipswich Town,,0,0,0,0,0.0,324,0.00,0.00,0.00,0.00,34,0,0,0.0,0.0,2026-09-12T14:00:00Z,0,,8,0,0,0,0,4,0,0.0,0,3,2,0.0,0,,406,2488,48,False,0,0,0,0,0,4
Karl Darlow,GKP,Man Utd,,0,0,0,0,0.0,325,0.00,0.00,0.00,0.00,39,0,0,0.0,0.0,2026-09-13T15:30:00Z,0,,15,0,0,0,0,4,0,0.0,0,1,0,0.0,0,,1071,1612,45,True,0,0,0,0,0,4
Lucas Estella Perri,GKP,Leeds,,0,0,0,0,0.0,326,0.00,0.00,0.00,0.00,40,0,0,0.0,0.0,2026-09-14T19:00:00Z,0,,17,0,0,0,0,4,0,0.3,0,1,4,0.0,0,,532,26572,45,True,0,0,0,0,0,4
Jaka Bijol,DEF,Leeds,,0,0,0,0,0.0,327,0.00,0.00,0.00,0.00,40,0,0,0.0,0.0,2026-09-14T19:00:00Z,0,,17,0,0,0,0,4,0,0.7,0,1,4,0.0,0,,69148,59396,50,True,0,0,0,0,0,4
Pascal Struijk,DEF,Brighton,,0,0,4,0,0.8,328,0.01,0.01,0.00,0.22,38,0,0,1.2,11.2,2026-09-13T13:00:00Z,12,,7,0,0,0,0,4,0,0.2,0,5,0,0.0,1,,5676,12220,49,False,0,4,0,0,0,4
Joe Rodon,DEF,Leeds,,0,0,0,0,0.0,329,0.00,0.00,0.00,0.00,40,0,0,0.0,0.0,2026-09-14T19:00:00Z,0,,17,0,0,0,0,4,0,0.8,0,1,4,0.0,0,,26944,297265,43,True,0,0,0,0,0,4
Jayden Bogle,DEF,Leeds,,0,3,45,1,18.5,330,0.05,0.46,0.41,0.59,40,0,1,13.7,47.8,2026-09-14T19:00:00Z,82,,17,0,0,0,0,4,0,7.3,1,1,4,71.0,15,,660799,87348,46,True,0,1,0,1,2,4
Gabriel Gudmundsson,DEF,Leeds,,0,0,26,1,8.6,331,0.18,0.18,0.00,0.58,40,0,0,2.3,10.0,2026-09-14T19:00:00Z,72,,17,0,0,0,0,4,0,0.1,1,1,4,4.0,6,,4205,2793,45,True,0,1,0,2,3,4
James Justin,DEF,Leeds,,0,0,11,0,25.6,332,0.28,0.28,0.00,0.88,40,0,0,4.8,18.4,2026-09-14T19:00:00Z,90,,17,0,0,0,0,4,0,1.4,1,1,4,4.0,2,,121949,71218,45,True,0,3,0,1,2,4
Sebastiaan Bornauw,DEF,Leeds,,0,0,0,0,0.0,333,0.00,0.00,0.00,0.00,40,0,0,0.0,0.0,2026-09-14T19:00:00Z,0,,17,0,0,0,0,4,0,0.0,0,1,4,0.0,0,,0,300,45,True,0,0,0,0,0,4
Tarik Muharemović,DEF,Leeds,,1,0,27,0,10.5,334,0.02,0.02,0.00,0.88,40,0,0,5.0,37.0,2026-09-14T19:00:00Z,90,,17,0,0,0,0,4,0,4.3,1,1,4,2.0,7,,302086,175017,50,True,0,10,11,5,1,4
Anton Stach,MID,Leeds,,0,0,16,1,40.4,335,0.07,0.50,0.43,0.59,40,0,0,6.4,12.0,2026-09-14T19:00:00Z,87,,17,0,0,0,0,4,0,2.5,1,1,4,12.0,3,,202536,165328,60,True,0,3,0,5,2,4
Noah Okafor,MID,Leeds,,0,1,35,1,17.8,336,0.08,0.15,0.07,0.58,40,0,1,8.0,41.4,2026-09-14T19:00:00Z,71,,17,0,0,0,0,4,0,0.4,1,1,4,21.0,9,,27034,35391,58,True,0,1,0,3,2,4
Brenden Aaronson,MID,Leeds,,0,0,4,0,0.3,337,0.00,0.00,0.00,0.30,40,0,0,0.3,0.2,2026-09-14T19:00:00Z,18,,17,0,0,0,0,4,0,0.5,0,1,4,2.0,1,,6787,48283,53,True,0,0,0,1,0,4
Ethan Ampadu,MID,Leeds,,1,0,25,0,1.7,338,0.02,0.09,0.07,0.88,40,0,0,1.4,8.0,2026-09-14T19:00:00Z,90,,17,0,0,0,0,4,0,0.9,1,1,4,4.0,7,,18185,60932,54,True,0,2,12,9,1,4
Sean Longstaff,MID,Leeds,,0,0,4,0,0.0,339,0.00,0.00,0.00,0.28,40,0,0,0.0,0.0,2026-09-14T19:00:00Z,2,,17,0,0,0,0,4,0,0.1,0,1,4,0.0,1,,2526,8148,48,True,0,0,0,0,0,4
Joe Gelhardt,MID,Hull City,,0,0,0,0,0.0,340,0.00,0.00,0.00,0.00,33,0,0,0.0,0.0,2026-09-12T14:00:00Z,0,,6,0,0,0,0,4,0,0.0,0,2,2,0.0,0,,710,1022,50,False,0,0,0,0,0,4
Wilfried Gnonto,MID,Leeds,,0,0,0,0,0.0,341,0.00,0.00,0.00,0.00,40,0,0,0.0,0.0,2026-09-14T19:00:00Z,0,,17,0,0,0,0,4,0,0.0,0,1,4,0.0,0,,244,1815,50,True,0,0,0,0,0,4
Jack Harrison,MID,Leeds,,0,0,0,0,0.0,342,0.00,0.00,0.00,0.00,40,0,0,0.0,0.0,2026-09-14T19:00:00Z,0,,17,0,0,0,0,4,0,0.0,0,1,4,0.0,0,,0,79,50,True,0,0,0,0,0,4
Daniel James,MID,Leeds,,0,0,4,0,0.0,343,0.00,0.11,0.11,0.28,40,0,0,0.3,0.0,2026-09-14T19:00:00Z,7,,17,0,0,0,0,4,0,0.1,0,1,4,3.0,1,,4173,8036,49,True,0,0,0,2,0,4
Ilia Gruev,MID,Leeds,,0,0,0,0,0.0,344,0.00,0.00,0.00,0.00,40,0,0,0.0,0.0,2026-09-14T19:00:00Z,0,,17,0,0,0,0,4,0,0.0,0,1,4,0.0,0,,130,317,50,True,0,0,0,0,0,4
Tanaka Ao,MID,Leeds,,1,0,24,1,3.1,345,0.03,0.09,0.06,0.58,40,0,0,1.4,9.2,2026-09-14T19:00:00Z,71,,17,0,0,0,0,4,0,0.3,1,1,4,2.0,6,,22905,17643,49,True,0,1,0,2,2,4
Dominic Calvert-Lewin,FWD,Leeds,,1,2,37,0,12.2,346,0.00,0.87,0.87,0.59,40,0,1,13.0,51.0,2026-09-14T19:00:00Z,77,,17,0,0,0,0,4,0,24.8,1,1,4,67.0,10,,1017095,1331454,60,True,1,1,0,4,0,4
Lukas Nmecha,FWD,Leeds,,0,0,4,0,0.3,347,0.01,0.01,0.00,0.28,40,0,0,0.1,0.2,2026-09-14T19:00:00Z,12,,17,0,0,0,0,4,0,0.5,0,1,4,0.0,1,,22332,37313,54,True,0,0,0,1,0,4
Joël Piroe,FWD,Leeds,,0,0,0,0,0.0,348,0.00,0.00,0.00,0.00,40,0,0,0.0,0.0,2026-09-14T19:00:00Z,0,,17,0,0,0,0,4,0,0.1,0,1,4,0.0,0,,0,11248,50,True,0,0,0,0,0,4
Mateo Joseph Fernández-Regatillo,FWD,Leeds,,0,0,0,0,0.0,349,0.00,0.00,0.00,0.00,40,0,0,0.0,0.0,2026-09-14T19:00:00Z,0,,17,0,0,0,0,4,0,0.1,0,1,4,0.0,0,,3128,4488,45,True,0,0,0,0,0,4
Alisson Becker,GKP,Liverpool,,0,2,29,1,0.0,350,0.00,0.00,0.00,0.70,35,0,0,2.1,21.0,2026-09-12T14:00:00Z,90,,10,0,0,0,0,4,3,4.2,1,0,0,0.0,9,,148132,146183,55,True,0,0,0,14,0,4
Giorgi Mamardashvili,GKP,Liverpool,,0,0,0,0,0.0,351,0.00,0.00,0.00,0.00,35,0,0,0.0,0.0,2026-09-12T14:00:00Z,0,,10,0,0,0,0,4,0,0.1,0,0,0,0.0,0,,2883,8673,48,True,0,0,0,0,0,4
Freddie Woodman,GKP,Liverpool,,0,0,0,0,0.0,352,0.00,0.00,0.00,0.00,35,0,0,0.0,0.0,2026-09-12T14:00:00Z,0,,10,0,0,0,0,4,0,1.0,0,0,0,0.0,0,,18327,27336,40,True,0,0,0,0,0,4
Armin Pecsi,GKP,Liverpool,,0,0,0,0,0.0,353,0.00,0.00,0.00,0.00,35,0,0,0.0,0.0,2026-09-12T14:00:00Z,0,,10,0,0,0,0,4,0,0.0,0,0,0,0.0,0,,0,1096,40,True,0,0,0,0,0,4
Vitezslav Jaros,GKP,Liverpool,,0,0,0,0,0.0,354,0.00,0.00,0.00,0.00,35,0,0,0.0,0.0,2026-09-12T14:00:00Z,0,,10,0,0,0,0,4,0,0.0,0,0,0,0.0,0,,1763,1251,40,True,0,0,0,0,0,4
Harvey Davies,GKP,Liverpool,,0,0,0,0,0.0,355,0.00,0.00,0.00,0.00,35,0,0,0.0,0.0,2026-09-12T14:00:00Z,0,,10,0,0,0,0,4,0,0.2,0,0,0,0.0,0,,4761,4268,40,True,0,0,0,0,0,4
Virgil van Dijk,DEF,Liverpool,,0,0,25,1,12.8,356,0.01,0.01,0.00,0.70,35,0,0,3.9,25.8,2026-09-12T14:00:00Z,90,,10,0,0,0,0,4,0,16.2,1,0,0,0.0,8,,280924,619114,65,True,0,10,10,1,0,4
Jeremie Frimpong,DEF,Liverpool,,0,0,12,0,24.9,357,0.12,0.12,0.00,0.10,35,0,0,4.0,13.0,2026-09-12T14:00:00Z,18,,10,0,0,0,0,4,0,1.8,0,0,0,2.0,1,,59069,246675,53,True,0,3,0,1,1,4
Milos Kerkez,DEF,Liverpool,,0,0,6,0,7.1,358,0.01,0.01,0.00,0.30,35,0,0,1.7,9.8,2026-09-12T14:00:00Z,45,,10,0,0,0,0,4,0,2.2,0,0,0,0.0,1,,47791,188535,53,True,0,2,0,0,1,4
Joe Gomez,DEF,Liverpool,,0,0,0,0,0.0,359,0.00,0.00,0.00,0.00,35,0,0,0.0,0.0,2026-09-12T14:00:00Z,0,,10,0,0,0,0,4,0,0.0,0,0,0,0.0,0,,769,1185,49,True,0,0,0,0,0,4
Conor Bradley,DEF,Liverpool,,0,0,0,0,0.0,360,0.00,0.00,0.00,0.00,35,0,0,0.0,0.0,2026-09-12T14:00:00Z,0,,10,0,0,0,0,4,0,0.0,0,0,0,0.0,0,,380,802,50,True,0,0,0,0,0,4
Wellity Lucky,DEF,Liverpool,,0,0,0,0,0.0,361,0.00,0.00,0.00,0.00,35,0,0,0.0,0.0,2026-09-12T14:00:00Z,0,,10,0,0,0,0,4,0,0.1,0,0,0,0.0,0,,3884,5838,40,True,0,0,0,0,0,4
Jeremy Jacquet,DEF,Liverpool,,0,3,36,1,3.3,362,0.02,0.02,0.00,0.70,35,0,0,2.4,20.2,2026-09-12T14:00:00Z,90,,10,0,0,0,0,4,0,3.5,1,0,0,0.0,9,,234812,124489,50,True,0,4,0,5,1,4
Giovanni Leoni,DEF,Liverpool,,0,0,0,0,0.0,363,0.00,0.00,0.00,0.00,35,0,0,0.0,0.0,2026-09-12T14:00:00Z,0,,10,0,0,0,0,4,0,0.0,0,0,0,0.0,0,,870,2122,40,True,0,0,0,0,0,4
Kostas Tsimikas,DEF,Liverpool,,0,0,2,0,1.6,364,0.01,0.01,0.00,0.40,35,0,0,0.4,2.8,2026-09-12T14:00:00Z,45,,10,0,0,0,0,4,0,0.1,1,0,0,0.0,1,,1591,4438,49,True,0,2,0,3,1,4
Calvin Ramsay,DEF,Liverpool,,0,0,0,0,0.0,365,0.00,0.00,0.00,0.00,35,0,0,0.0,0.0,2026-09-12T14:00:00Z,0,,10,0,0,0,0,4,0,0.1,0,0,0,0.0,0,,638,12739,40,True,0,0,0,0,0,4
Florian Wirtz,MID,Liverpool,,0,0,14,1,31.8,366,0.06,0.17,0.11,0.70,35,0,0,5.1,7.6,2026-09-12T14:00:00Z,90,,10,0,0,0,0,4,0,5.7,1,0,0,12.0,3,,134868,767589,73,True,0,2,0,6,1,4
Cody Gakpo,MID,Liverpool,,0,0,3,0,1.3,367,0.02,0.10,0.08,0.16,35,0,0,0.9,0.8,2026-09-12T14:00:00Z,30,,10,0,0,0,0,4,0,12.2,0,0,0,7.0,1,,1338430,732264,72,True,0,0,0,2,0,4
Dominik Szoboszlai,MID,Liverpool,,0,0,25,1,55.7,368,0.28,0.40,0.12,0.70,35,0,0,8.1,16.0,2026-09-12T14:00:00Z,90,,10,0,0,0,0,4,0,32.6,1,0,0,9.0,3,,931403,1696952,69,True,0,3,0,3,0,4
Rio Ngumoha,MID,Liverpool,,0,0,-1,0,0.8,369,0.00,0.11,0.11,0.10,35,0,0,0.3,0.0,2026-09-12T14:00:00Z,18,,10,0,0,0,0,4,0,0.5,0,0,0,4.0,1,,14635,89476,57,True,0,1,0,0,0,4
Federico Chiesa,MID,Liverpool,,0,0,0,0,0.0,370,0.00,0.00,0.00,0.00,35,0,0,0.0,0.0,2026-09-12T14:00:00Z,0,,10,0,0,0,0,4,0,0.0,0,0,0,0.0,0,,682,10096,53,True,0,0,0,0,0,4
Ryan Gravenberch,MID,Liverpool,,0,0,13,0,11.4,371,0.01,0.05,0.04,0.54,35,0,0,3.3,19.6,2026-09-12T14:00:00Z,59,,10,0,0,0,0,4,0,1.1,1,0,0,2.0,1,,35843,130845,58,True,0,7,0,1,2,4
Alexis Mac Allister,MID,Liverpool,,0,0,7,0,22.4,372,0.02,0.04,0.02,0.16,35,0,0,3.6,9.2,2026-09-12T14:00:00Z,30,,10,0,0,0,0,4,0,1.3,0,0,0,4.0,1,,45677,96940,54,True,0,2,0,1,1,4
Curtis Jones,MID,Liverpool,,0,0,0,0,0.0,373,0.00,0.00,0.00,0.00,35,0,0,0.0,0.0,2026-09-12T14:00:00Z,0,,10,0,0,0,0,4,0,0.0,0,0,0,0.0,0,,34,2653,55,True,0,0,0,0,0,4
Endo Wataru,MID,Liverpool,,0,0,0,0,0.0,374,0.00,0.00,0.00,0.00,35,0,0,0.0,0.0,2026-09-12T14:00:00Z,0,,10,0,0,0,0,4,0,0.1,0,0,0,0.0,0,,2335,4833,49,True,0,0,0,0,0,4
Trey Nyoni,MID,Liverpool,,0,0,0,0,0.0,375,0.00,0.00,0.00,0.00,35,0,0,0.0,0.0,2026-09-12T14:00:00Z,0,,10,0,0,0,0,4,0,0.0,0,0,0,0.0,0,,1354,3066,49,True,0,0,0,0,0,4
Stefan Bajčetić Maquieira,MID,Liverpool,,0,0,0,0,0.0,376,0.00,0.00,0.00,0.00,35,0,0,0.0,0.0,2026-09-12T14:00:00Z,0,,10,0,0,0,0,4,0,0.0,0,0,0,0.0,0,,19,107,50,True,0,0,0,0,0,4
Victor Munoz,MID,Liverpool,,0,0,5,0,1.4,377,0.00,0.10,0.10,0.54,35,0,0,4.2,3.4,2026-09-12T14:00:00Z,59,,10,0,0,0,0,4,0,0.9,1,0,0,37.0,1,,117590,102346,65,True,0,0,0,2,0,4
James McConnell,MID,Liverpool,,0,0,0,0,0.0,378,0.00,0.00,0.00,0.00,35,0,0,0.0,0.0,2026-09-12T14:00:00Z,0,,10,0,0,0,0,4,0,0.2,0,0,0,0.0,0,,6968,13038,44,True,0,0,0,0,0,4
Alexander Isak,FWD,Liverpool,,0,0,5,0,2.8,379,0.00,0.50,0.50,0.70,35,0,0,3.2,1.2,2026-09-12T14:00:00Z,90,,10,0,0,0,0,4,0,22.2,1,0,0,28.0,2,,1246105,759317,91,True,0,0,0,1,0,4
Hugo Ekitiké,FWD,Liverpool,,0,0,0,0,0.0,380,0.00,0.00,0.00,0.00,35,0,0,0.0,0.0,2026-09-12T14:00:00Z,0,,10,0,0,0,0,4,0,0.1,0,0,0,0.0,0,,2687,11347,74,True,0,0,0,0,0,4
Lewis Koumas,MID,Liverpool,,0,0,0,0,0.0,381,0.00,0.00,0.00,0.00,35,0,0,0.0,0.0,2026-09-12T14:00:00Z,0,,10,0,0,0,0,4,0,0.0,0,0,0,0.0,0,,855,1401,50,True,0,0,0,0,0,4
Jayden Danns,FWD,Liverpool,,0,0,0,0,0.0,382,0.00,0.00,0.00,0.00,35,0,0,0.0,0.0,2026-09-12T14:00:00Z,0,,10,0,0,0,0,4,0,0.2,0,0,0,0.0,0,,23508,9816,45,True,0,0,0,0,0,4
Harvey Elliott,MID,Liverpool,,0,0,0,0,0.0,383,0.00,0.00,0.00,0.00,35,0,0,0.0,0.0,2026-09-12T14:00:00Z,0,,10,0,0,0,0,4,0,0.0,0,0,0,0.0,0,,907,6160,54,True,0,0,0,0,0,4
Gianluigi Donnarumma,GKP,Man City,,0,0,29,1,0.0,384,0.00,0.00,0.00,1.00,39,0,0,2.1,20.6,2026-09-13T15:30:00Z,90,,16,0,0,0,0,4,3,7.6,1,1,0,0.0,7,,207526,318176,55,False,0,0,0,10,0,4
James Trafford,GKP,Leeds,,0,0,17,0,0.0,385,0.00,0.00,0.00,0.88,40,0,0,2.9,29.0,2026-09-14T19:00:00Z,90,,17,0,0,0,0,4,4,5.5,1,1,4,0.0,3,,266631,160544,50,True,0,4,0,8,0,4
Marcus Bettinelli,GKP,Man City,,0,0,0,0,0.0,386,0.00,0.00,0.00,0.00,39,0,0,0.0,0.0,2026-09-13T15:30:00Z,0,,16,0,0,0,0,4,0,0.0,0,1,0,0.0,0,,576,1127,45,False,0,0,0,0,0,4
Nico O'Reilly,DEF,Man City,,0,0,3,0,0.5,387,0.00,0.00,0.00,0.50,39,0,0,0.1,0.0,2026-09-13T15:30:00Z,8,,16,0,0,0,0,4,0,10.8,0,1,0,0.0,1,,192743,1214707,63,False,0,0,0,1,0,4
Marc Guéhi,DEF,Man City,,0,0,27,1,0.6,388,0.00,0.00,0.00,1.00,39,0,0,1.9,16.6,2026-09-13T15:30:00Z,90,,16,0,0,0,0,4,0,18.2,1,1,0,2.0,6,,507008,466945,60,False,0,7,0,3,0,4
Matheus Nunes,DEF,Man City,,0,1,34,1,1.5,389,0.01,0.01,0.00,1.00,39,0,0,3.3,31.2,2026-09-13T15:30:00Z,90,,16,0,0,0,0,4,0,1.0,1,1,0,0.0,9,,14925,74265,59,False,0,9,11,8,2,4
Rúben dos Santos Gato Alves Dias,DEF,Man City,,0,0,24,1,0.2,390,0.00,0.00,0.00,1.00,39,0,0,2.0,17.4,2026-09-13T15:30:00Z,90,,16,0,0,0,0,4,0,1.9,1,1,0,2.0,6,,67559,74341,55,False,0,7,0,2,0,4
Joško Gvardiol,DEF,Man City,,1,3,36,1,1.1,391,0.00,0.02,0.02,1.00,39,0,0,2.2,16.4,2026-09-13T15:30:00Z,90,,16,0,0,0,0,4,0,26.9,1,1,0,4.0,11,,1838108,420167,57,False,1,3,0,3,4,4
Rayan Aït-Nouri,DEF,Man City,,0,0,0,0,0.0,392,0.00,0.00,0.00,0.00,39,0,0,0.0,0.0,2026-09-13T15:30:00Z,0,,16,0,0,0,0,4,0,0.4,0,1,0,0.0,0,,7908,61705,52,False,0,0,0,0,0,4
Abdukodir Khusanov,DEF,Man City,,0,0,0,0,0.0,393,0.00,0.00,0.00,0.00,39,0,0,0.0,0.0,2026-09-13T15:30:00Z,0,,16,0,0,0,0,4,0,1.4,0,1,0,0.0,0,,26948,81022,54,False,0,0,0,0,0,4
Max Alleyne,DEF,Man City,,0,0,0,0,0.0,394,0.00,0.00,0.00,0.00,39,0,0,0.0,0.0,2026-09-13T15:30:00Z,0,,16,0,0,0,0,4,0,0.0,0,1,0,0.0,0,,0,618,50,False,0,0,0,0,0,4
Rico Lewis,DEF,Man City,,0,0,0,0,0.0,395,0.00,0.00,0.00,0.00,39,0,0,0.0,0.0,2026-09-13T15:30:00Z,0,,16,0,0,0,0,4,0,0.2,0,1,0,0.0,0,,8287,16324,44,False,0,0,0,0,0,4
Vitor de Oliveira Nunes dos Reis,DEF,Man City,,0,0,0,0,0.0,396,0.00,0.00,0.00,0.00,39,0,0,0.0,0.0,2026-09-13T15:30:00Z,0,,16,0,0,0,0,4,0,0.0,0,1,0,0.0,0,,557,1184,45,False,0,0,0,0,0,4
Antoine Semenyo,MID,Man City,,0,0,7,1,16.1,397,0.06,0.06,0.00,1.00,39,0,0,2.4,2.2,2026-09-13T15:30:00Z,90,,16,0,0,0,0,4,0,15.2,1,1,0,6.0,3,,318882,1222382,84,False,0,0,0,2,1,4
Phil Foden,MID,Man City,,0,0,-4,0,12.1,398,0.02,0.02,0.00,0.10,39,0,0,1.6,0.0,2026-09-13T15:30:00Z,22,,16,0,0,0,1,4,0,1.8,1,1,0,6.0,-2,,303475,567701,69,False,0,0,0,0,0,4
Rayan Cherki,MID,Man City,,0,0,4,0,6.6,399,0.06,0.09,0.03,0.20,39,0,0,1.2,1.6,2026-09-13T15:30:00Z,45,,16,0,0,0,0,4,0,28.4,1,1,0,4.0,1,,2680091,963636,78,False,0,1,0,0,0,4
Jérémy Doku,MID,Man City,,0,0,0,0,0.0,400,0.00,0.00,0.00,0.00,39,0,0,0.0,0.0,2026-09-13T15:30:00Z,0,,16,0,0,0,0,4,0,0.7,0,1,0,0.0,0,,6358,128329,74,False,0,0,0,0,0,4
Omar Marmoush,FWD,Spurs,,0,0,9,0,11.6,401,0.03,0.05,0.02,1.08,37,0,0,2.9,3.2,2026-09-12T16:30:00Z,76,,9,0,0,0,0,4,0,2.1,1,0,0,14.0,2,,235577,164120,70,True,0,0,0,5,0,4
Rodrigo 'Rodri' Hernandez Cascante,MID,Man City,,0,0,0,0,0.0,402,0.00,0.00,0.00,0.00,39,0,0,0.0,0.0,2026-09-13T15:30:00Z,0,,16,0,0,0,0,4,0,0.0,0,1,0,0.0,0,,0,1231,65,False,0,0,0,0,0,4
Sávio Moreira de Oliveira,MID,Spurs,,0,0,22,1,53.7,403,0.26,0.36,0.10,1.11,37,0,0,10.3,20.8,2026-09-12T16:30:00Z,90,,9,0,0,0,0,4,0,0.6,1,0,0,28.0,3,,100101,80156,65,True,0,1,0,5,0,4
Tijjani Reijnders,MID,Man City,,0,0,0,0,0.0,404,0.00,0.00,0.00,0.00,39,0,0,0.0,0.0,2026-09-13T15:30:00Z,0,,16,0,0,0,0,4,0,0.0,0,1,0,0.0,0,,0,8191,60,False,0,0,0,0,0,4
Nico González Iglesias,MID,Newcastle,,0,0,3,0,0.1,405,0.00,0.00,0.00,0.27,40,0,0,0.0,0.0,2026-09-14T19:00:00Z,18,,13,0,0,0,0,4,0,0.2,1,1,4,0.0,1,,18134,17056,55,False,0,0,0,1,0,4
Mateo Kovačić,MID,Man City,,0,0,0,0,0.0,406,0.00,0.00,0.00,0.00,39,0,0,0.0,0.0,2026-09-13T15:30:00Z,0,,16,0,0,0,0,4,0,0.1,0,1,0,0.0,0,,2264,6319,53,False,0,0,0,0,0,4
Claudio Echeverri,MID,Man City,,0,0,0,0,0.0,407,0.00,0.00,0.00,0.00,39,0,0,0.0,0.0,2026-09-13T15:30:00Z,0,,16,0,0,0,0,4,0,0.0,0,1,0,0.0,0,,250,1346,49,False,0,0,0,0,0,4
Kalvin Phillips,MID,Man City,,0,0,0,0,0.0,408,0.00,0.00,0.00,0.00,39,0,0,0.0,0.0,2026-09-13T15:30:00Z,0,,16,0,0,0,0,4,0,0.0,0,1,0,0.0,0,,0,572,50,False,0,0,0,0,0,4
Divine Mukasa,MID,Man City,,0,0,0,0,0.0,409,0.00,0.00,0.00,0.00,39,0,0,0.0,0.0,2026-09-13T15:30:00Z,0,,16,0,0,0,0,4,0,0.1,0,1,0,0.0,0,,1621,12208,45,False,0,0,0,0,0,4
Jeremy Monga,MID,Man City,,0,0,0,0,0.0,410,0.00,0.00,0.00,0.00,39,0,0,0.0,0.0,2026-09-13T15:30:00Z,0,,16,0,0,0,0,4,0,0.0,0,1,0,0.0,0,,219,1274,49,False,0,0,0,0,0,4
Erling Haaland,FWD,Man City,,0,3,36,0,1.6,411,0.01,0.88,0.87,1.00,39,0,1,7.3,34.0,2026-09-13T15:30:00Z,90,,16,0,0,0,0,4,0,73.9,1,1,0,37.0,9,,929667,324902,156,False,0,0,0,3,0,4
Senne Lammens,GKP,Man Utd,,0,0,5,0,0.0,412,0.00,0.00,0.00,1.10,39,0,0,0.7,6.6,2026-09-13T15:30:00Z,90,,15,0,0,0,0,4,0,9.9,1,1,0,0.0,2,,99522,689793,49,True,0,1,0,5,0,4
Altay Bayındır,GKP,Man Utd,,0,0,0,0,0.0,413,0.00,0.00,0.00,0.00,39,0,0,0.0,0.0,2026-09-13T15:30:00Z,0,,15,0,0,0,0,4,0,0.0,0,1,0,0.0,0,,0,1153,45,True,0,0,0,0,0,4
Tom Heaton,GKP,Man Utd,,0,0,0,0,0.0,414,0.00,0.00,0.00,0.00,39,0,0,0.0,0.0,2026-09-13T15:30:00Z,0,,15,0,0,0,0,4,0,0.1,0,1,0,0.0,0,,2135,3581,40,True,0,0,0,0,0,4
Patrick Dorgu,MID,Man Utd,,0,0,19,0,18.7,415,0.03,0.03,0.00,1.10,39,0,0,4.2,19.6,2026-09-13T15:30:00Z,90,,15,0,0,0,0,4,0,0.5,1,1,0,4.0,4,,14005,98117,58,True,0,3,12,3,6,4
Matthijs de Ligt,DEF,Man Utd,,0,0,0,0,0.0,416,0.00,0.00,0.00,0.00,39,0,0,0.0,0.0,2026-09-13T15:30:00Z,0,,15,0,0,0,0,4,0,0.0,0,1,0,0.0,0,,466,1564,49,True,0,0,0,0,0,4
Diogo Dalot Teixeira,DEF,Man Utd,,0,0,9,0,16.5,417,0.05,0.07,0.02,1.10,39,0,0,2.6,6.2,2026-09-13T15:30:00Z,90,,15,0,0,0,0,4,0,1.6,1,1,0,3.0,2,,26194,136435,49,True,0,2,0,9,1,4
Harry Maguire,DEF,Man Utd,,0,0,4,0,1.6,418,0.01,0.13,0.12,1.10,39,0,0,2.2,9.4,2026-09-13T15:30:00Z,90,,15,0,0,0,0,4,0,8.6,1,1,0,11.0,1,,138730,1007571,48,True,1,4,0,6,1,4
Lisandro Martínez,DEF,Man Utd,,0,0,14,0,3.4,419,0.08,0.11,0.03,1.10,39,0,0,3.1,20.2,2026-09-13T15:30:00Z,90,,15,0,0,0,0,4,0,1.3,1,1,0,7.0,2,,36830,67604,49,True,0,3,0,5,3,4
Leny Yoro,DEF,Man Utd,,0,0,0,0,0.0,420,0.00,0.00,0.00,0.00,39,0,0,0.0,0.0,2026-09-13T15:30:00Z,0,,15,0,0,0,0,4,0,0.5,0,1,0,0.0,0,,5274,36127,48,True,0,0,0,0,0,4
Ayden Heaven,DEF,Man Utd,,0,0,0,0,0.0,421,0.00,0.00,0.00,0.00,39,0,0,0.0,0.0,2026-09-13T15:30:00Z,0,,15,0,0,0,0,4,0,0.3,0,1,0,0.0,0,,6032,24140,43,True,0,0,0,0,0,4
Noussair Mazraoui,DEF,Man Utd,,0,0,0,0,0.0,422,0.00,0.00,0.00,0.00,39,0,0,0.0,0.0,2026-09-13T15:30:00Z,0,,15,0,0,0,0,4,0,0.5,0,1,0,0.0,0,,14396,41091,44,True,0,0,0,0,0,4
Luke Shaw,DEF,Man Utd,,0,0,0,0,0.0,423,0.00,0.00,0.00,0.00,39,0,0,0.0,0.0,2026-09-13T15:30:00Z,0,,15,0,0,0,0,4,0,7.6,0,1,0,0.0,0,,101567,1311589,43,True,0,0,0,0,0,4
Harry Amass,DEF,Man Utd,,0,0,0,0,0.0,424,0.00,0.00,0.00,0.00,39,0,0,0.0,0.0,2026-09-13T15:30:00Z,0,,15,0,0,0,0,4,0,0.2,0,1,0,0.0,0,,6344,8859,40,True,0,0,0,0,0,4
Tyler Fredricson,DEF,Man Utd,,0,0,0,0,0.0,425,0.00,0.00,0.00,0.00,39,0,0,0.0,0.0,2026-09-13T15:30:00Z,0,,15,0,0,0,0,4,0,0.0,0,1,0,0.0,0,,0,1321,40,True,0,0,0,0,0,4
Bruno Borges Fernandes,MID,Man Utd,,0,0,17,0,31.4,426,0.33,0.36,0.03,1.10,39,0,0,5.5,17.0,2026-09-13T15:30:00Z,90,,15,0,0,0,0,4,0,38.4,1,1,0,7.0,2,,661081,1858755,119,True,0,1,0,4,2,4
Bryan Mbeumo,MID,Man Utd,,0,0,9,0,32.8,427,0.08,0.57,0.49,1.10,39,0,0,6.8,11.2,2026-09-13T15:30:00Z,90,,15,0,0,0,0,4,0,20.5,1,1,0,24.0,2,,468279,2023689,79,True,0,1,0,3,1,4
Matheus Santos Carneiro da Cunha,MID,Man Utd,,0,0,8,0,14.3,428,0.03,0.14,0.11,1.10,39,0,0,3.2,2.4,2026-09-13T15:30:00Z,90,,15,0,0,0,0,4,0,5.8,1,1,0,15.0,2,,98173,511145,79,True,0,0,0,1,1,4
Marcus Rashford,MID,Man Utd,,0,0,6,0,14.1,429,0.08,0.20,0.12,1.08,39,0,0,4.9,5.4,2026-09-13T15:30:00Z,82,,15,0,0,0,0,4,0,1.4,1,1,0,29.0,2,,85302,129946,70,True,0,2,0,2,1,4
Mason Mount,MID,Man Utd,,0,0,0,0,0.0,430,0.00,0.00,0.00,0.00,39,0,0,0.0,0.0,2026-09-13T15:30:00Z,0,,15,0,0,0,0,4,0,0.0,0,1,0,0.0,0,,924,1983,54,True,0,0,0,0,0,4
Amad Diallo,MID,Man Utd,,0,0,0,0,0.0,431,0.00,0.00,0.00,0.00,39,0,0,0.0,0.0,2026-09-13T15:30:00Z,0,,15,0,0,0,0,4,0,0.3,0,1,0,0.0,0,,2183,123685,57,True,0,0,0,0,0,4
Kobbie Mainoo,MID,Man Utd,,0,0,20,0,37.2,432,0.07,0.10,0.03,1.10,39,0,0,5.8,19.8,2026-09-13T15:30:00Z,90,,15,0,0,0,0,4,0,1.6,1,1,0,1.0,4,,95031,68520,55,True,0,4,13,9,0,4
Manuel Ugarte Ribeiro,MID,Man Utd,,0,0,0,0,0.0,433,0.00,0.00,0.00,0.00,39,0,0,0.0,0.0,2026-09-13T15:30:00Z,0,,15,0,0,0,0,4,0,0.0,0,1,0,0.0,0,,121,266,50,True,0,0,0,0,0,4
Jack Fletcher,MID,Man Utd,,0,0,0,0,0.0,434,0.00,0.00,0.00,0.00,39,0,0,0.0,0.0,2026-09-13T15:30:00Z,0,,15,0,0,0,0,4,0,0.0,0,1,0,0.0,0,,327,707,49,True,0,0,0,0,0,4
Shea Lacey,MID,Man Utd,,0,0,0,0,0.0,435,0.00,0.00,0.00,0.00,39,0,0,0.0,0.0,2026-09-13T15:30:00Z,0,,15,0,0,0,0,4,0,0.1,0,1,0,0.0,0,,1744,3341,49,True,0,0,0,0,0,4
Toby Collyer,MID,Man Utd,,0,0,0,0,0.0,436,0.00,0.00,0.00,0.00,39,0,0,0.0,0.0,2026-09-13T15:30:00Z,0,,15,0,0,0,0,4,0,0.0,0,1,0,0.0,0,,150,1056,50,True,0,0,0,0,0,4
Bendito Mantato,MID,Man Utd,,0,0,0,0,0.0,437,0.00,0.00,0.00,0.00,39,0,0,0.0,0.0,2026-09-13T15:30:00Z,0,,15,0,0,0,0,4,0,0.2,0,1,0,0.0,0,,5159,9710,44,True,0,0,0,0,0,4
Tyler Fletcher,MID,Man Utd,,0,0,0,0,0.0,438,0.00,0.00,0.00,0.00,39,0,0,0.0,0.0,2026-09-13T15:30:00Z,0,,15,0,0,0,0,4,0,0.3,0,1,0,0.0,0,,10705,16994,44,True,0,0,0,0,0,4
Benjamin Sesko,FWD,Man Utd,,0,0,4,0,0.7,439,0.00,0.06,0.06,0.57,39,0,0,0.6,1.2,2026-09-13T15:30:00Z,23,,15,0,0,0,0,4,0,1.6,0,1,0,4.0,1,,104163,135072,70,True,0,0,0,2,0,4
Joshua Zirkzee,FWD,Man Utd,,0,0,4,0,4.8,440,0.01,0.01,0.00,0.02,39,0,0,0.9,4.4,2026-09-13T15:30:00Z,7,,15,0,0,0,0,4,0,0.4,0,1,0,0.0,1,,15985,43847,53,True,0,1,0,2,0,4
Chido Obi,FWD,Man Utd,,0,0,0,0,0.0,441,0.00,0.00,0.00,0.00,39,0,0,0.0,0.0,2026-09-13T15:30:00Z,0,,15,0,0,0,0,4,0,0.9,0,1,0,0.0,0,,45543,74737,45,True,0,0,0,0,0,4
Nick Pope,GKP,Newcastle,,0,0,0,0,0.0,442,0.00,0.00,0.00,0.00,40,0,0,0.0,0.0,2026-09-14T19:00:00Z,0,,13,0,0,0,0,4,0,0.9,0,1,4,0.0,0,,13411,54024,49,False,0,0,0,0,0,4
Mark Gillespie,GKP,Newcastle,,0,0,0,0,0.0,443,0.00,0.00,0.00,0.00,40,0,0,0.0,0.0,2026-09-14T19:00:00Z,0,,13,0,0,0,0,4,0,0.0,0,1,4,0.0,0,,771,1211,45,False,0,0,0,0,0,4
Ewen Jaouen,GKP,Newcastle,,0,0,0,0,0.0,444,0.00,0.00,0.00,0.00,40,0,0,0.0,0.0,2026-09-14T19:00:00Z,0,,13,0,0,0,0,4,0,0.0,0,1,4,0.0,0,,453,1530,44,False,0,0,0,0,0,4
Malick Thiaw,DEF,Newcastle,,0,0,-6,0,0.9,445,0.00,0.00,0.00,2.08,40,4,0,2.4,22.6,2026-09-14T19:00:00Z,90,,13,0,0,0,0,4,0,2.2,1,1,4,0.0,2,,178717,123809,50,False,0,11,11,1,0,4
Fabian Schär,DEF,Newcastle,,0,0,0,0,0.0,446,0.00,0.00,0.00,0.00,40,0,0,0.0,0.0,2026-09-14T19:00:00Z,0,,13,0,0,0,0,4,0,0.2,0,1,4,0.0,0,,7112,13905,49,False,0,0,0,0,0,4
Sven Botman,DEF,Newcastle,,0,0,2,0,0.3,447,0.00,0.00,0.00,2.08,40,4,0,3.2,31.2,2026-09-14T19:00:00Z,90,,13,0,0,0,0,4,0,0.7,1,1,4,0.0,2,,47890,28578,50,False,0,15,17,4,2,4
Dan Burn,DEF,Newcastle,,0,0,0,0,0.0,448,0.00,0.00,0.00,0.00,40,0,0,0.0,0.0,2026-09-14T19:00:00Z,0,,13,0,0,0,0,4,0,0.7,0,1,4,0.0,0,,7337,161053,48,False,0,0,0,0,0,4
Lewis Hall,DEF,Newcastle,,0,0,9,0,3.9,449,0.01,0.03,0.02,2.08,40,4,0,3.2,21.0,2026-09-14T19:00:00Z,90,,13,0,0,0,0,4,0,17.4,1,1,4,7.0,0,,1674374,350956,53,False,0,2,0,4,4,4
Tino Livramento,DEF,Newcastle,,1,0,9,0,3.8,450,0.01,0.01,0.00,0.16,40,0,0,1.3,4.8,2026-09-14T19:00:00Z,32,,13,0,0,0,0,4,0,0.1,0,1,4,4.0,3,,10253,6032,49,False,1,1,0,4,2,4
Alex Murphy,DEF,Newcastle,,0,0,0,0,0.0,451,0.00,0.00,0.00,0.00,40,0,0,0.0,0.0,2026-09-14T19:00:00Z,0,,13,0,0,0,0,4,0,0.1,0,1,4,0.0,0,,0,6964,40,False,0,0,0,0,0,4
Bruno Guimarães Rodriguez Moura,MID,Arsenal,,0,1,29,0,3.9,452,0.14,0.23,0.09,1.57,36,0,1,5.0,35.4,2026-09-12T19:00:00Z,45,,20,0,0,0,0,4,0,1.8,0,2,0,11.0,7,,31275,245199,67,False,0,1,0,1,1,4
Harvey Barnes,MID,Newcastle,,0,0,13,0,16.8,453,0.31,0.60,0.29,2.08,40,0,0,5.9,12.2,2026-09-14T19:00:00Z,90,,13,0,0,0,0,4,0,5.9,1,1,4,30.0,2,,643905,153716,61,False,0,3,0,3,0,4
Anthony Elanga,MID,Newcastle,,0,0,0,0,0.0,454,0.00,0.00,0.00,0.00,40,0,0,0.0,0.0,2026-09-14T19:00:00Z,0,,13,0,0,0,0,4,0,4.5,0,1,4,0.0,0,,1286184,1092759,61,False,0,0,0,0,0,4
Sandro Tonali,MID,Spurs,,0,0,16,1,30.7,455,0.31,0.40,0.09,1.11,37,0,0,4.9,12.2,2026-09-12T16:30:00Z,90,,9,0,0,0,0,4,0,1.8,1,0,0,6.0,3,,48060,270436,53,True,0,5,0,6,0,4
Jacob Ramsey,MID,Newcastle,,0,0,0,0,0.0,456,0.00,0.00,0.00,0.00,40,0,0,0.0,0.0,2026-09-14T19:00:00Z,0,,13,0,0,0,0,4,0,0.2,0,1,4,0.0,0,,16624,31139,49,False,0,0,0,0,0,4
Jacob Murphy,MID,Newcastle,,0,0,2,0,3.7,457,0.14,0.14,0.00,1.91,40,0,0,0.7,1.2,2026-09-14T19:00:00Z,56,,13,0,0,0,0,4,0,0.1,1,1,4,2.0,0,,6128,11025,59,False,1,0,0,3,1,4
Joelinton Cássio Apolinário de Lira,MID,Newcastle,,0,0,0,0,0.0,458,0.00,0.00,0.00,0.00,40,0,0,0.0,0.0,2026-09-14T19:00:00Z,0,,13,0,0,0,0,4,0,0.0,0,1,4,0.0,0,,232,2249,54,False,0,0,0,0,0,4
Lewis Miley,MID,Newcastle,,0,0,9,0,4.5,459,0.03,0.03,0.00,1.97,40,0,0,1.1,6.6,2026-09-14T19:00:00Z,79,,13,1,0,0,0,4,0,0.1,1,1,4,0.0,0,,6356,5575,55,False,0,3,0,6,1,4
Joe Willock,MID,Newcastle,,0,0,8,0,13.3,460,0.06,0.18,0.12,0.16,40,0,0,3.9,7.6,2026-09-14T19:00:00Z,32,,13,0,0,0,0,4,0,0.6,0,1,4,18.0,1,,65089,30995,50,False,0,1,0,2,1,4
Bazoumana Touré,MID,Newcastle,,0,0,24,0,5.3,461,0.01,0.29,0.28,0.16,40,0,1,6.3,36.6,2026-09-14T19:00:00Z,33,,13,0,0,0,0,4,0,0.1,0,1,4,21.0,6,,3731,16508,58,False,0,0,0,2,0,4
Sean Steur,MID,Newcastle,,0,0,14,0,20.2,462,0.03,0.03,0.00,1.81,40,0,0,3.2,12.0,2026-09-14T19:00:00Z,71,,13,0,0,0,0,4,0,0.1,0,1,4,0.0,2,,2435,6209,49,False,0,3,0,2,2,4
Nick Woltemade,FWD,Newcastle,,0,0,0,0,0.0,463,0.00,0.00,0.00,0.00,40,0,0,0.0,0.0,2026-09-14T19:00:00Z,0,,13,0,0,0,0,4,0,0.5,0,1,4,0.0,0,,14520,142362,59,False,0,0,0,0,0,4
Yoane Wissa,FWD,Newcastle,,0,0,3,0,21.5,464,0.00,0.16,0.16,2.08,40,0,0,3.6,2.2,2026-09-14T19:00:00Z,90,,13,0,0,0,0,4,0,18.7,1,1,4,12.0,2,,2291030,734245,62,False,0,2,0,2,1,4
William Osula,FWD,Newcastle,,0,0,0,0,0.0,465,0.00,0.00,0.00,0.00,40,0,0,0.0,0.0,2026-09-14T19:00:00Z,0,,13,0,0,0,0,4,0,0.3,0,1,4,0.0,0,,21459,86855,58,False,0,0,0,0,0,4
Sean Neave,FWD,Newcastle,,0,0,0,0,0.0,466,0.00,0.00,0.00,0.00,40,0,0,0.0,0.0,2026-09-14T19:00:00Z,0,,13,0,0,0,0,4,0,0.5,0,1,4,0.0,0,,23805,52711,45,False,0,0,0,0,0,4
Matz Sels,GKP,Nott'm Forest,,0,0,19,0,0.0,467,0.00,0.00,0.00,0.82,31,0,0,3.5,35.0,2026-09-12T14:00:00Z,90,,2,0,0,0,0,4,5,1.6,1,2,1,0.0,3,,68406,62587,50,False,0,2,0,11,0,4
John Victor Maciel Furtado,GKP,Nott'm Forest,,0,0,0,0,0.0,468,0.00,0.00,0.00,0.00,31,0,0,0.0,0.0,2026-09-12T14:00:00Z,0,,2,0,0,0,0,4,0,0.1,0,2,1,0.0,0,,873,2026,45,False,0,0,0,0,0,4
Neco Williams,DEF,Nott'm Forest,,0,0,9,0,19.9,469,0.16,0.36,0.20,0.82,31,0,0,3.9,8.8,2026-09-12T14:00:00Z,90,,2,0,0,0,0,4,0,8.7,1,2,1,10.0,2,,326358,354866,50,False,0,2,0,1,1,4
Felipe Rodrigues da Silva,DEF,Nott'm Forest,,0,0,0,0,0.0,470,0.00,0.00,0.00,0.00,31,0,0,0.0,0.0,2026-09-12T14:00:00Z,0,,2,0,0,0,0,4,0,0.0,0,2,1,0.0,0,,424,3704,50,False,0,0,0,0,0,4
Nikola Milenković,DEF,Nott'm Forest,,0,0,0,0,0.0,471,0.00,0.00,0.00,0.00,31,0,0,0.0,0.0,2026-09-12T14:00:00Z,0,,2,0,0,0,0,4,0,1.0,0,2,1,0.0,0,,18001,108027,54,False,0,0,0,0,0,4
Murillo Costa dos Santos,DEF,Nott'm Forest,,1,0,18,0,10.9,472,0.01,0.01,0.00,0.82,31,0,0,4.4,33.0,2026-09-12T14:00:00Z,90,,2,0,0,0,0,4,0,2.1,1,2,1,0.0,6,,104710,61996,55,False,1,10,12,6,2,4
Ola Aina,DEF,Nott'm Forest,,0,0,11,0,1.7,473,0.01,0.01,0.00,0.82,31,0,0,1.9,17.4,2026-09-12T14:00:00Z,90,,2,0,0,0,0,4,0,2.4,1,2,1,0.0,2,,69235,171141,44,False,0,5,0,2,3,4
Jair Paula da Cunha Filho,DEF,Nott'm Forest,,0,0,0,0,0.0,474,0.00,0.00,0.00,0.00,31,0,0,0.0,0.0,2026-09-12T14:00:00Z,0,,2,0,0,0,0,4,0,0.2,0,2,1,0.0,0,,9789,13197,45,False,0,0,0,0,0,4
Nicolò Savona,DEF,Nott'm Forest,,0,0,0,0,0.0,475,0.00,0.00,0.00,0.00,31,0,0,0.0,0.0,2026-09-12T14:00:00Z,0,,2,0,0,0,0,4,0,0.0,0,2,1,0.0,0,,241,278,45,False,0,0,0,0,0,4
Omar Richards,DEF,Nott'm Forest,,0,0,0,0,0.0,476,0.00,0.00,0.00,0.00,31,0,0,0.0,0.0,2026-09-12T14:00:00Z,0,,2,0,0,0,0,4,0,0.2,0,2,1,0.0,0,,4026,8327,40,False,0,0,0,0,0,4
Zach Abbott,DEF,Nott'm Forest,,0,0,0,0,0.0,477,0.00,0.00,0.00,0.00,31,0,0,0.0,0.0,2026-09-12T14:00:00Z,0,,2,0,0,0,0,4,0,0.1,0,2,1,0.0,0,,2459,13942,40,False,0,0,0,0,0,4
Luca Netz,DEF,Nott'm Forest,,0,0,0,0,0.0,478,0.00,0.00,0.00,0.00,31,0,0,0.0,0.0,2026-09-12T14:00:00Z,0,,2,0,0,0,0,4,0,0.0,0,2,1,0.0,0,,691,1593,44,False,0,0,0,0,0,4
Tyler Bindon,DEF,Nott'm Forest,,0,0,0,0,0.0,479,0.00,0.00,0.00,0.00,31,0,0,0.0,0.0,2026-09-12T14:00:00Z,0,,2,0,0,0,0,4,0,0.1,0,2,1,0.0,0,,799,8686,40,False,0,0,0,0,0,4
Morgan Gibbs-White,MID,Nott'm Forest,,1,3,42,0,98.5,480,0.91,1.07,0.16,0.82,31,0,0,16.4,39.0,2026-09-12T14:00:00Z,90,,2,0,0,0,0,4,0,15.7,1,2,1,26.0,8,,1215040,672085,80,False,0,0,0,3,1,4
Elliot Anderson,MID,Man City,,0,0,18,1,3.3,481,0.01,0.01,0.00,1.00,39,0,0,1.9,15.2,2026-09-13T15:30:00Z,90,,16,0,0,0,0,4,0,4.0,1,1,0,0.0,5,,105851,447156,63,False,0,5,14,6,3,4
Callum Hudson-Odoi,MID,Nott'm Forest,,0,0,0,0,0.0,482,0.00,0.00,0.00,0.00,31,0,0,0.0,0.0,2026-09-12T14:00:00Z,0,,2,0,0,0,0,4,0,0.1,0,2,1,0.0,0,,5290,17608,58,False,0,0,0,0,0,4
Dan Ndoye,MID,Nott'm Forest,,0,0,1,0,12.5,483,0.25,0.95,0.70,0.73,31,0,0,4.7,0.0,2026-09-12T14:00:00Z,74,,2,0,0,0,0,4,0,0.7,1,2,1,38.0,1,,72420,49641,55,False,1,0,0,2,0,4
Omari Hutchinson,MID,Nott'm Forest,,0,0,0,0,0.0,484,0.00,0.00,0.00,0.00,31,0,0,0.0,0.0,2026-09-12T14:00:00Z,0,,2,0,0,0,0,4,0,0.1,0,2,1,0.0,0,,427,11021,54,False,0,0,0,0,0,4
Dilane Bakwa,MID,Nott'm Forest,,0,0,0,0,0.0,485,0.00,0.00,0.00,0.00,31,0,0,0.0,0.0,2026-09-12T14:00:00Z,0,,2,0,0,0,0,4,0,0.0,0,2,1,0.0,0,,107,1179,55,False,0,0,0,0,0,4
James McAtee,MID,Nott'm Forest,,0,0,18,0,27.3,486,0.38,0.41,0.03,0.73,31,0,0,5.2,14.8,2026-09-12T14:00:00Z,81,,2,0,0,0,0,4,0,0.1,1,2,1,10.0,3,,10019,5996,55,False,1,4,12,5,3,4
Nicolás Domínguez,MID,Nott'm Forest,,0,0,0,0,0.0,487,0.00,0.00,0.00,0.00,31,0,0,0.0,0.0,2026-09-12T14:00:00Z,0,,2,0,0,0,0,4,0,0.1,0,2,1,0.0,0,,1201,4109,49,False,0,0,0,0,0,4
Ibrahim Sangaré,MID,Nott'm Forest,,0,0,2,0,0.4,488,0.01,0.07,0.06,0.09,31,0,0,0.5,2.4,2026-09-12T14:00:00Z,8,,2,0,0,0,0,4,0,0.4,0,2,1,2.0,1,,9228,68851,48,False,0,1,0,0,1,4
Ryan Yates,MID,Nott'm Forest,,0,0,0,0,0.0,489,0.00,0.00,0.00,0.00,31,0,0,0.0,0.0,2026-09-12T14:00:00Z,0,,2,0,0,0,0,4,0,1.2,0,2,1,0.0,0,,30269,94058,45,False,0,0,0,0,0,4
Chris Wood,FWD,Nott'm Forest,,0,0,3,0,0.0,490,0.00,0.00,0.00,0.09,31,0,0,0.0,0.0,2026-09-12T14:00:00Z,1,,2,0,0,0,0,4,0,0.9,0,2,1,0.0,1,,24769,116656,58,False,0,0,0,0,0,4
Igor Jesus Maciel da Cruz,FWD,Nott'm Forest,,0,2,34,0,11.0,491,0.01,0.14,0.13,0.09,31,0,1,6.4,36.4,2026-09-12T14:00:00Z,15,,2,0,0,0,0,4,0,2.6,0,2,1,17.0,7,,126987,271705,58,False,0,0,0,3,0,4
Taiwo Awoniyi,FWD,Coventry City,,0,0,-5,0,10.9,492,0.01,0.07,0.06,1.37,38,0,0,1.9,0.0,2026-09-13T13:00:00Z,52,,5,0,0,0,1,4,0,0.4,1,5,0,10.0,-2,,21351,65082,54,True,0,0,0,1,1,4
Arnaud Kalimuendo,FWD,Nott'm Forest,,0,0,0,0,0.0,493,0.00,0.00,0.00,0.00,31,0,0,0.0,0.0,2026-09-12T14:00:00Z,0,,2,0,0,0,0,4,0,0.1,0,2,1,0.0,0,,3054,4139,54,False,0,0,0,0,0,4
Guglielmo Vicario,GKP,Spurs,,0,0,0,0,0.0,494,0.00,0.00,0.00,0.00,37,0,0,0.0,0.0,2026-09-12T16:30:00Z,0,,9,0,0,0,0,4,0,0.1,0,0,0,0.0,0,,0,22135,45,True,0,0,0,0,0,4
Brandon Austin,GKP,Spurs,,0,0,0,0,0.0,495,0.00,0.00,0.00,0.00,37,0,0,0.0,0.0,2026-09-12T16:30:00Z,0,,9,0,0,0,0,4,0,1.0,0,0,0,0.0,0,,29710,21971,40,True,0,0,0,0,0,4
Antonín Kinský,GKP,Spurs,,0,0,29,1,0.0,496,0.00,0.00,0.00,1.11,37,0,0,2.0,19.8,2026-09-12T16:30:00Z,90,,9,0,0,0,0,4,3,17.2,1,0,0,0.0,7,,349307,799317,45,True,0,4,0,3,0,4
Martin Dubravka,GKP,Spurs,,0,0,0,0,0.0,497,0.00,0.00,0.00,0.00,37,0,0,0.0,0.0,2026-09-12T16:30:00Z,0,,9,0,0,0,0,4,0,17.1,0,0,0,0.0,0,,399394,444017,40,True,0,0,0,0,0,4
Marcos Senesi Barón,DEF,Spurs,,0,0,0,0,0.0,498,0.00,0.00,0.00,0.00,37,0,0,0.0,0.0,2026-09-12T16:30:00Z,0,,9,0,0,0,0,4,0,3.5,0,0,0,0.0,0,,29425,459044,58,True,0,0,0,0,0,4
Pedro Porro Sauceda,DEF,Spurs,,0,0,0,0,0.0,499,0.00,0.00,0.00,0.00,37,0,0,0.0,0.0,2026-09-12T16:30:00Z,0,,9,0,0,0,0,4,0,7.5,0,0,0,0.0,0,,124538,996901,54,True,0,0,0,0,0,4
Cristian Romero,DEF,Spurs,,0,0,0,0,0.0,500,0.00,0.00,0.00,0.00,37,0,0,0.0,0.0,2026-09-12T16:30:00Z,0,,9,0,0,0,0,4,0,0.1,0,0,0,0.0,0,,0,16825,50,True,0,0,0,0,0,4
Kevin Danso,DEF,Sunderland,,0,0,6,0,11.0,501,0.08,0.08,0.00,1.88,36,2,0,3.0,16.8,2026-09-12T19:00:00Z,90,,1,0,0,0,0,4,0,0.2,1,2,0,2.0,1,,6653,9922,50,True,0,4,0,3,0,4
Andrew Robertson,DEF,Spurs,,0,1,30,1,31.5,502,0.09,0.16,0.07,1.11,37,0,0,5.0,10.8,2026-09-12T16:30:00Z,90,,9,0,0,0,0,4,0,2.5,1,0,0,8.0,7,,67826,184447,44,True,0,2,0,3,0,4
Micky van de Ven,DEF,Spurs,,0,0,27,1,3.1,503,0.02,0.02,0.00,1.11,37,0,0,1.8,15.0,2026-09-12T16:30:00Z,90,,9,0,0,0,0,4,0,3.8,1,0,0,0.0,6,,94979,268240,50,True,0,6,0,4,0,4
Luka Vušković,DEF,Brighton,,0,0,27,1,1.8,504,0.01,0.12,0.11,1.11,38,0,0,3.1,16.2,2026-09-13T13:00:00Z,77,,7,0,0,0,0,4,0,3.7,1,5,0,13.0,6,,265526,139702,50,False,0,8,0,4,1,4
Djed Spence,DEF,Spurs,,0,0,0,0,0.0,505,0.00,0.00,0.00,0.00,37,0,0,0.0,0.0,2026-09-12T16:30:00Z,0,,9,0,0,0,0,4,0,0.2,0,0,0,0.0,0,,0,69359,45,True,0,0,0,0,0,4
Destiny Udogie,DEF,Spurs,,0,0,0,0,0.0,506,0.00,0.00,0.00,0.00,37,0,0,0.0,0.0,2026-09-12T16:30:00Z,0,,9,0,0,0,0,4,0,0.3,0,0,0,0.0,0,,5598,22532,44,True,0,0,0,0,0,4
Ashley Phillips,DEF,Spurs,,0,0,0,0,0.0,507,0.00,0.00,0.00,0.00,37,0,0,0.0,0.0,2026-09-12T16:30:00Z,0,,9,0,0,0,0,4,0,0.0,0,0,0,0.0,0,,0,1270,45,True,0,0,0,0,0,4
Ben Davies,DEF,Spurs,,0,0,0,0,0.0,508,0.00,0.00,0.00,0.00,37,0,0,0.0,0.0,2026-09-12T16:30:00Z,0,,9,0,0,0,0,4,0,0.9,0,0,0,0.0,0,,19696,41640,39,True,0,0,0,0,0,4
Jun'ai Byfield,DEF,Spurs,,0,0,0,0,0.0,509,0.00,0.00,0.00,0.00,37,0,0,0.0,0.0,2026-09-12T16:30:00Z,0,,9,0,0,0,0,4,0,0.1,0,0,0,0.0,0,,2344,2599,40,True,0,0,0,0,0,4
James Rowswell,DEF,Spurs,,0,0,0,0,0.0,510,0.00,0.00,0.00,0.00,37,0,0,0.0,0.0,2026-09-12T16:30:00Z,0,,9,0,0,0,0,4,0,0.1,0,0,0,0.0,0,,2900,3485,40,True,0,0,0,0,0,4
João Victor de Souza Menezes,DEF,Spurs,,0,0,0,0,0.0,511,0.00,0.00,0.00,0.00,37,0,0,0.0,0.0,2026-09-12T16:30:00Z,0,,9,0,0,0,0,4,0,0.2,0,0,0,0.0,0,,2555,16913,40,True,0,0,0,0,0,4
Mohammed Kudus,MID,Spurs,,0,0,8,0,12.8,512,0.05,0.05,0.00,0.44,37,0,0,2.5,6.0,2026-09-12T16:30:00Z,27,,9,0,0,0,0,4,0,0.2,0,0,0,6.0,1,,13265,11196,65,True,0,0,0,1,1,4
Xavi Simons,MID,Spurs,,0,0,0,0,0.0,513,0.00,0.00,0.00,0.00,37,0,0,0.0,0.0,2026-09-12T16:30:00Z,0,,9,0,0,0,0,4,0,0.0,0,0,0,0.0,0,,349,1126,59,True,0,0,0,0,0,4
Mathys Tel,MID,Spurs,,0,0,3,0,3.2,514,0.09,0.10,0.01,0.44,37,0,0,1.3,0.6,2026-09-12T16:30:00Z,27,,9,0,0,0,0,4,0,0.2,0,0,0,9.0,1,,9144,46878,57,True,0,0,0,0,0,4
James Maddison,MID,Spurs,,0,0,3,0,3.8,515,0.01,0.01,0.00,0.03,37,0,0,1.1,6.8,2026-09-12T16:30:00Z,13,,9,0,0,0,0,4,0,0.4,0,0,0,0.0,1,,5877,96334,63,True,0,2,0,1,0,4
Rodrigo Bentancur,MID,Spurs,,0,0,15,1,7.9,516,0.04,0.04,0.00,0.67,37,0,0,3.1,22.6,2026-09-12T16:30:00Z,62,,9,0,0,0,0,4,0,0.2,1,0,0,0.0,3,,5198,8452,55,True,0,5,0,2,3,4
Wilson Odobert,MID,Spurs,,0,0,0,0,0.0,517,0.00,0.00,0.00,0.00,37,0,0,0.0,0.0,2026-09-12T16:30:00Z,0,,9,0,0,0,0,4,0,0.0,0,0,0,0.0,0,,133,110,55,True,0,0,0,0,0,4
Pape Matar Sarr,MID,Spurs,,0,0,0,0,0.0,518,0.00,0.00,0.00,0.00,37,0,0,0.0,0.0,2026-09-12T16:30:00Z,0,,9,0,0,0,0,4,0,0.1,0,0,0,0.0,0,,4138,23787,49,True,0,0,0,0,0,4
Conor Gallagher,MID,Spurs,,0,0,0,0,0.0,519,0.00,0.00,0.00,0.00,37,0,0,0.0,0.0,2026-09-12T16:30:00Z,0,,9,0,0,0,0,4,0,0.2,0,0,0,0.0,0,,4701,17085,53,True,0,0,0,0,0,4
Lucas Bergvall,MID,Spurs,,0,0,8,0,7.9,520,0.25,0.31,0.06,0.44,37,0,0,2.3,8.0,2026-09-12T16:30:00Z,27,,9,0,0,0,0,4,0,0.1,0,0,0,7.0,1,,1893,9590,53,True,0,1,0,2,1,4
Dejan Kulusevski,MID,Spurs,,0,0,0,0,0.0,521,0.00,0.00,0.00,0.00,37,0,0,0.0,0.0,2026-09-12T16:30:00Z,0,,9,0,0,0,0,4,0,0.0,0,0,0,0.0,0,,414,743,65,True,0,0,0,0,0,4
Archie Gray,MID,Spurs,,0,0,13,1,6.7,522,0.03,0.12,0.09,1.08,37,0,0,2.6,9.6,2026-09-12T16:30:00Z,84,,9,0,0,0,0,4,0,0.2,1,0,0,10.0,3,,6867,13455,49,True,0,4,0,5,2,4
Mikey Moore,MID,Spurs,,0,0,0,0,0.0,523,0.00,0.00,0.00,0.00,37,0,0,0.0,0.0,2026-09-12T16:30:00Z,0,,9,0,0,0,0,4,0,0.1,0,0,0,0.0,0,,3258,17054,50,True,0,0,0,0,0,4
Callum Olusesi,MID,Spurs,,0,0,0,0,0.0,524,0.00,0.00,0.00,0.00,37,0,0,0.0,0.0,2026-09-12T16:30:00Z,0,,9,0,0,0,0,4,0,1.0,0,0,0,0.0,0,,55810,49756,44,True,0,0,0,0,0,4
Mateus Fernandes,MID,Spurs,,0,0,15,1,13.0,525,0.03,0.14,0.11,0.67,37,0,0,3.8,3.0,2026-09-12T16:30:00Z,62,,9,0,0,0,0,4,0,0.8,1,0,0,22.0,3,,14488,125090,57,True,0,0,0,2,2,4
Dominic Solanke-Mitchell,FWD,Spurs,,0,0,4,0,4.3,526,0.01,0.01,0.00,0.67,37,0,0,0.8,0.0,2026-09-12T16:30:00Z,62,,9,0,0,0,0,4,0,0.8,1,0,0,6.0,2,,29698,95094,58,True,0,0,0,2,0,4
Richarlison de Andrade,FWD,Spurs,,0,0,0,0,0.0,527,0.00,0.00,0.00,0.00,37,0,0,0.0,0.0,2026-09-12T16:30:00Z,0,,9,0,0,0,0,4,0,0.6,0,0,0,0.0,0,,21439,268611,59,True,0,0,0,0,0,4
Dane Scarlett,FWD,Spurs,,0,0,0,0,0.0,528,0.00,0.00,0.00,0.00,37,0,0,0.0,0.0,2026-09-12T16:30:00Z,0,,9,0,0,0,0,4,0,1.1,0,0,0,0.0,0,,42525,110011,45,True,0,0,0,0,0,4
Robin Roefs,GKP,Sunderland,,0,0,9,0,0.0,529,0.00,0.00,0.00,1.88,36,2,0,2.7,27.2,2026-09-12T19:00:00Z,90,,1,0,0,0,0,4,3,2.4,1,2,0,0.0,2,,22019,178511,49,True,0,1,0,3,0,4
Anthony Patterson,GKP,Sunderland,,0,0,0,0,0.0,530,0.00,0.00,0.00,0.00,36,0,0,0.0,0.0,2026-09-12T19:00:00Z,0,,1,0,0,0,0,4,0,0.1,0,2,0,0.0,0,,0,6030,40,True,0,0,0,0,0,4
Melker Ellborg,GKP,Sunderland,,0,0,0,0,0.0,531,0.00,0.00,0.00,0.00,36,0,0,0.0,0.0,2026-09-12T19:00:00Z,0,,1,0,0,0,0,4,0,0.1,0,2,0,0.0,0,,1186,3347,44,True,0,0,0,0,0,4
Daniel Ballard,DEF,Sunderland,,0,0,0,0,10.8,532,0.01,0.09,0.08,1.88,36,2,0,2.9,9.0,2026-09-12T19:00:00Z,90,,1,0,0,0,0,4,0,2.5,1,2,0,9.0,0,,45545,319514,49,True,1,5,0,3,1,4
Nordi Mukiele,DEF,Sunderland,,0,0,-5,0,4.9,533,0.02,0.72,0.70,1.88,36,2,0,6.1,10.4,2026-09-12T19:00:00Z,90,,1,0,0,0,0,4,0,1.9,1,2,0,46.0,0,,44780,130441,54,True,1,3,0,3,3,4
Trai Hume,DEF,Sunderland,,0,0,0,0,0.0,534,0.00,0.00,0.00,0.00,36,0,0,0.0,0.0,2026-09-12T19:00:00Z,0,,1,0,0,0,0,4,0,2.8,0,2,0,0.0,0,,37913,398963,43,True,0,0,0,0,0,4
Omar Alderete,DEF,Sunderland,,0,0,0,0,0.0,535,0.00,0.00,0.00,0.00,36,0,0,0.0,0.0,2026-09-12T19:00:00Z,0,,1,0,0,0,0,4,0,0.2,0,2,0,0.0,0,,4988,27406,48,True,0,0,0,0,0,4
Reinildo Mandava,DEF,Sunderland,,0,0,-12,0,1.4,536,0.01,0.01,0.00,1.09,36,2,0,0.0,0.0,2026-09-12T19:00:00Z,90,,1,0,0,0,1,4,0,0.3,1,2,0,0.0,-2,,4091,24421,44,True,0,6,0,3,1,4
Jenson Seelt,DEF,Sunderland,,0,0,0,0,0.0,537,0.00,0.00,0.00,0.00,36,0,0,0.0,0.0,2026-09-12T19:00:00Z,0,,1,0,0,0,0,4,0,0.0,0,2,0,0.0,0,,61,665,45,True,0,0,0,0,0,4
Leo Fuhr Hjelde,DEF,Sunderland,,0,0,0,0,0.0,538,0.00,0.00,0.00,0.00,36,0,0,0.0,0.0,2026-09-12T19:00:00Z,0,,1,0,0,0,0,4,0,0.0,0,2,0,0.0,0,,0,2537,40,True,0,0,0,0,0,4
Luke O'Nien,DEF,Sunderland,,0,0,0,0,0.0,539,0.00,0.00,0.00,0.00,36,0,0,0.0,0.0,2026-09-12T19:00:00Z,0,,1,0,0,0,0,4,0,2.5,0,2,0,0.0,0,,33468,122347,39,True,0,0,0,0,0,4
Arthur Masuaku,DEF,Sunderland,,0,0,0,0,0.0,540,0.00,0.00,0.00,0.00,36,0,0,0.0,0.0,2026-09-12T19:00:00Z,0,,1,0,0,0,0,4,0,0.1,0,2,0,0.0,0,,0,11595,40,True,0,0,0,0,0,4
Thomas Meunier,DEF,Sunderland,,0,0,5,0,1.8,541,0.00,0.13,0.13,1.09,36,0,0,2.3,5.8,2026-09-12T19:00:00Z,75,,1,0,0,0,0,4,0,0.3,1,2,0,15.0,2,,7167,9719,45,True,0,2,0,4,0,4
Enzo Le Fée,MID,Sunderland,,0,0,6,0,29.7,542,0.59,1.44,0.85,1.88,36,0,0,6.3,6.8,2026-09-12T19:00:00Z,90,,1,0,1,0,0,4,0,3.4,1,2,0,26.0,0,,45827,652184,57,True,0,0,0,4,0,4
Habib Diarra,MID,Sunderland,,0,0,0,0,0.0,543,0.00,0.00,0.00,0.00,36,0,0,0.0,0.0,2026-09-12T19:00:00Z,0,,1,0,0,0,0,4,0,0.0,0,2,0,0.0,0,,558,5933,53,True,0,0,0,0,0,4
Granit Xhaka,MID,Sunderland,,0,0,19,0,44.0,544,0.37,0.37,0.00,1.88,36,0,0,5.9,14.6,2026-09-12T19:00:00Z,90,,1,0,0,0,0,4,0,3.6,1,2,0,0.0,1,,131183,209563,55,True,1,2,0,8,1,4
Noah Sadiki,MID,Sunderland,,0,0,11,0,1.3,545,0.00,0.04,0.04,1.88,36,0,0,1.3,11.0,2026-09-12T19:00:00Z,90,,1,0,0,0,0,4,0,0.2,1,2,0,1.0,2,,5739,18454,49,True,0,4,0,3,3,4
Simon Adingra,MID,Sunderland,,0,0,0,0,0.0,546,0.00,0.00,0.00,0.00,36,0,0,0.0,0.0,2026-09-12T19:00:00Z,0,,1,0,0,0,0,4,0,0.0,0,2,0,0.0,0,,240,7424,49,True,0,0,0,0,0,4
Romaine Mundle,MID,Sunderland,,0,0,0,0,0.0,547,0.00,0.00,0.00,0.00,36,0,0,0.0,0.0,2026-09-12T19:00:00Z,0,,1,0,0,0,0,4,0,0.0,0,2,0,0.0,0,,202,674,49,True,0,0,0,0,0,4
Chris Rigg,MID,Sunderland,,0,0,0,0,0.0,548,0.00,0.00,0.00,0.00,36,0,0,0.0,0.0,2026-09-12T19:00:00Z,0,,1,0,0,0,0,4,0,0.0,0,2,0,0.0,0,,471,2863,49,True,0,0,0,0,0,4
Chemsdine Talbi,MID,Sunderland,,0,0,0,0,0.0,549,0.00,0.00,0.00,0.00,36,0,0,0.0,0.0,2026-09-12T19:00:00Z,0,,1,0,0,0,0,4,0,0.1,0,2,0,0.0,0,,1349,11816,53,True,0,0,0,0,0,4
Djiamgone Jocelin Ta Bi,MID,Sunderland,,0,0,0,0,0.0,550,0.00,0.00,0.00,0.00,36,0,0,0.0,0.0,2026-09-12T19:00:00Z,0,,1,0,0,0,0,4,0,0.0,0,2,0,0.0,0,,316,426,50,True,0,0,0,0,0,4
Nilson Angulo,MID,Sunderland,,0,0,7,0,0.9,551,0.00,0.00,0.00,0.81,36,0,0,0.5,2.2,2026-09-12T19:00:00Z,69,,1,0,0,0,0,4,0,0.1,1,2,0,2.0,2,,12821,10606,50,True,0,0,0,1,2,4
Brian Brobbey,FWD,Sunderland,,0,0,4,0,11.5,552,0.01,0.01,0.00,1.88,36,0,0,2.4,0.0,2026-09-12T19:00:00Z,90,,1,0,0,0,0,4,0,6.9,1,2,0,14.0,1,,288908,937964,57,True,1,0,0,4,0,4
Wilson Isidor,FWD,Sunderland,,0,0,1,0,0.1,553,0.00,0.00,0.00,1.07,36,0,0,0.1,1.2,2026-09-12T19:00:00Z,20,,1,0,0,0,0,4,0,1.3,0,2,0,0.0,1,,95995,87251,55,True,0,0,0,0,1,4
Kayne van Oevelen,GKP,Ipswich Town,,0,0,0,0,0.0,554,0.00,0.00,0.00,0.00,34,0,0,0.0,0.0,2026-09-12T14:00:00Z,0,,8,0,0,0,0,4,0,0.0,0,3,2,0.0,0,,54,1961,45,False,0,0,0,0,0,4
Remi Matthews,GKP,Crystal Palace,,0,0,0,0,0.0,555,0.00,0.00,0.00,0.00,34,0,0,0.0,0.0,2026-09-12T14:00:00Z,0,,12,0,0,0,0,4,0,1.7,0,3,2,0.0,0,,23358,31615,40,True,0,0,0,0,0,4
Matt Targett,DEF,Hull City,,0,0,0,0,0.0,556,0.00,0.00,0.00,0.00,33,0,0,0.0,0.0,2026-09-12T14:00:00Z,0,,6,0,0,0,0,4,0,1.6,0,2,2,0.0,0,,24842,87747,40,False,0,0,0,0,0,4
Christos Tzolis,MID,Arsenal,,0,0,10,1,7.3,557,0.13,0.13,0.00,1.41,36,0,0,1.3,3.8,2026-09-12T19:00:00Z,80,,20,0,0,0,0,4,0,12.0,1,2,0,2.0,3,,462835,1620412,63,False,0,1,0,1,1,4
Xaver Schlager,MID,Nott'm Forest,,0,0,18,0,15.2,558,0.02,0.08,0.06,0.82,31,0,0,5.4,21.8,2026-09-12T14:00:00Z,90,,2,0,0,0,0,4,0,0.1,1,2,1,17.0,3,,5914,5844,50,False,1,3,16,7,6,4
Aladji Bamba,MID,Newcastle,,0,0,4,0,0.3,559,0.00,0.00,0.00,0.11,40,0,0,0.2,1.4,2026-09-14T19:00:00Z,10,,13,0,0,0,0,4,0,0.1,0,1,4,0.0,1,,2571,7599,49,False,0,0,0,1,1,4
Mike Penders,GKP,Chelsea,,0,0,0,0,0.0,560,0.00,0.00,0.00,0.00,33,0,0,0.0,0.0,2026-09-12T14:00:00Z,0,,11,0,0,0,0,4,0,0.1,0,2,2,0.0,0,,2028,3634,44,True,0,0,0,0,0,4
Aaron Anselmino,DEF,Chelsea,,0,0,0,0,0.0,561,0.00,0.00,0.00,0.00,33,0,0,0.0,0.0,2026-09-12T14:00:00Z,0,,11,0,0,0,0,4,0,0.0,0,2,2,0.0,0,,826,1259,45,True,0,0,0,0,0,4
Daizen Maeda,MID,Ipswich Town,,0,0,1,0,2.3,562,0.00,0.00,0.00,0.41,34,0,0,0.0,0.0,2026-09-12T14:00:00Z,27,,8,0,0,0,0,4,0,0.2,0,3,2,0.0,1,,2874,20313,53,False,0,0,0,0,0,4
Hidemasa Morita,MID,Hull City,,0,0,0,0,0.0,563,0.00,0.00,0.00,0.00,33,0,0,0.0,0.0,2026-09-12T14:00:00Z,0,,6,0,0,0,0,4,0,0.0,0,2,2,0.0,0,,727,1785,49,False,0,0,0,0,0,4
Kjell Scherpen,GKP,Ipswich Town,,0,0,6,0,0.0,564,0.00,0.00,0.00,0.62,34,2,0,1.5,15.0,2026-09-12T14:00:00Z,90,,8,0,0,0,0,4,0,0.6,1,3,2,0.0,1,,15298,23535,45,False,0,3,0,9,0,4
Mamadou Sangaré,MID,Brentford,,0,0,19,0,9.4,565,0.28,0.28,0.00,1.75,32,0,0,2.8,18.2,2026-09-12T14:00:00Z,90,,3,0,0,0,0,4,0,9.8,1,2,2,0.0,4,,1228194,826542,56,False,0,1,13,6,6,4
António João Pereira de Albuquerque Tavares da Silva,DEF,Bournemouth,,0,0,-2,0,5.3,566,0.23,0.81,0.58,0.50,32,2,0,3.4,18.0,2026-09-12T14:00:00Z,90,,4,0,0,0,0,4,0,0.4,1,2,2,11.0,3,,33248,25708,50,True,0,10,10,5,0,4
Lukás Hornícek,GKP,Newcastle,,0,0,2,0,0.0,567,0.00,0.00,0.00,2.08,40,4,0,2.9,29.4,2026-09-14T19:00:00Z,90,,13,0,0,0,0,4,3,1.5,1,1,4,0.0,1,,152282,71998,50,False,0,3,0,4,0,4
Valentín Barco,MID,Chelsea,,0,0,7,0,2.9,568,0.09,0.09,0.00,0.54,33,0,0,0.7,1.6,2026-09-12T14:00:00Z,21,,11,0,0,0,0,4,0,0.1,0,2,2,2.0,0,,3174,7043,54,True,1,1,0,1,0,4
Gonzalo García,FWD,Fulham,,0,0,5,0,10.9,569,0.03,0.23,0.20,0.81,35,0,0,2.5,4.4,2026-09-12T14:00:00Z,76,,14,0,0,0,0,4,0,4.1,1,0,0,10.0,2,,440616,314279,60,False,0,1,0,2,0,4
César Palacios,MID,Fulham,,0,0,0,0,0.0,570,0.00,0.00,0.00,0.00,35,0,0,0.0,0.0,2026-09-12T14:00:00Z,0,,14,0,0,0,0,4,0,0.2,0,0,0,0.0,0,,6033,10643,54,False,0,0,0,0,0,4
Florentino Ibrain Morris Luís,MID,Ipswich Town,,0,0,8,0,21.3,571,0.01,0.01,0.00,0.27,34,0,0,3.2,9.0,2026-09-12T14:00:00Z,13,,8,0,0,0,0,4,0,0.1,0,3,2,2.0,1,,1064,7088,48,False,0,1,0,0,1,4
Konstantinos Tzolakis,GKP,Hull City,,0,0,15,0,0.0,572,0.00,0.00,0.00,0.91,33,2,0,2.9,29.4,2026-09-12T14:00:00Z,90,,6,0,0,0,0,4,5,12.8,1,2,2,0.0,2,,1002866,220020,47,False,0,2,0,15,0,4
Juanlu Sánchez,DEF,Bournemouth,,0,0,0,0,0.0,573,0.00,0.00,0.00,0.00,32,0,0,0.0,0.0,2026-09-12T14:00:00Z,0,,4,0,0,0,0,4,0,0.2,0,2,2,0.0,0,,1579,7123,44,True,0,0,0,0,0,4
Jens Hjertø-Dahl,MID,Hull City,,0,0,0,0,0.0,574,0.00,0.00,0.00,0.00,33,0,0,0.0,0.0,2026-09-12T14:00:00Z,0,,6,0,0,0,0,4,0,0.1,0,2,2,0.0,0,,1442,4459,49,False,0,0,0,0,0,4
Caleb Yirenkyi,MID,Coventry City,,0,0,3,0,10.5,575,0.01,0.01,0.00,0.64,38,0,0,1.0,0.0,2026-09-13T13:00:00Z,17,,5,0,0,0,0,4,0,0.1,0,5,0,0.0,1,,2967,13722,48,True,0,0,0,0,0,4
Elliot Stroud,MID,Hull City,,0,0,3,0,1.8,576,0.00,0.01,0.01,0.26,33,0,0,0.2,0.0,2026-09-12T14:00:00Z,59,,6,0,0,0,0,4,0,0.1,1,2,2,1.0,1,,3670,4717,50,False,0,0,0,3,2,4
Takehiro Tomiyasu,DEF,Crystal Palace,,0,0,6,0,1.3,577,0.01,0.01,0.00,1.29,34,2,0,1.6,10.2,2026-09-12T14:00:00Z,53,,12,0,0,0,0,4,0,0.3,0,3,2,4.0,0,,3478,13407,44,True,0,4,0,3,1,4
Mykhailo Mudryk,MID,Spurs,,0,0,0,0,0.0,578,0.00,0.00,0.00,0.00,37,0,0,0.0,0.0,2026-09-12T16:30:00Z,0,,9,0,0,0,0,4,0,0.0,0,0,0,0.0,0,,5443,7632,53,True,0,0,0,0,0,4
Ronald Araujo,DEF,Liverpool,,0,0,24,1,1.8,579,0.00,0.00,0.00,0.60,35,0,0,1.4,9.8,2026-09-12T14:00:00Z,71,,10,0,0,0,0,4,0,3.1,1,0,0,2.0,6,,150200,160775,54,True,0,3,0,5,1,4
Shea Charles,MID,Fulham,,0,0,19,1,3.4,580,0.02,0.02,0.00,1.28,35,0,0,3.2,29.0,2026-09-12T14:00:00Z,90,,14,0,0,0,0,4,0,0.1,1,0,0,0.0,5,,2437,4143,50,False,0,8,17,8,1,4
Ousmane Diomande,DEF,Nott'm Forest,,0,0,10,0,0.4,581,0.00,0.11,0.11,0.82,31,0,0,3.6,24.6,2026-09-12T14:00:00Z,90,,2,0,0,0,0,4,0,0.5,1,2,1,11.0,4,,13743,41849,54,False,0,13,14,3,1,4
Brian Madjo,FWD,Aston Villa,,0,0,0,0,0.0,582,0.00,0.00,0.00,0.00,31,0,0,0.0,0.0,2026-09-12T14:00:00Z,0,,18,0,0,0,0,4,0,0.2,0,2,1,0.0,0,,2963,30660,54,True,0,0,0,0,0,4
Pep Chavarría,DEF,Chelsea,,0,0,4,0,1.7,583,0.01,0.01,0.00,0.94,33,0,0,0.6,2.0,2026-09-12T14:00:00Z,45,,11,0,0,0,0,4,0,0.1,0,2,2,2.0,1,,3421,11188,49,True,0,1,0,1,0,4
Gustavo Hamer,MID,Coventry City,,0,0,0,0,0.0,584,0.00,0.00,0.00,0.00,38,0,0,0.0,0.0,2026-09-13T13:00:00Z,0,,5,0,0,0,0,4,0,0.1,0,5,0,0.0,0,,793,6423,54,True,0,0,0,0,0,4
Lucas Herrington,DEF,Hull City,,0,0,-1,0,0.4,585,0.01,0.01,0.00,0.64,33,0,0,0.2,1.6,2026-09-12T14:00:00Z,31,,6,0,0,0,0,4,0,0.6,0,2,2,0.0,1,,12886,18672,40,False,0,1,0,0,0,4
Nobel Mendy,DEF,Hull City,,0,0,3,0,0.2,586,0.00,0.00,0.00,0.26,33,0,0,1.3,12.6,2026-09-12T14:00:00Z,58,,6,0,0,0,0,4,0,6.3,1,2,2,0.0,1,,683967,359524,41,False,0,5,0,0,2,4
Gerónimo Rulli,GKP,Man City,,0,0,0,0,0.0,587,0.00,0.00,0.00,0.00,39,0,0,0.0,0.0,2026-09-13T15:30:00Z,0,,16,0,0,0,0,4,0,0.0,0,1,0,0.0,0,,614,1117,50,False,0,0,0,0,0,4
Anan Khalaili,DEF,Crystal Palace,,0,0,4,0,16.0,588,0.14,0.36,0.22,1.68,34,3,1,8.7,40.4,2026-09-12T14:00:00Z,90,,12,0,0,0,0,4,0,0.3,1,3,2,31.0,7,,34904,15559,50,True,0,3,0,4,2,4
Lucas Gourna-Douath,MID,Hull City,,0,0,0,0,0.0,589,0.00,0.00,0.00,0.00,33,0,0,0.0,0.0,2026-09-12T14:00:00Z,0,,6,0,0,0,0,4,0,0.0,0,2,2,0.0,0,,702,1346,50,False,0,0,0,0,0,4
Steven Benda,GKP,Nott'm Forest,,0,0,0,0,0.0,590,0.00,0.00,0.00,0.00,31,0,0,0.0,0.0,2026-09-12T14:00:00Z,0,,2,0,0,0,0,4,0,0.1,0,2,1,0.0,0,,2674,2847,45,False,0,0,0,0,0,4
Julio Enciso,MID,Ipswich Town,,0,0,7,0,13.8,591,0.20,0.25,0.05,0.62,34,0,0,2.9,2.2,2026-09-12T14:00:00Z,90,,8,0,0,0,0,4,0,0.8,1,3,2,13.0,2,,94141,52719,55,False,0,1,0,4,0,4
Abdoul Ouattara,DEF,Ipswich Town,,0,0,5,0,0.2,592,0.00,0.00,0.00,0.00,34,0,0,0.2,2.2,2026-09-12T14:00:00Z,2,,8,0,0,0,0,4,0,0.9,0,3,2,0.0,1,,13532,26318,40,False,0,0,0,1,1,4
Amar Dedic,DEF,Newcastle,,0,0,-3,0,2.7,593,0.00,0.00,0.00,1.91,40,3,0,1.3,10.4,2026-09-14T19:00:00Z,57,,13,0,0,0,0,4,0,1.8,1,1,4,0.0,0,,447901,309450,45,False,0,3,0,4,3,4
Promise David,FWD,Brighton,,0,0,0,0,0.0,594,0.00,0.00,0.00,0.00,38,0,0,0.0,0.0,2026-09-13T13:00:00Z,0,,7,0,0,0,0,4,0,0.2,0,5,0,0.0,0,,15214,22587,59,False,0,0,0,0,0,4
Zavier Gozo,MID,Crystal Palace,,0,0,3,0,0.3,595,0.00,0.00,0.00,0.48,34,0,0,0.0,0.0,2026-09-12T14:00:00Z,6,,12,0,0,0,0,4,0,0.0,0,3,2,0.0,1,,491,886,49,True,0,0,0,0,0,4
Matteo Ruggeri,DEF,Aston Villa,,0,0,0,0,0.0,596,0.00,0.00,0.00,0.00,31,0,0,0.0,0.0,2026-09-12T14:00:00Z,0,,18,0,0,0,0,4,0,0.1,0,2,1,0.0,0,,3254,5624,45,True,0,0,0,0,0,4
Zion Suzuki,GKP,Aston Villa,,0,0,17,0,0.0,597,0.01,0.01,0.00,2.28,31,2,0,3.9,38.6,2026-09-12T14:00:00Z,90,,18,0,0,0,0,4,5,1.9,1,2,1,0.0,2,,152070,62950,50,True,0,2,0,9,0,4
Nico Elvedi,DEF,Leeds,,0,0,8,0,0.9,598,0.00,0.05,0.05,0.88,40,0,0,3.0,18.6,2026-09-14T19:00:00Z,90,,17,0,0,0,0,4,0,0.1,1,1,4,10.0,2,,5381,2815,45,True,0,8,0,3,1,4
Sidiki Cherif,FWD,Coventry City,,0,0,3,0,0.2,599,0.00,0.00,0.00,1.43,38,0,0,0.1,1.0,2026-09-13T13:00:00Z,30,,5,0,0,0,0,4,0,0.1,0,5,0,0.0,1,,7497,7626,50,True,0,1,0,0,0,4
Ibrahim Osman,MID,Brighton,,0,0,2,0,1.1,600,0.01,0.06,0.05,0.22,38,0,0,1.2,0.0,2026-09-13T13:00:00Z,12,,7,0,0,0,0,4,0,0.0,0,5,0,13.0,1,,949,1099,50,False,0,0,0,1,0,4
Luca Williams-Barnett,MID,Spurs,,0,0,0,0,0.0,601,0.00,0.00,0.00,0.00,37,0,0,0.0,0.0,2026-09-12T16:30:00Z,0,,9,0,0,0,0,4,0,0.1,0,0,0,0.0,0,,10258,7070,45,True,0,0,0,0,0,4
Cameron Humphreys,MID,Ipswich Town,,0,0,0,0,0.0,602,0.00,0.00,0.00,0.00,34,0,0,0.0,0.0,2026-09-12T14:00:00Z,0,,8,0,0,0,0,4,0,0.0,0,3,2,0.0,0,,2861,3246,45,False,0,0,0,0,0,4
Jayden Lienou,DEF,Leeds,,0,0,0,0,0.0,603,0.00,0.00,0.00,0.00,40,0,0,0.0,0.0,2026-09-14T19:00:00Z,0,,17,0,0,0,0,4,0,0.1,0,1,4,0.0,0,,6922,4001,40,True,0,0,0,0,0,4
Alfie Cresswell,MID,Leeds,,0,0,0,0,0.0,604,0.00,0.00,0.00,0.00,40,0,0,0.0,0.0,2026-09-14T19:00:00Z,0,,17,0,0,0,0,4,0,0.1,0,1,4,0.0,0,,14077,7961,45,True,0,0,0,0,0,4
Malick Yalcouyé,MID,Brighton,,0,0,29,1,12.8,605,0.01,0.68,0.67,1.11,38,0,1,10.3,47.4,2026-09-13T13:00:00Z,64,,7,0,0,0,0,4,0,4.0,1,5,0,43.0,8,,556325,172782,45,False,0,2,0,2,2,4
Triston Rowe,DEF,Aston Villa,,0,0,0,0,0.0,606,0.00,0.00,0.00,0.00,31,0,0,0.0,0.0,2026-09-12T14:00:00Z,0,,18,0,0,0,0,4,0,0.2,0,2,1,0.0,0,,13029,6190,40,True,0,0,0,0,0,4
Luka Lynch,MID,Aston Villa,,0,0,0,0,0.0,607,0.00,0.00,0.00,0.00,31,0,0,0.0,0.0,2026-09-12T14:00:00Z,0,,18,0,0,0,0,4,0,0.1,0,2,1,0.0,0,,7103,8180,45,True,0,0,0,0,0,4
Daniel Jebbison,FWD,Bournemouth,,0,0,0,0,0.0,608,0.00,0.00,0.00,0.00,32,0,0,0.0,0.0,2026-09-12T14:00:00Z,0,,4,0,0,0,0,4,0,0.1,0,2,2,0.0,0,,13328,7299,50,True,0,0,0,0,0,4
Leo Shahar,DEF,Newcastle,,0,0,0,0,0.0,609,0.00,0.00,0.00,0.00,40,0,0,0.0,0.0,2026-09-14T19:00:00Z,0,,13,0,0,0,0,4,0,0.2,0,1,4,0.0,0,,18236,15829,40,False,0,0,0,0,0,4
Luc De Fougerolles,DEF,Fulham,,0,0,0,0,0.0,610,0.00,0.00,0.00,0.00,35,0,0,0.0,0.0,2026-09-12T14:00:00Z,0,,14,0,0,0,0,4,0,0.1,0,0,0,0.0,0,,5787,5266,40,False,0,0,0,0,0,4
Aaron Wan-Bissaka,DEF,Aston Villa,,0,0,11,0,13.3,611,0.06,0.06,0.00,2.28,31,2,0,3.9,26.0,2026-09-12T14:00:00Z,90,,18,0,0,0,0,4,0,0.2,1,2,1,0.0,3,,18382,7846,45,True,0,7,12,1,5,4
Dayann Méthalie,DEF,Sunderland,,0,0,0,0,0.0,612,0.00,0.00,0.00,0.00,36,0,0,0.0,0.0,2026-09-12T19:00:00Z,0,,1,0,0,0,0,4,0,0.0,0,2,0,0.0,0,,915,501,45,True,0,0,0,0,0,4
Jules Ahoka,MID,Sunderland,,0,0,0,0,0.0,613,0.00,0.00,0.00,0.00,36,0,0,0.0,0.0,2026-09-12T19:00:00Z,0,,1,0,0,0,0,4,0,0.2,0,2,0,0.0,0,,25419,14374,45,True,0,0,0,0,0,4
Jaouen Hadjam,DEF,Brighton,,0,0,0,0,0.0,614,0.00,0.00,0.00,0.00,38,0,0,0.0,0.0,2026-09-13T13:00:00Z,0,,7,0,0,0,0,4,0,0.0,0,5,0,0.0,0,,3996,1967,45,False,0,0,0,0,0,4
Michele Di Gregorio,GKP,Bournemouth,,0,0,0,0,0.0,615,0.00,0.00,0.00,0.00,32,0,0,0.0,0.0,2026-09-12T14:00:00Z,0,,4,0,0,0,0,4,0,0.0,0,2,2,0.0,0,,2937,1749,45,True,0,0,0,0,0,4
Ayyoub Bouaddi,MID,Man City,,0,0,0,0,0.0,616,0.00,0.00,0.00,0.00,39,0,0,0.0,0.0,2026-09-13T15:30:00Z,0,,16,0,0,0,0,4,0,0.2,0,1,0,0.0,0,,21076,13618,55,False,0,0,0,0,0,4
Mohamed-Ali Cho,MID,Hull City,,0,0,3,0,18.5,617,0.16,0.63,0.47,0.64,33,0,0,4.7,7.2,2026-09-12T14:00:00Z,30,,6,0,0,0,0,4,0,0.0,0,2,2,21.0,1,,1807,772,50,False,0,1,0,1,0,4
Leon Goretzka,MID,Aston Villa,,0,0,0,0,0.0,618,0.00,0.00,0.00,0.00,31,0,0,0.0,0.0,2026-09-12T14:00:00Z,0,,18,0,0,0,0,4,0,0.0,0,2,1,0.0,0,,4636,4745,59,True,0,0,0,0,0,4
Exequiel Palacios,MID,Ipswich Town,,0,0,14,0,5.9,619,0.04,0.04,0.00,0.62,34,0,0,2.6,18.0,2026-09-12T14:00:00Z,90,,8,0,0,0,0,4,0,0.1,1,3,2,2.0,4,,9043,3490,50,False,0,5,13,5,3,4
El Hadji Malick Diouf,DEF,Brentford,,0,0,4,0,1.0,620,0.01,0.01,0.00,0.50,32,0,0,0.4,3.4,2026-09-12T14:00:00Z,30,,3,0,0,0,0,4,0,0.1,0,2,2,0.0,1,,13665,7377,45,False,0,1,0,1,0,4
Ryan McAidoo,MID,Man City,,0,0,0,0,0.0,621,0.00,0.00,0.00,0.00,39,0,0,0.0,0.0,2026-09-13T15:30:00Z,0,,16,0,0,0,0,4,0,0.1,0,1,0,0.0,0,,11377,7157,45,False,0,0,0,0,0,4
Kaden Braithwaite,DEF,Man City,,0,0,0,0,0.0,622,0.00,0.00,0.00,0.00,39,0,0,0.0,0.0,2026-09-13T15:30:00Z,0,,16,0,0,0,0,4,0,0.2,0,1,0,0.0,0,,16811,9257,40,False,0,0,0,0,0,4
Dan Bentley,GKP,Coventry City,,0,0,0,0,0.0,623,0.00,0.00,0.00,0.00,38,0,0,0.0,0.0,2026-09-13T13:00:00Z,0,,5,0,0,0,0,4,0,0.6,0,5,0,0.0,0,,78806,19372,40,True,0,0,0,0,0,4
Amario Cozier-Duberry,MID,Brighton,,0,0,0,0,0.0,624,0.00,0.00,0.00,0.00,38,0,0,0.0,0.0,2026-09-13T13:00:00Z,0,,7,0,0,0,0,4,0,0.0,0,5,0,0.0,0,,117,114,50,False,0,0,0,0,0,4
Alex Cairns,GKP,Leeds,,0,0,0,0,0.0,625,0.00,0.00,0.00,0.00,40,0,0,0.0,0.0,2026-09-14T19:00:00Z,0,,17,0,0,0,0,4,0,0.2,0,1,4,0.0,0,,19840,5974,40,True,0,0,0,0,0,4
Macaulay Zepa,MID,Fulham,,0,0,0,0,0.0,626,0.00,0.00,0.00,0.00,35,0,0,0.0,0.0,2026-09-12T14:00:00Z,0,,14,0,0,0,0,4,0,0.3,0,0,0,0.0,0,,35223,18604,44,False,0,0,0,0,0,4
Bradley Barcola,MID,Liverpool,,0,0,9,1,13.6,627,0.03,0.24,0.21,0.60,35,0,0,2.7,5.6,2026-09-12T14:00:00Z,71,,10,0,0,0,0,4,0,1.9,1,0,0,8.0,3,,290138,131193,80,True,0,0,0,2,3,4
Allan Andrade Elias,MID,Man City,,0,0,0,0,0.0,628,0.00,0.00,0.00,0.00,39,0,0,0.0,0.0,2026-09-13T15:30:00Z,0,,16,0,0,0,0,4,0,0.0,0,1,0,0.0,0,,1200,693,60,False,0,0,0,0,0,4
Michael Zetterer,GKP,Leeds,,0,0,0,0,0.0,629,0.00,0.00,0.00,0.00,40,0,0,0.0,0.0,2026-09-14T19:00:00Z,0,,17,0,0,0,0,4,0,0.7,0,1,4,0.0,0,,58659,14279,40,True,0,0,0,0,0,4
Taylor Harwood-Bellis,DEF,Aston Villa,,0,0,0,0,0.0,630,0.00,0.00,0.00,0.00,31,0,0,0.0,0.0,2026-09-12T14:00:00Z,0,,18,0,0,0,0,4,0,0.0,0,2,1,0.0,0,,2186,1007,45,True,0,0,0,0,0,4
Ibrahim Mbaye,MID,Aston Villa,,0,0,6,0,15.2,631,0.13,0.15,0.02,0.86,31,0,0,4.3,9.0,2026-09-12T14:00:00Z,27,,18,0,0,0,0,4,0,0.1,0,2,1,19.0,1,,10477,4855,60,True,0,0,0,1,1,4
Ilyas Ansah,FWD,Hull City,,0,0,0,0,0.0,632,0.00,0.00,0.00,0.00,33,0,0,0.0,0.0,2026-09-12T14:00:00Z,0,,6,0,0,0,0,4,0,0.0,0,2,2,0.0,0,,5125,3524,50,False,0,0,0,0,0,4
Honest Ahanor,DEF,Crystal Palace,,0,0,10,0,11.9,633,0.01,0.01,0.00,1.68,34,3,0,4.1,24.6,2026-09-12T14:00:00Z,90,,12,0,0,0,0,4,0,0.0,1,3,2,4.0,3,,1919,565,45,True,0,9,11,4,2,4
Matias Fernandez-Pardo,FWD,Newcastle,,0,0,5,0,10.9,634,0.01,0.01,0.00,1.91,40,0,0,1.7,2.2,2026-09-14T19:00:00Z,57,,13,0,0,0,0,4,0,0.1,1,1,4,4.0,1,,17294,6401,60,False,0,0,0,1,1,4
Hugo Larsson,MID,Fulham,,0,0,3,0,0.5,635,0.01,0.01,0.00,0.46,35,0,0,0.1,0.0,2026-09-12T14:00:00Z,13,,14,0,0,0,0,4,0,0.0,0,0,0,0.0,1,,843,306,50,False,0,0,0,1,0,4
Manuel Ángel Morán Ibáñez,MID,Fulham,,0,0,0,0,0.0,636,0.00,0.00,0.00,0.00,35,0,0,0.0,0.0,2026-09-12T14:00:00Z,0,,14,0,0,0,0,4,0,0.0,0,0,0,0.0,0,,371,170,50,False,0,0,0,0,0,4
Robinio Vaz,FWD,Hull City,,0,0,3,0,0.5,637,0.00,0.00,0.00,0.18,33,0,0,0.0,0.0,2026-09-12T14:00:00Z,8,,6,0,0,0,0,4,0,0.1,0,2,2,0.0,1,,12447,4051,50,False,0,0,0,1,0,4
Brooke Norton-Cuffy,DEF,Hull City,,0,0,0,0,0.3,638,0.00,0.05,0.05,0.18,33,0,0,0.7,0.0,2026-09-12T14:00:00Z,8,,6,0,0,0,0,4,0,0.2,0,2,2,7.0,0,,26078,10528,40,False,1,0,0,2,0,4
José María Andrés Baixauli,MID,Brighton,,1,0,10,0,13.1,639,0.01,0.25,0.24,0.22,38,0,0,3.4,18.8,2026-09-13T13:00:00Z,25,,7,0,0,0,0,4,0,0.0,0,5,0,2.0,4,,4125,809,55,False,0,2,0,1,1,4
Zian Flemming,FWD,Ipswich Town,,0,0,32,0,1.3,640,0.00,0.52,0.52,0.41,34,0,1,8.0,35.0,2026-09-12T14:00:00Z,27,,8,0,0,0,0,4,0,0.1,0,3,2,44.0,5,,9384,3278,55,False,0,1,0,1,0,4
Melvin Bard,DEF,Leeds,,0,0,1,0,10.3,641,0.00,0.00,0.00,0.30,40,0,0,1.5,4.4,2026-09-14T19:00:00Z,18,,17,0,0,0,0,4,0,0.0,0,1,4,0.0,1,,963,358,45,True,0,1,0,2,1,4
Sorba Thomas,MID,Hull City,,0,0,6,0,14.8,642,0.03,0.05,0.02,0.64,33,0,0,2.4,5.6,2026-09-12T14:00:00Z,30,,6,0,0,0,0,4,0,0.0,0,2,2,4.0,1,,3124,1214,55,False,0,0,0,4,0,4
Ben Chilwell,DEF,Crystal Palace,,0,0,1,0,3.5,643,0.01,0.13,0.12,0.55,34,0,0,0.8,0.2,2026-09-12T14:00:00Z,13,,12,0,0,0,0,4,0,0.4,0,3,2,4.0,1,,43151,18268,45,True,0,1,0,0,0,4
Quinten Timber,MID,Crystal Palace,,0,0,24,0,4.9,644,0.03,0.13,0.10,1.68,34,0,0,5.7,25.2,2026-09-12T14:00:00Z,90,,12,0,0,0,0,4,0,0.0,1,3,2,27.0,4,,4307,1526,50,True,0,2,16,6,8,4
Christos Mouzakitis,MID,Hull City,,0,0,0,0,0.0,645,0.00,0.00,0.00,0.00,33,0,0,0.0,0.0,2026-09-12T14:00:00Z,0,,6,0,0,0,0,4,0,0.0,0,2,2,0.0,0,,788,320,50,False,0,0,0,0,0,4
Malick Fofana,MID,Sunderland,,0,0,2,0,0.8,646,0.00,0.00,0.00,0.79,36,0,0,0.6,0.0,2026-09-12T19:00:00Z,14,,1,0,0,0,0,4,0,0.0,0,2,0,6.0,1,,4087,1742,55,True,0,0,0,0,0,4
Darío Osorio,MID,Crystal Palace,,0,0,0,0,0.0,647,0.00,0.00,0.00,0.00,34,0,0,0.0,0.0,2026-09-12T14:00:00Z,0,,12,0,0,0,0,4,0,0.0,0,3,2,0.0,0,,948,417,55,True,0,0,0,0,0,4
Jean-Mattéo Bahoya,MID,Leeds,,0,0,0,0,0.0,648,0.00,0.00,0.00,0.00,40,0,0,0.0,0.0,2026-09-14T19:00:00Z,0,,17,0,0,0,0,4,0,0.0,0,1,4,0.0,0,,2247,1150,50,True,0,0,0,0,0,4
Ainsley Maitland-Niles,DEF,Everton,,0,0,23,1,12.0,649,0.14,0.17,0.03,0.43,37,0,0,2.3,10.0,2026-09-12T16:30:00Z,74,,19,0,0,0,0,4,0,1.4,1,0,0,1.0,6,,93496,15101,45,False,0,3,0,4,2,4
David Affengruber,DEF,Fulham,,0,0,23,1,3.3,650,0.00,0.00,0.00,1.28,35,0,0,2.2,18.6,2026-09-12T14:00:00Z,90,,14,0,0,0,0,4,0,0.1,1,0,0,0.0,8,,10492,2454,45,False,0,11,12,3,1,4
Juan Angulo,FWD,Sunderland,,0,0,0,0,0.0,651,0.00,0.00,0.00,0.00,36,0,0,0.0,0.0,2026-09-12T19:00:00Z,0,,1,0,0,0,0,4,0,0.7,0,2,0,0.0,0,,91225,30595,45,True,0,0,0,0,0,4
Femi Azeez,MID,Brighton,,0,0,0,0,0.0,652,0.00,0.00,0.00,0.00,38,0,0,0.0,0.0,2026-09-13T13:00:00Z,0,,7,0,0,0,0,4,0,0.0,0,5,0,0.0,0,,442,203,55,False,0,0,0,0,0,4
Floyd Samba,MID,Man City,,0,0,0,0,0.0,653,0.00,0.00,0.00,0.00,39,0,0,0.0,0.0,2026-09-13T15:30:00Z,0,,16,0,0,0,0,4,0,0.0,0,1,0,0.0,0,,3910,2192,45,False,0,0,0,0,0,4
Braiden Graham,MID,Everton,,0,0,0,0,0.0,654,0.00,0.00,0.00,0.00,37,0,0,0.0,0.0,2026-09-12T16:30:00Z,0,,19,0,0,0,0,4,0,0.1,0,0,0,0.0,0,,11290,5346,45,False,0,0,0,0,0,4
Yann Gboho,MID,Coventry City,,0,0,0,0,0.0,655,0.00,0.00,0.00,0.00,38,0,0,0.0,0.0,2026-09-13T13:00:00Z,0,,5,0,0,0,0,4,0,0.0,0,5,0,0.0,0,,277,103,55,True,0,0,0,0,0,4
Stephen Mfuni,DEF,Coventry City,,0,0,0,0,0.0,656,0.00,0.00,0.00,0.00,38,0,0,0.0,0.0,2026-09-13T13:00:00Z,0,,5,0,0,0,0,4,0,0.1,0,5,0,0.0,0,,10266,2707,40,True,0,0,0,0,0,4
Gustavo Nunes Fernandes Gomes,MID,Brentford,,0,0,0,0,0.0,657,0.00,0.00,0.00,0.00,32,0,0,0.0,0.0,2026-09-12T14:00:00Z,0,,3,0,0,0,0,4,0,0.0,0,2,2,0.0,0,,2109,677,45,False,0,0,0,0,0,4
Younes Ibrahim,MID,Brighton,,0,0,0,0,0.0,658,0.00,0.00,0.00,0.00,38,0,0,0.0,0.0,2026-09-13T13:00:00Z,0,,7,0,0,0,0,4,0,0.0,0,5,0,0.0,0,,1483,491,45,False,0,0,0,0,0,4
Mason Miley,MID,Newcastle,,0,0,0,0,0.0,659,0.00,0.00,0.00,0.00,40,0,0,0.0,0.0,2026-09-14T19:00:00Z,0,,13,0,0,0,0,4,0,0.0,0,1,4,0.0,0,,4911,1271,45,False,0,0,0,0,0,4
David Raya Martín,GKP,Arsenal,,0,0,6,0,0.0,1,0.00,0.00,0.00,1.31,42,3,0,2.1,20.6,2026-09-19T14:00:00Z,90,,5,0,0,0,0,5,0,42.3,1,0,3,0.0,1,,975029,646041,61,False,0,0,0,14,1,5
Kepa Arrizabalaga Revuelta,GKP,Arsenal,,0,0,0,0,0.0,2,0.00,0.00,0.00,0.00,42,0,0,0.0,0.0,2026-09-19T14:00:00Z,0,,5,0,0,0,0,5,0,0.1,0,0,3,0.0,0,,1494,4292,49,False,0,0,0,0,0,5
Illan Meslier,GKP,Arsenal,,0,0,0,0,0.0,3,0.00,0.00,0.00,0.00,42,0,0,0.0,0.0,2026-09-19T14:00:00Z,0,,5,0,0,0,0,5,0,0.0,0,0,3,0.0,0,,517,1589,49,False,0,0,0,0,0,5
Gabriel dos Santos Magalhães,DEF,Arsenal,,0,0,6,0,13.1,4,0.14,0.14,0.00,1.31,42,3,0,3.9,25.8,2026-09-19T14:00:00Z,90,,5,0,0,0,0,5,0,22.7,1,0,3,0.0,1,,237976,913705,80,False,0,6,0,4,3,5
Jurriën Timber,DEF,Arsenal,,0,0,-6,0,2.3,5,0.02,0.02,0.00,0.61,42,3,0,0.7,4.2,2026-09-19T14:00:00Z,59,,5,0,0,0,0,5,0,0.4,1,0,3,0.0,0,,35772,15324,65,False,0,0,0,2,2,5
William Saliba,DEF,Arsenal,,0,0,0,0,0.0,6,0.00,0.00,0.00,0.00,42,0,0,0.0,0.0,2026-09-19T14:00:00Z,0,,5,0,0,0,0,5,0,0.2,0,0,3,0.0,0,,3512,18731,59,False,0,0,0,0,0,5
Myles Lewis-Skelly,MID,Arsenal,,0,0,0,0,0.0,7,0.00,0.00,0.00,0.00,42,0,0,0.0,0.0,2026-09-19T14:00:00Z,0,,5,0,0,0,0,5,0,0.6,0,0,3,0.0,0,,29705,49980,54,False,0,0,0,0,0,5
Riccardo Calafiori,DEF,Arsenal,,0,0,-3,0,23.7,8,0.03,0.10,0.07,1.31,42,3,0,5.5,11.2,2026-09-19T14:00:00Z,90,,5,0,0,0,0,5,0,50.5,1,0,3,20.0,1,,1664668,406418,58,False,0,2,0,5,3,5
Piero Hincapié,DEF,Arsenal,,0,0,0,0,0.0,9,0.00,0.00,0.00,0.00,42,0,0,0.0,0.0,2026-09-19T14:00:00Z,0,,5,0,0,0,0,5,0,0.9,0,0,3,0.0,0,,16365,117691,52,False,0,0,0,0,0,5
Benjamin White,DEF,Arsenal,,0,0,0,0,0.0,10,0.00,0.00,0.00,0.00,42,0,0,0.0,0.0,2026-09-19T14:00:00Z,0,,5,0,0,0,0,5,0,4.9,0,0,3,0.0,0,,456053,570239,55,False,0,0,0,0,0,5
Cristhian Mosquera,DEF,Arsenal,,0,0,0,0,0.0,11,0.00,0.00,0.00,0.00,42,0,0,0.0,0.0,2026-09-19T14:00:00Z,0,,5,0,0,0,0,5,0,1.6,0,0,3,0.0,0,,31476,468747,53,False,0,0,0,0,0,5
Bukayo Saka,MID,Arsenal,,0,0,14,0,46.8,12,0.55,0.89,0.34,1.00,42,0,0,9.9,15.8,2026-09-19T14:00:00Z,80,,5,0,0,0,0,5,0,13.9,1,0,3,36.0,2,,815982,400720,95,False,0,0,0,1,1,5
Declan Rice,MID,Arsenal,,0,0,13,0,18.1,13,0.06,0.08,0.02,1.31,42,0,0,3.0,10.6,2026-09-19T14:00:00Z,90,,5,0,0,0,0,5,0,11.5,1,0,3,1.0,1,,119629,733628,74,False,1,2,0,4,2,5
Eberechi Eze,MID,Arsenal,,0,0,5,0,2.1,14,0.02,0.02,0.00,0.54,42,0,0,0.7,1.2,2026-09-19T14:00:00Z,17,,5,0,0,0,0,5,0,1.0,0,0,3,4.0,1,,23757,140023,62,False,0,0,0,0,0,5
Martin Ødegaard,MID,Arsenal,,0,0,10,0,6.2,15,0.02,0.09,0.07,0.77,42,0,0,1.1,0.0,2026-09-19T14:00:00Z,72,,5,0,0,0,0,5,0,19.8,1,0,3,5.0,2,,1641442,553996,68,False,0,1,0,1,0,5
Noni Madueke,MID,Arsenal,,0,0,0,0,0.0,16,0.00,0.00,0.00,0.00,42,0,0,0.0,0.0,2026-09-19T14:00:00Z,0,,5,0,0,0,0,5,0,0.2,0,0,3,0.0,0,,6070,26052,62,False,0,0,0,0,0,5
Mikel Merino Zazón,MID,Arsenal,,0,0,4,0,0.8,17,0.13,0.13,0.00,0.70,42,0,0,0.6,3.4,2026-09-19T14:00:00Z,30,,5,0,0,0,0,5,0,0.4,0,0,3,2.0,1,,9567,48309,57,False,0,1,0,3,0,5
Gabriel Martinelli Silva,MID,Arsenal,,0,0,0,0,0.0,18,0.00,0.00,0.00,0.00,42,0,0,0.0,0.0,2026-09-19T14:00:00Z,0,,5,0,0,0,0,5,0,0.1,0,0,3,0.0,0,,2483,21910,63,False,0,0,0,0,0,5
Martín Zubimendi Ibáñez,MID,Arsenal,,0,0,2,0,0.8,19,0.00,0.13,0.13,0.70,42,0,0,1.9,0.0,2026-09-19T14:00:00Z,30,,5,0,0,0,0,5,0,0.6,0,0,3,18.0,1,,8551,66854,53,False,0,1,0,0,0,5
Max Dowman,MID,Arsenal,,0,0,4,0,14.8,20,0.08,0.08,0.00,0.31,42,0,0,1.7,2.0,2026-09-19T14:00:00Z,9,,5,0,0,0,0,5,0,0.1,0,0,3,0.0,1,,3068,7347,53,False,0,0,0,0,0,5
Christian Nørgaard,MID,Everton,,0,0,0,0,0.0,21,0.00,0.00,0.00,0.00,43,0,0,0.0,0.0,2026-09-19T14:00:00Z,0,,12,0,0,0,0,5,0,0.0,0,0,1,0.0,0,,501,7449,48,True,0,0,0,0,0,5
Ethan Nwaneri,MID,Arsenal,,0,0,0,0,0.0,22,0.00,0.00,0.00,0.00,42,0,0,0.0,0.0,2026-09-19T14:00:00Z,0,,5,0,0,0,0,5,0,0.0,0,0,3,0.0,0,,233,1256,54,False,0,0,0,0,0,5
Fábio Ferreira Vieira,MID,Arsenal,,0,0,0,0,0.0,23,0.00,0.00,0.00,0.00,42,0,0,0.0,0.0,2026-09-19T14:00:00Z,0,,5,0,0,0,0,5,0,0.0,0,0,3,0.0,0,,255,923,55,False,0,0,0,0,0,5
Reiss Nelson,MID,Arsenal,,0,0,0,0,0.0,24,0.00,0.00,0.00,0.00,42,0,0,0.0,0.0,2026-09-19T14:00:00Z,0,,5,0,0,0,0,5,0,0.0,0,0,3,0.0,0,,68,678,55,False,0,0,0,0,0,5
Viktor Gyökeres,FWD,Arsenal,,0,0,5,0,14.6,25,0.23,0.23,0.00,0.54,42,0,0,1.4,0.0,2026-09-19T14:00:00Z,17,,5,0,0,0,0,5,0,3.2,0,0,3,0.0,1,,44503,612492,71,False,0,0,0,0,0,5
Kai Havertz,FWD,Arsenal,,0,0,5,0,5.3,26,0.02,0.80,0.78,1.31,42,0,0,3.9,5.2,2026-09-19T14:00:00Z,90,,5,0,0,0,0,5,0,8.2,1,0,3,28.0,2,,654143,433219,76,False,0,2,0,1,0,5
Gabriel Fernando de Jesus,FWD,Arsenal,,0,0,0,0,0.0,27,0.00,0.00,0.00,0.00,42,0,0,0.0,0.0,2026-09-19T14:00:00Z,0,,5,0,0,0,0,5,0,0.1,0,0,3,0.0,0,,4164,29355,59,False,0,0,0,0,0,5
Emiliano Martínez Romero,GKP,Chelsea,,0,0,7,0,10.0,28,0.00,0.00,0.00,2.65,41,3,0,3.6,26.0,2026-09-18T19:00:00Z,90,,4,0,0,0,0,5,3,4.7,1,0,3,0.0,2,,246162,247696,50,False,0,0,0,6,0,5
Marco Bizot,GKP,Aston Villa,,0,0,0,0,0.0,29,0.00,0.00,0.00,0.00,48,0,0,0.0,0.0,2026-09-19T11:30:00Z,0,,19,0,0,0,0,5,0,0.1,0,3,2,0.0,0,,4662,7439,45,False,0,0,0,0,0,5
Lucas Digne,DEF,Aston Villa,,0,0,0,0,0.0,30,0.00,0.00,0.00,0.00,48,0,0,0.0,0.0,2026-09-19T11:30:00Z,0,,19,0,0,0,0,5,0,0.0,0,3,2,0.0,0,,0,8658,45,False,0,0,0,0,0,5
Ezri Konsa Ngoyo,DEF,Arsenal,,0,0,2,0,12.3,31,0.01,0.24,0.23,1.31,42,3,0,3.3,10.6,2026-09-19T14:00:00Z,90,,5,0,0,0,0,5,0,19.4,1,0,3,10.0,1,,1470141,644128,46,False,0,4,0,3,0,5
Matty Cash,DEF,Aston Villa,,0,0,-7,0,3.1,32,0.00,0.00,0.00,0.92,48,2,0,0.7,4.0,2026-09-19T11:30:00Z,45,,19,0,0,0,0,5,0,4.8,0,3,2,0.0,-1,,95546,420549,44,False,1,3,0,0,0,5
Tyrone Mings,DEF,Aston Villa,,0,0,10,0,0.6,33,0.00,0.00,0.00,1.56,48,2,0,2.8,27.4,2026-09-19T11:30:00Z,90,,19,0,0,0,0,5,0,0.4,1,3,2,0.0,3,,16670,17551,45,False,0,12,13,3,1,5
Pau Torres,DEF,Aston Villa,,0,0,0,0,0.0,34,0.00,0.00,0.00,0.00,48,0,0,0.0,0.0,2026-09-19T11:30:00Z,0,,19,0,0,0,0,5,0,0.3,0,3,2,0.0,0,,11240,27670,44,False,0,0,0,0,0,5
Lamare Bogarde,MID,Aston Villa,,0,0,0,0,0.0,35,0.00,0.00,0.00,0.00,48,0,0,0.0,0.0,2026-09-19T11:30:00Z,0,,19,0,0,0,0,5,0,0.1,0,3,2,0.0,0,,2919,4782,49,False,0,0,0,0,0,5
Ian Maatsen,DEF,Aston Villa,,0,0,0,0,0.0,36,0.00,0.00,0.00,0.00,48,0,0,0.0,0.0,2026-09-19T11:30:00Z,0,,19,0,0,0,0,5,0,0.5,0,3,2,0.0,0,,31897,62331,44,False,0,0,0,0,0,5
Victor Lindelöf,DEF,Aston Villa,,0,0,1,0,10.0,37,0.00,0.00,0.00,1.56,48,2,0,2.9,18.8,2026-09-19T11:30:00Z,90,,19,0,0,0,0,5,0,0.3,1,3,2,0.0,1,,14786,14433,45,False,0,6,0,2,0,5
Andrés García,DEF,Aston Villa,,0,0,0,0,0.0,38,0.00,0.00,0.00,0.00,48,0,0,0.0,0.0,2026-09-19T11:30:00Z,0,,19,0,0,0,0,5,0,1.5,0,3,2,0.0,0,,45385,68288,40,False,0,0,0,0,0,5
Kosta Nedeljkovic,DEF,Aston Villa,,0,0,0,0,0.0,39,0.00,0.00,0.00,0.00,48,0,0,0.0,0.0,2026-09-19T11:30:00Z,0,,19,0,0,0,0,5,0,0.1,0,3,2,0.0,0,,0,15284,40,False,0,0,0,0,0,5
Morgan Rogers,MID,Chelsea,,0,0,17,0,20.6,40,0.07,0.40,0.33,2.65,41,0,0,6.1,10.0,2026-09-18T19:00:00Z,90,,4,0,0,0,0,5,0,40.6,1,0,3,30.0,2,,2494253,666480,77,False,0,2,0,6,0,5
Emiliano Buendía Stati,MID,Aston Villa,,0,3,50,0,36.3,41,0.07,0.21,0.14,1.56,48,0,1,13.2,61.0,2026-09-19T11:30:00Z,90,,19,0,0,0,0,5,0,1.0,1,3,2,35.0,12,,61249,95809,59,False,0,2,15,6,7,5
Evann Guessand,MID,Crystal Palace,,0,0,0,0,0.0,42,0.00,0.00,0.00,0.00,44,0,0,0.0,0.0,2026-09-20T13:00:00Z,0,,13,0,0,0,0,5,0,0.0,0,0,0,0.0,0,,2410,3649,54,False,0,0,0,0,0,5
Youri Tielemans,MID,Man Utd,,0,0,22,0,22.3,43,0.20,0.29,0.09,1.62,50,0,0,4.7,18.2,2026-09-20T15:30:00Z,90,,10,0,0,0,0,5,0,1.5,1,1,1,6.0,4,,44789,161802,58,False,0,2,13,8,3,5
Leon Bailey,MID,Aston Villa,,0,0,0,0,0.0,44,0.00,0.00,0.00,0.00,48,0,0,0.0,0.0,2026-09-19T11:30:00Z,0,,19,0,0,0,0,5,0,0.1,0,3,2,0.0,0,,2096,13258,54,False,0,0,0,0,0,5
John McGinn,MID,Aston Villa,,1,0,19,1,33.5,45,0.04,0.04,0.00,0.78,48,0,0,5.7,23.0,2026-09-19T11:30:00Z,83,,19,0,0,0,0,5,0,2.2,1,3,2,0.0,6,,71282,156239,54,False,0,2,0,4,0,5
Ross Barkley,MID,Aston Villa,,0,0,3,0,0.8,46,0.00,0.00,0.00,0.78,48,0,0,0.1,0.6,2026-09-19T11:30:00Z,6,,19,0,0,0,0,5,0,0.3,0,3,2,0.0,1,,16160,16350,50,False,0,1,0,3,0,5
Boubacar Kamara,MID,Aston Villa,,1,0,26,1,13.2,47,0.01,0.13,0.12,0.78,48,0,0,3.8,21.0,2026-09-19T11:30:00Z,83,,19,0,0,0,0,5,0,0.3,1,3,2,4.0,6,,14602,21628,50,False,0,1,0,3,2,5
Amadou Onana,MID,Aston Villa,,0,0,0,0,0.0,48,0.00,0.00,0.00,0.00,48,0,0,0.0,0.0,2026-09-19T11:30:00Z,0,,19,0,0,0,0,5,0,0.0,0,3,2,0.0,0,,515,1671,49,False,0,0,0,0,0,5
Samuel Iling-Junior,MID,Aston Villa,,0,0,0,0,0.0,49,0.00,0.00,0.00,0.00,48,0,0,0.0,0.0,2026-09-19T11:30:00Z,0,,19,0,0,0,0,5,0,0.0,0,3,2,0.0,0,,0,237,50,False,0,0,0,0,0,5
Bradley Burrowes,MID,Aston Villa,,0,0,0,0,0.0,50,0.00,0.00,0.00,0.00,48,0,0,0.0,0.0,2026-09-19T11:30:00Z,0,,19,0,0,0,0,5,0,0.6,0,3,2,0.0,0,,21492,35262,45,False,0,0,0,0,0,5
George Hemmings,MID,Aston Villa,,0,0,2,0,1.2,51,0.00,0.00,0.00,0.87,48,0,0,0.0,0.0,2026-09-19T11:30:00Z,18,,19,0,0,0,0,5,0,1.2,0,3,2,0.0,1,,116047,70142,45,False,0,0,0,0,0,5
Alysson Edward Franco da Rocha dos Santos,MID,Aston Villa,,0,0,0,0,0.0,52,0.00,0.00,0.00,0.00,48,0,0,0.0,0.0,2026-09-19T11:30:00Z,0,,19,0,0,0,0,5,0,0.0,0,3,2,0.0,0,,3355,3686,50,False,0,0,0,0,0,5
Johan Manzambi,MID,Aston Villa,,1,2,45,1,25.8,53,0.16,0.60,0.44,0.68,48,0,1,14.9,63.2,2026-09-19T11:30:00Z,71,,19,0,0,0,0,5,0,0.4,1,3,2,60.0,13,,32544,20379,59,False,0,2,0,4,1,5
Joao Gomes,MID,Aston Villa,,0,0,13,0,13.8,54,0.02,0.02,0.00,1.56,48,0,0,3.6,22.6,2026-09-19T11:30:00Z,90,,19,0,0,0,0,5,0,0.0,1,3,2,0.0,4,,1336,4115,55,False,0,5,13,3,5,5
Ollie Watkins,FWD,Aston Villa,,0,0,0,0,0.0,55,0.00,0.00,0.00,0.00,48,0,0,0.0,0.0,2026-09-19T11:30:00Z,0,,19,0,0,0,0,5,0,2.5,0,3,2,0.0,0,,14882,761096,78,False,0,0,0,0,0,5
Tammy Abraham,FWD,Aston Villa,,0,0,3,0,2.4,56,0.00,0.00,0.00,0.43,48,0,0,0.2,0.0,2026-09-19T11:30:00Z,2,,19,0,0,0,0,5,0,0.2,0,3,2,0.0,1,,15876,13018,55,False,0,0,0,0,0,5
Đorđe Petrović,GKP,Bournemouth,,0,0,12,0,0.0,57,0.00,0.00,0.00,1.65,49,0,0,1.8,18.2,2026-09-20T13:00:00Z,90,,14,0,0,0,0,5,0,3.0,1,1,0,0.0,2,,112890,125290,45,True,0,0,0,12,0,5
Fraser Forster,GKP,Bournemouth,,0,0,0,0,0.0,58,0.00,0.00,0.00,0.00,49,0,0,0.0,0.0,2026-09-20T13:00:00Z,0,,14,0,0,0,0,5,0,3.5,0,1,0,0.0,0,,117900,79619,40,True,0,0,0,0,0,5
Will Dennis,GKP,Bournemouth,,0,0,0,0,0.0,59,0.00,0.00,0.00,0.00,49,0,0,0.0,0.0,2026-09-20T13:00:00Z,0,,14,0,0,0,0,5,0,0.1,0,1,0,0.0,0,,1133,7556,40,True,0,0,0,0,0,5
James Hill,DEF,Bournemouth,,0,0,15,0,5.1,60,0.02,0.02,0.00,1.65,49,0,0,4.9,43.6,2026-09-20T13:00:00Z,90,,14,0,0,0,0,5,0,0.8,1,1,0,0.0,4,,31233,43909,55,True,0,11,15,3,4,5
Adrien Truffert,DEF,Bournemouth,,0,0,6,0,11.8,61,0.06,0.08,0.02,1.65,49,0,0,2.9,12.6,2026-09-20T13:00:00Z,90,,14,0,0,0,0,5,0,3.0,1,1,0,5.0,2,,56893,161280,54,True,0,5,0,3,2,5
Bafodé Diakité,DEF,Bournemouth,,0,0,0,0,0.0,62,0.00,0.00,0.00,0.00,49,0,0,0.0,0.0,2026-09-20T13:00:00Z,0,,14,0,0,0,0,5,0,0.2,0,1,0,0.0,0,,7156,12081,49,True,0,0,0,0,0,5
Veljko Milosavljevic,DEF,Bournemouth,,0,0,0,0,0.0,63,0.00,0.00,0.00,0.00,49,0,0,0.0,0.0,2026-09-20T13:00:00Z,0,,14,0,0,0,0,5,0,0.0,0,1,0,0.0,0,,342,847,49,True,0,0,0,0,0,5
Adam Smith,DEF,Bournemouth,,0,0,3,0,0.8,64,0.02,0.02,0.00,1.40,49,0,0,0.0,0.0,2026-09-20T13:00:00Z,74,,14,0,0,0,0,5,0,0.1,1,1,0,0.0,2,,7234,7343,45,True,0,0,0,2,0,5
Julián Araujo Zúñiga,DEF,Bournemouth,,0,0,0,0,0.0,65,0.00,0.00,0.00,0.00,49,0,0,0.0,0.0,2026-09-20T13:00:00Z,0,,14,0,0,0,0,5,0,0.0,0,1,0,0.0,0,,426,1296,44,True,0,0,0,0,0,5
Julio Soler Barreto,DEF,Bournemouth,,0,0,0,0,0.0,66,0.00,0.00,0.00,0.00,49,0,0,0.0,0.0,2026-09-20T13:00:00Z,0,,14,0,0,0,0,5,0,0.3,0,1,0,0.0,0,,13860,11075,40,True,0,0,0,0,0,5
Rayan Vitor Simplício Rocha,MID,Bournemouth,,0,0,17,0,16.9,67,0.35,0.35,0.00,1.40,49,0,0,3.3,8.4,2026-09-20T13:00:00Z,87,,14,0,0,0,0,5,0,1.6,1,1,0,8.0,2,,53081,169776,63,True,0,1,0,1,2,5
Marcus Tavernier,MID,Bournemouth,,0,0,14,0,19.1,68,0.11,0.11,0.00,1.40,49,0,0,3.4,10.8,2026-09-20T13:00:00Z,74,,14,0,0,0,0,5,0,6.8,1,1,0,4.0,2,,701022,222963,61,True,0,0,0,3,3,5
Alex Scott,MID,Bournemouth,,0,0,17,0,40.5,69,0.07,0.19,0.12,1.65,49,0,0,6.2,8.2,2026-09-20T13:00:00Z,90,,14,0,0,0,0,5,0,5.8,1,1,0,13.0,2,,550143,212144,61,True,0,0,0,8,0,5
Justin Kluivert,MID,Bournemouth,,0,0,0,0,0.0,70,0.00,0.00,0.00,0.00,49,0,0,0.0,0.0,2026-09-20T13:00:00Z,0,,14,0,0,0,0,5,0,0.9,0,1,0,0.0,0,,52663,84208,60,True,0,0,0,0,0,5
Lewis Cook,MID,Bournemouth,,0,0,3,0,0.3,71,0.00,0.00,0.00,0.25,49,0,0,0.3,2.8,2026-09-20T13:00:00Z,15,,14,0,0,0,0,5,0,0.2,0,1,0,0.0,1,,13120,13990,50,True,0,1,0,1,0,5
Ben Gannon-Doak,MID,Bournemouth,,0,0,3,0,0.8,72,0.02,0.02,0.00,0.25,49,0,0,0.3,0.2,2026-09-20T13:00:00Z,2,,14,0,0,0,0,5,0,0.1,0,1,0,2.0,1,,1654,4663,49,True,0,0,0,0,0,5
Tyler Adams,MID,Bournemouth,,0,0,13,0,12.9,73,0.04,0.04,0.00,1.40,49,0,0,2.8,15.4,2026-09-20T13:00:00Z,87,,14,0,0,0,0,5,0,0.3,1,1,0,0.0,4,,18376,16726,50,True,0,5,13,6,2,5
David Brooks,MID,Bournemouth,,0,0,4,0,21.7,74,0.06,0.06,0.00,0.25,49,0,0,2.7,5.0,2026-09-20T13:00:00Z,15,,14,0,0,0,0,5,0,0.1,0,1,0,0.0,1,,3379,3804,50,True,0,0,0,2,0,5
Ryan Christie,MID,Bournemouth,,0,0,0,0,2.4,75,0.01,0.51,0.50,1.40,49,0,0,2.4,0.0,2026-09-20T13:00:00Z,74,,14,0,0,0,0,5,0,0.0,1,1,0,27.0,2,,3570,2210,50,True,0,0,0,5,0,5
Alex Tóth,MID,Bournemouth,,0,0,3,0,0.1,76,0.00,0.00,0.00,0.25,49,0,0,0.0,0.2,2026-09-20T13:00:00Z,2,,14,0,0,0,0,5,0,0.0,0,1,0,0.0,1,,386,786,49,True,0,0,0,0,0,5
Amine Adli,MID,Bournemouth,,0,0,0,0,0.0,77,0.00,0.00,0.00,0.00,49,0,0,0.0,0.0,2026-09-20T13:00:00Z,0,,14,0,0,0,0,5,0,0.0,0,1,0,0.0,0,,298,2220,49,True,0,0,0,0,0,5
Junior Kroupi,MID,Bournemouth,,0,0,0,0,0.0,78,0.00,0.00,0.00,0.00,49,0,0,0.0,0.0,2026-09-20T13:00:00Z,0,,14,0,0,0,0,5,0,0.2,0,1,0,0.0,0,,1259,27448,74,True,0,0,0,0,0,5
Francisco Evanilson de Lima Barbosa,FWD,Bournemouth,,0,0,12,0,3.4,79,0.01,0.17,0.16,1.65,49,0,0,6.4,11.0,2026-09-20T13:00:00Z,90,,14,0,0,0,0,5,0,3.2,1,1,0,50.0,2,,255398,177065,60,True,0,1,0,2,2,5
Enes Ünal,FWD,Bournemouth,,0,0,0,0,0.0,80,0.00,0.00,0.00,0.00,49,0,0,0.0,0.0,2026-09-20T13:00:00Z,0,,14,0,0,0,0,5,0,0.0,0,1,0,0.0,0,,0,1987,55,True,0,0,0,0,0,5
Álvaro Rodríguez,FWD,Bournemouth,,0,0,0,0,0.0,81,0.00,0.00,0.00,0.00,49,0,0,0.0,0.0,2026-09-20T13:00:00Z,0,,14,0,0,0,0,5,0,0.1,0,1,0,0.0,0,,5568,6885,60,True,0,0,0,0,0,5
Caoimhín Kelleher,GKP,Brentford,,0,0,27,1,0.0,82,0.00,0.00,0.00,0.83,41,0,0,1.6,16.4,2026-09-18T19:00:00Z,90,,6,0,0,0,0,5,0,6.1,1,0,3,0.0,6,,252924,215004,50,True,0,2,0,8,0,5
Hákon Rafn Valdimarsson,GKP,Brentford,,0,0,0,0,0.0,83,0.00,0.00,0.00,0.00,41,0,0,0.0,0.0,2026-09-18T19:00:00Z,0,,6,0,0,0,0,5,0,0.1,0,0,3,0.0,0,,2886,4606,45,True,0,0,0,0,0,5
Nathan Collins,DEF,Brentford,,0,0,0,0,0.0,84,0.00,0.00,0.00,0.00,41,0,0,0.0,0.0,2026-09-18T19:00:00Z,0,,6,0,0,0,0,5,0,0.9,0,0,3,0.0,0,,58746,157349,54,True,0,0,0,0,0,5
Sepp van den Berg,DEF,Brentford,,0,0,0,0,0.0,85,0.00,0.00,0.00,0.00,41,0,0,0.0,0.0,2026-09-18T19:00:00Z,0,,6,0,0,0,0,5,0,0.1,0,0,3,0.0,0,,414,8985,49,True,0,0,0,0,0,5
Keane Lewis-Potter,MID,Brentford,,0,0,15,1,15.1,86,0.01,0.16,0.15,0.70,41,0,0,5.8,19.0,2026-09-18T19:00:00Z,80,,6,0,0,0,0,5,0,1.7,1,0,3,24.0,3,,190552,120949,55,True,0,5,0,3,1,5
Kristoffer Ajer,DEF,Brentford,,0,1,29,1,11.3,87,0.05,0.05,0.00,0.83,41,0,0,3.5,19.4,2026-09-18T19:00:00Z,90,,6,0,0,0,0,5,0,3.9,1,0,3,4.0,7,,317785,277731,45,True,0,9,0,3,0,5
Michael Kayode,DEF,Brentford,,0,0,20,1,1.0,88,0.07,0.07,0.00,0.55,41,0,0,0.4,2.6,2026-09-18T19:00:00Z,68,,6,0,0,0,0,5,0,7.6,1,0,3,0.0,6,,597270,368969,46,True,0,1,0,2,1,5
Rico Henry,DEF,Brentford,,0,0,0,0,0.0,89,0.00,0.00,0.00,0.00,41,0,0,0.0,0.0,2026-09-18T19:00:00Z,0,,6,0,0,0,0,5,0,0.2,0,0,3,0.0,0,,1991,8633,44,True,0,0,0,0,0,5
Aaron Hickey,DEF,Brentford,,0,0,5,0,0.3,90,0.01,0.01,0.00,0.28,41,0,0,1.2,11.2,2026-09-18T19:00:00Z,21,,6,0,0,0,0,5,0,0.1,0,0,3,0.0,1,,2111,3000,45,True,0,4,0,0,0,5
Ethan Pinnock,DEF,Coventry City,,0,0,24,1,0.3,91,0.00,0.00,0.00,1.10,47,0,0,5.1,50.8,2026-09-19T16:30:00Z,90,,18,0,0,0,0,5,0,0.1,1,1,0,0.0,8,,2606,4018,45,False,0,19,19,1,0,5
Kim Ji-soo,DEF,Brentford,,0,0,0,0,0.0,92,0.00,0.00,0.00,0.00,41,0,0,0.0,0.0,2026-09-18T19:00:00Z,0,,6,0,0,0,0,5,0,0.0,0,0,3,0.0,0,,496,963,44,True,0,0,0,0,0,5
Jannik Schuster,DEF,Brentford,,1,3,43,1,10.8,93,0.52,0.52,0.00,0.83,41,0,0,6.8,53.0,2026-09-18T19:00:00Z,90,,6,0,0,0,0,5,0,0.3,1,0,3,4.0,14,,17818,7138,45,True,0,15,16,3,1,5
Kevin Schade,MID,Brentford,,2,0,27,1,3.5,94,0.02,0.56,0.54,0.83,41,0,0,4.6,11.4,2026-09-18T19:00:00Z,90,,6,0,0,0,0,5,0,11.8,1,0,3,31.0,9,,1038036,248971,62,True,0,2,0,4,1,5
Dango Ouattara,MID,Brentford,,0,0,2,0,0.0,95,0.00,0.00,0.00,0.13,41,0,0,0.0,0.2,2026-09-18T19:00:00Z,9,,6,0,0,0,0,5,0,0.5,0,0,3,0.0,1,,15243,82468,63,True,0,0,0,0,0,5
Mikkel Damsgaard,MID,Brentford,,0,0,15,1,23.2,96,0.28,0.32,0.04,0.70,41,0,0,4.1,13.2,2026-09-18T19:00:00Z,86,,6,0,0,0,0,5,0,0.4,1,0,3,5.0,3,,15310,30455,54,True,0,2,0,4,4,5
Mathias Jensen,MID,Brentford,,0,0,0,0,0.0,97,0.00,0.00,0.00,0.00,41,0,0,0.0,0.0,2026-09-18T19:00:00Z,0,,6,0,0,0,0,5,0,0.1,0,0,3,0.0,0,,4507,15121,54,True,0,0,0,0,0,5
Vitaly Janelt,MID,Brentford,,0,0,13,1,5.8,98,0.04,0.07,0.03,0.83,41,0,0,2.6,18.0,2026-09-18T19:00:00Z,90,,6,0,0,0,0,5,0,2.5,1,0,3,2.0,3,,308032,108206,50,True,0,2,0,4,3,5
Antoni Milambo,MID,Brentford,,0,0,0,0,0.0,99,0.00,0.00,0.00,0.00,41,0,0,0.0,0.0,2026-09-18T19:00:00Z,0,,6,0,0,0,0,5,0,0.0,0,0,3,0.0,0,,116,160,50,True,0,0,0,0,0,5
Fábio Freitas Gouveia Carvalho,MID,Brentford,,0,0,23,0,0.3,100,0.00,0.43,0.43,0.13,41,0,1,6.7,33.2,2026-09-18T19:00:00Z,3,,6,0,0,0,0,5,0,0.0,0,0,3,33.0,6,,1921,1461,50,True,0,0,0,0,0,5
Jordan Henderson,MID,Chelsea,,0,0,16,0,10.4,101,0.08,0.08,0.00,2.65,41,0,0,2.7,16.6,2026-09-18T19:00:00Z,90,,4,0,0,0,0,5,0,0.0,1,0,3,0.0,2,,1153,2643,49,False,0,2,0,7,1,5
Yehor Yarmoliuk,MID,Brentford,,0,0,19,1,21.0,102,0.06,0.09,0.03,0.55,41,0,0,5.1,23.4,2026-09-18T19:00:00Z,68,,6,0,0,0,0,5,0,0.6,1,0,3,7.0,3,,5887,61868,48,True,0,3,0,5,2,5
Josh Dasilva,MID,Brentford,,0,0,0,0,0.0,103,0.00,0.00,0.00,0.00,41,0,0,0.0,0.0,2026-09-18T19:00:00Z,0,,6,0,0,0,0,5,0,0.0,0,0,3,0.0,0,,401,1953,49,True,0,0,0,0,0,5
Frank Onyeka,MID,Coventry City,,0,0,10,1,1.8,104,0.00,0.00,0.00,1.10,47,0,0,1.1,9.2,2026-09-19T16:30:00Z,90,,18,0,0,0,0,5,0,0.1,1,1,0,0.0,3,,3995,9604,49,False,0,4,0,3,2,5
Jaidon Anthony,MID,Brentford,,0,2,31,1,11.0,105,0.02,0.98,0.96,0.70,41,0,1,8.5,36.6,2026-09-18T19:00:00Z,80,,6,0,0,0,0,5,0,0.1,1,0,3,37.0,10,,7521,11066,59,True,0,1,0,1,0,5
Igor Thiago Nascimento Rodrigues,FWD,Brentford,,0,0,26,0,16.0,106,0.03,0.75,0.72,0.83,41,0,1,7.4,28.2,2026-09-18T19:00:00Z,90,,6,0,0,0,0,5,0,9.1,1,0,3,30.0,5,,284742,1037892,78,True,1,0,0,2,1,5
Kaye Furo,FWD,Brentford,,0,0,0,0,0.0,107,0.00,0.00,0.00,0.00,41,0,0,0.0,0.0,2026-09-18T19:00:00Z,0,,6,0,0,0,0,5,0,0.9,0,0,3,0.0,0,,61736,67147,45,True,0,0,0,0,0,5
Callum Wilson,FWD,Brentford,,0,0,0,0,0.0,108,0.00,0.00,0.00,0.00,41,0,0,0.0,0.0,2026-09-18T19:00:00Z,0,,6,0,0,0,0,5,0,0.3,0,0,3,0.0,0,,15657,26644,54,True,0,0,0,0,0,5
Bart Verbruggen,GKP,Brighton,,0,0,27,1,0.0,109,0.00,0.00,0.00,1.63,42,0,0,2.0,20.0,2026-09-19T14:00:00Z,90,,1,0,0,0,0,5,0,21.6,1,0,3,0.0,6,,771651,613220,45,True,0,0,0,4,0,5
Carl Rushworth,GKP,Coventry City,,1,2,38,1,10.0,110,0.00,0.00,0.00,1.10,47,0,0,3.9,29.0,2026-09-19T16:30:00Z,90,,18,0,0,0,0,5,0,0.8,1,1,0,0.0,11,,23915,59368,45,False,0,0,0,10,0,5
Jason Steele,GKP,Brighton,,0,0,0,0,0.0,111,0.00,0.00,0.00,0.00,42,0,0,0.0,0.0,2026-09-19T14:00:00Z,0,,1,0,0,0,0,5,0,4.1,0,0,3,0.0,0,,147770,121515,40,True,0,0,0,0,0,5
Jan Paul van Hecke,DEF,Spurs,,0,0,17,0,30.4,112,0.30,0.65,0.35,1.16,48,3,1,10.9,62.0,2026-09-19T11:30:00Z,90,,2,0,0,0,0,5,0,6.5,1,3,2,17.0,6,,155401,480775,49,True,1,6,0,4,3,5
Ferdi Kadıoğlu,DEF,Brighton,,0,0,18,1,13.5,113,0.02,0.06,0.04,0.89,42,0,0,2.8,9.4,2026-09-19T14:00:00Z,75,,1,0,0,0,0,5,0,1.6,1,0,3,5.0,5,,30744,134998,44,True,1,3,0,3,0,5
Olivier Boscagli,DEF,Brighton,,0,0,24,1,5.2,114,0.02,0.03,0.01,1.63,42,0,0,2.0,13.0,2026-09-19T14:00:00Z,90,,1,0,0,0,0,5,0,0.3,1,0,3,2.0,6,,16466,11937,45,True,0,5,0,2,2,5
Maxim De Cuyper,DEF,Brighton,,0,1,30,1,33.8,115,0.23,0.25,0.02,1.63,42,0,0,5.2,14.6,2026-09-19T14:00:00Z,90,,1,0,0,0,0,5,0,27.9,1,0,3,4.0,6,,2734862,409330,50,True,1,3,0,4,4,5
Lewis Dunk,DEF,Brighton,,0,0,0,0,0.0,116,0.00,0.00,0.00,0.00,42,0,0,0.0,0.0,2026-09-19T14:00:00Z,0,,1,0,0,0,0,5,0,1.5,0,0,3,0.0,0,,89258,51953,45,True,0,0,0,0,0,5
Diego Coppola,DEF,Brighton,,0,0,0,0,0.0,117,0.00,0.00,0.00,0.00,42,0,0,0.0,0.0,2026-09-19T14:00:00Z,0,,1,0,0,0,0,5,0,0.0,0,0,3,0.0,0,,927,1067,45,True,0,0,0,0,0,5
Igor Julio dos Santos de Paulo,DEF,Brighton,,0,0,0,0,0.0,118,0.00,0.00,0.00,0.00,42,0,0,0.0,0.0,2026-09-19T14:00:00Z,0,,1,0,0,0,0,5,0,0.0,0,0,3,0.0,0,,915,5956,45,True,0,0,0,0,0,5
João Pedro Loureiro da Costa,DEF,Brighton,,0,0,2,0,3.0,119,0.14,0.14,0.00,0.74,42,0,0,0.4,1.2,2026-09-19T14:00:00Z,14,,1,0,0,0,0,5,0,0.0,0,0,3,0.0,1,,1287,1466,45,True,0,1,0,0,0,5
Michael Svoboda,DEF,Brighton,,0,0,5,0,0.0,120,0.00,0.00,0.00,0.14,42,0,0,0.2,2.4,2026-09-19T14:00:00Z,4,,1,0,0,0,0,5,0,0.1,0,0,3,0.0,1,,4536,4007,50,True,0,0,0,1,1,5
Mitoma Kaoru,MID,Brighton,,0,0,0,0,0.0,121,0.00,0.00,0.00,0.00,42,0,0,0.0,0.0,2026-09-19T14:00:00Z,0,,1,0,0,0,0,5,0,0.0,0,0,3,0.0,0,,566,3123,59,True,0,0,0,0,0,5
Yankuba Minteh,MID,Brighton,,0,0,0,0,0.0,122,0.00,0.00,0.00,0.00,42,0,0,0.0,0.0,2026-09-19T14:00:00Z,0,,1,0,0,0,0,5,0,0.0,0,0,3,0.0,0,,338,6916,58,True,0,0,0,0,0,5
Jack Hinshelwood,MID,Brighton,,0,0,0,0,0.0,123,0.00,0.00,0.00,0.00,42,0,0,0.0,0.0,2026-09-19T14:00:00Z,0,,1,0,0,0,0,5,0,0.6,0,0,3,0.0,0,,147919,216383,59,True,0,0,0,0,0,5
Pascal Groß,MID,Brighton,,1,3,47,1,30.3,124,0.25,0.36,0.11,1.63,42,0,1,10.5,58.4,2026-09-19T14:00:00Z,90,,1,0,0,0,0,5,0,29.4,1,0,3,16.0,14,,2191665,543603,59,True,0,3,0,1,1,5
Georginio Rutter,FWD,Brighton,,0,0,2,0,0.3,125,0.01,0.10,0.09,0.74,42,0,0,0.5,0.4,2026-09-19T14:00:00Z,14,,1,0,0,0,0,5,0,0.5,0,0,3,4.0,1,,34858,76699,53,True,0,0,0,2,0,5
Matt O'Riley,MID,Brighton,,0,0,2,0,0.0,126,0.00,0.28,0.28,0.14,42,0,0,2.5,6.0,2026-09-19T14:00:00Z,4,,1,0,0,0,0,5,0,0.1,0,0,3,19.0,1,,3624,6550,54,True,0,2,0,0,0,5
Diego Gómez Amarilla,MID,Brighton,,1,0,19,1,22.6,127,0.02,0.02,0.00,1.48,42,0,0,5.6,29.0,2026-09-19T14:00:00Z,85,,1,0,0,0,0,5,0,3.9,1,0,3,4.0,8,,335423,302345,50,True,0,1,13,7,5,5
Facundo Buonanotte,MID,Brighton,,0,0,0,0,0.0,128,0.00,0.00,0.00,0.00,42,0,0,0.0,0.0,2026-09-19T14:00:00Z,0,,1,0,0,0,0,5,0,0.0,0,0,3,0.0,0,,0,330,50,True,0,0,0,0,0,5
Yasin Ayari,MID,Brighton,,0,0,7,1,12.3,129,0.08,0.19,0.11,1.63,42,0,0,3.5,5.6,2026-09-19T14:00:00Z,90,,1,0,0,0,0,5,0,0.4,1,0,3,17.0,3,,12775,41705,54,True,0,2,0,4,1,5
Mats Wieffer,DEF,Brighton,,0,0,0,0,0.0,130,0.00,0.00,0.00,0.00,42,0,0,0.0,0.0,2026-09-19T14:00:00Z,0,,1,0,0,0,0,5,0,0.2,0,0,3,0.0,0,,25950,43537,49,True,0,0,0,0,0,5
Carlos Baleba,MID,Man Utd,,0,0,0,0,0.0,131,0.00,0.00,0.00,0.00,50,0,0,0.0,0.0,2026-09-20T15:30:00Z,0,,10,0,0,0,0,5,0,0.1,0,1,1,0.0,0,,6877,14428,49,False,0,0,0,0,0,5
Harry Howell,MID,Brighton,,0,0,0,0,0.0,132,0.00,0.00,0.00,0.00,42,0,0,0.0,0.0,2026-09-19T14:00:00Z,0,,1,0,0,0,0,5,0,0.0,0,0,3,0.0,0,,0,3702,45,True,0,0,0,0,0,5
Tom Watson,MID,Brighton,,0,0,0,0,0.0,133,0.00,0.00,0.00,0.00,42,0,0,0.0,0.0,2026-09-19T14:00:00Z,0,,1,0,0,0,0,5,0,0.0,0,0,3,0.0,0,,0,136,50,True,0,0,0,0,0,5
Nehemiah Oriola,MID,Brighton,,0,0,0,0,0.0,134,0.00,0.00,0.00,0.00,42,0,0,0.0,0.0,2026-09-19T14:00:00Z,0,,1,0,0,0,0,5,0,0.2,0,0,3,0.0,0,,8774,14265,45,True,0,0,0,0,0,5
Zadok Yohanna,MID,Brighton,,0,0,0,0,0.0,135,0.00,0.00,0.00,0.00,42,0,0,0.0,0.0,2026-09-19T14:00:00Z,0,,1,0,0,0,0,5,0,0.0,0,0,3,0.0,0,,1269,5515,48,True,0,0,0,0,0,5
Danny Welbeck,FWD,Chelsea,,0,0,8,0,21.8,136,0.08,0.08,0.00,1.45,41,0,0,3.7,7.2,2026-09-18T19:00:00Z,70,,4,0,0,0,0,5,0,1.0,1,0,3,8.0,2,,62321,83697,59,False,0,1,0,2,1,5
Stefanos Tzimas,FWD,Brighton,,0,0,0,0,0.0,137,0.00,0.00,0.00,0.00,42,0,0,0.0,0.0,2026-09-19T14:00:00Z,0,,1,0,0,0,0,5,0,0.0,0,0,3,0.0,0,,336,755,54,True,0,0,0,0,0,5
Charalampos Kostoulas,FWD,Brighton,,1,2,40,0,11.3,138,0.01,0.19,0.18,0.89,42,0,1,9.8,48.2,2026-09-19T14:00:00Z,75,,1,0,0,0,0,5,0,4.4,1,0,3,38.0,10,,440171,54281,56,True,1,0,0,3,1,5
Evan Ferguson,FWD,Brighton,,0,0,0,0,0.0,139,0.00,0.00,0.00,0.00,42,0,0,0.0,0.0,2026-09-19T14:00:00Z,0,,1,0,0,0,0,5,0,0.0,0,0,3,0.0,0,,1600,2539,50,True,0,0,0,0,0,5
Robert Lynch Sánchez,GKP,Chelsea,,0,0,0,0,0.0,140,0.00,0.00,0.00,0.00,41,0,0,0.0,0.0,2026-09-18T19:00:00Z,0,,4,0,0,0,0,5,0,0.7,0,0,3,0.0,0,,10847,176756,49,False,0,0,0,0,0,5
Filip Jörgensen,GKP,Chelsea,,0,0,0,0,0.0,141,0.00,0.00,0.00,0.00,41,0,0,0.0,0.0,2026-09-18T19:00:00Z,0,,4,0,0,0,0,5,0,0.0,0,0,3,0.0,0,,0,951,50,False,0,0,0,0,0,5
Reece James,DEF,Chelsea,,0,0,0,0,0.0,142,0.00,0.00,0.00,0.00,41,0,0,0.0,0.0,2026-09-18T19:00:00Z,0,,4,0,0,0,0,5,0,5.8,0,0,3,0.0,0,,168886,604450,53,False,0,0,0,0,0,5
Trevoh Chalobah,DEF,Chelsea,,0,0,0,0,0.0,143,0.00,0.00,0.00,0.00,41,0,0,0.0,0.0,2026-09-18T19:00:00Z,0,,4,0,0,0,0,5,0,0.1,0,0,3,0.0,0,,0,13974,55,False,0,0,0,0,0,5
Malo Gusto,DEF,Chelsea,,0,0,0,0,0.0,144,0.00,0.00,0.00,0.00,41,0,0,0.0,0.0,2026-09-18T19:00:00Z,0,,4,0,0,0,0,5,0,0.9,0,0,3,0.0,0,,36987,67618,49,False,0,0,0,0,0,5
Wesley Fofana,DEF,Chelsea,,0,0,11,0,0.8,145,0.00,0.00,0.00,1.45,41,0,0,2.4,22.8,2026-09-18T19:00:00Z,70,,4,0,0,0,0,5,0,0.2,1,0,3,0.0,4,,18838,8324,50,False,0,13,15,4,2,5
Benoît Badiashile Mukinayi,DEF,Chelsea,,0,0,0,0,0.0,146,0.00,0.00,0.00,0.00,41,0,0,0.0,0.0,2026-09-18T19:00:00Z,0,,4,0,0,0,0,5,0,0.0,0,0,3,0.0,0,,232,1944,45,False,0,0,0,0,0,5
Tosin Adarabioyo,DEF,Spurs,,0,0,0,0,0.0,147,0.00,0.00,0.00,0.00,48,0,0,0.0,0.0,2026-09-19T11:30:00Z,0,,2,0,0,0,0,5,0,0.1,0,3,2,0.0,0,,2003,7937,44,True,0,0,0,0,0,5
Jorrel Hato,DEF,Chelsea,,0,0,0,0,0.0,148,0.00,0.00,0.00,0.00,41,0,0,0.0,0.0,2026-09-18T19:00:00Z,0,,4,0,0,0,0,5,0,0.8,0,0,3,0.0,0,,91293,60009,45,False,0,0,0,0,0,5
Levi Samuels Colwill,DEF,Chelsea,,0,0,1,0,2.4,149,0.01,0.01,0.00,2.65,41,3,0,2.0,15.6,2026-09-18T19:00:00Z,90,,4,0,0,0,0,5,0,0.9,1,0,3,2.0,1,,26839,98692,48,False,0,7,0,4,0,5
Mamadou Sarr,DEF,Chelsea,,0,0,0,0,0.0,150,0.00,0.00,0.00,0.00,41,0,0,0.0,0.0,2026-09-18T19:00:00Z,0,,4,0,0,0,0,5,0,0.0,0,0,3,0.0,0,,429,5994,45,False,0,0,0,0,0,5
Josh Acheampong,DEF,Chelsea,,0,0,-4,0,1.4,151,0.01,0.01,0.00,1.20,41,2,0,0.3,1.4,2026-09-18T19:00:00Z,19,,4,0,0,0,0,5,0,0.3,0,0,3,0.0,0,,21158,22600,45,False,0,0,0,0,1,5
Marco Palestra,DEF,Chelsea,,0,0,0,0,0.0,152,0.00,0.00,0.00,0.00,41,0,0,0.0,0.0,2026-09-18T19:00:00Z,0,,4,0,0,0,0,5,0,0.6,0,0,3,0.0,0,,6717,220677,53,False,0,0,0,0,0,5
Axel Disasi,DEF,Crystal Palace,,0,0,0,0,0.0,153,0.00,0.00,0.00,0.00,44,0,0,0.0,0.0,2026-09-20T13:00:00Z,0,,13,0,0,0,0,5,0,0.1,0,0,0,0.0,0,,9429,10399,45,False,0,0,0,0,0,5
Cole Palmer,MID,Chelsea,,0,0,21,0,25.3,154,0.18,0.31,0.13,2.65,41,0,0,6.5,19.4,2026-09-18T19:00:00Z,90,,4,0,0,0,0,5,0,25.5,1,0,3,20.0,2,,1954762,680980,97,False,0,1,0,2,3,5
Enzo Fernández,MID,Man City,,0,0,33,0,21.2,155,0.26,0.30,0.04,3.57,45,0,1,7.0,39.8,2026-09-20T13:00:00Z,90,,20,0,0,0,0,5,0,3.6,1,3,5,9.0,7,,174562,322764,69,True,0,1,0,4,0,5
Pedro Lomba Neto,MID,Chelsea,,0,0,13,0,7.8,156,0.05,0.21,0.16,2.22,41,0,0,4.2,9.6,2026-09-18T19:00:00Z,86,,4,0,0,0,0,5,0,1.4,1,0,3,25.0,2,,82879,91742,65,False,0,0,0,3,3,5
Estêvão Almeida de Oliveira Gonçalves,MID,Chelsea,,0,0,3,0,0.3,157,0.00,0.00,0.00,0.43,41,0,0,0.1,0.2,2026-09-18T19:00:00Z,3,,4,0,0,0,0,5,0,0.7,0,0,3,0.0,1,,17865,87248,63,False,0,0,0,0,0,5
Jamie Bynoe-Gittens,MID,Chelsea,,0,0,0,0,0.0,158,0.00,0.00,0.00,0.00,41,0,0,0.0,0.0,2026-09-18T19:00:00Z,0,,4,0,0,0,0,5,0,0.0,0,0,3,0.0,0,,1138,2898,58,False,0,0,0,0,0,5
Moisés Caicedo Corozo,MID,Chelsea,,0,0,0,0,0.0,159,0.00,0.00,0.00,0.00,41,0,0,0.0,0.0,2026-09-18T19:00:00Z,0,,4,0,0,0,0,5,0,1.0,0,0,3,0.0,0,,15071,281848,53,False,0,0,0,0,0,5
Alejandro Garnacho Ferreyra,MID,Aston Villa,,0,0,0,0,0.0,160,0.00,0.00,0.00,0.00,48,0,0,0.0,0.0,2026-09-19T11:30:00Z,0,,19,0,0,0,0,5,0,0.3,0,3,2,0.0,0,,7534,41343,58,False,0,0,0,0,0,5
Roméo Lavia,MID,Chelsea,,0,0,0,0,0.0,161,0.00,0.00,0.00,0.00,41,0,0,0.0,0.0,2026-09-18T19:00:00Z,0,,4,0,0,0,0,5,0,0.2,0,0,3,0.0,0,,25839,15666,50,False,0,0,0,0,0,5
Andrey Nascimento dos Santos,MID,Man Utd,,0,0,0,0,0.0,162,0.00,0.00,0.00,0.00,50,0,0,0.0,0.0,2026-09-20T15:30:00Z,0,,10,0,0,0,0,5,0,0.6,0,1,1,0.0,0,,22278,73810,48,False,0,0,0,0,0,5
Dário Luís Essugo,MID,Chelsea,,0,0,0,0,0.0,163,0.00,0.00,0.00,0.00,41,0,0,0.0,0.0,2026-09-18T19:00:00Z,0,,4,0,0,0,0,5,0,0.1,0,0,3,0.0,0,,2698,14474,45,False,0,0,0,0,0,5
Geovany Quenda,MID,Chelsea,,0,0,3,0,1.8,164,0.01,0.04,0.03,1.20,41,0,0,0.8,0.4,2026-09-18T19:00:00Z,19,,4,0,0,0,0,5,0,0.0,0,0,3,6.0,1,,909,3409,53,False,0,0,0,0,0,5
João Pedro Junqueira de Jesus,FWD,Chelsea,,0,0,0,0,0.0,165,0.00,0.00,0.00,0.00,41,0,0,0.0,0.0,2026-09-18T19:00:00Z,0,,4,0,0,0,0,5,0,64.9,0,0,3,0.0,0,,1584711,1486196,77,False,0,0,0,0,0,5
Nicolas Jackson,FWD,Aston Villa,,0,1,31,0,11.4,166,0.02,0.46,0.44,1.13,48,0,1,10.1,37.4,2026-09-19T11:30:00Z,87,,19,0,0,0,0,5,0,1.5,1,3,2,52.0,6,,185165,85835,65,False,1,1,0,3,0,5
Liam Delap,FWD,Nott'm Forest,,0,0,9,0,25.1,167,0.21,0.34,0.13,0.67,47,0,0,5.1,5.0,2026-09-19T16:30:00Z,90,,7,0,0,0,0,5,0,2.7,1,1,0,21.0,1,,313002,83652,56,True,1,2,0,5,1,5
Marc Guiu Paz,FWD,Chelsea,,0,0,0,0,0.0,168,0.00,0.00,0.00,0.00,41,0,0,0.0,0.0,2026-09-18T19:00:00Z,0,,4,0,0,0,0,5,0,0.2,0,0,3,0.0,0,,4102,33363,50,False,0,0,0,0,0,5
Shumaira Mheuka,FWD,Chelsea,,0,0,0,0,0.0,169,0.00,0.00,0.00,0.00,41,0,0,0.0,0.0,2026-09-18T19:00:00Z,0,,4,0,0,0,0,5,0,0.5,0,0,3,0.0,0,,32496,25503,45,False,0,0,0,0,0,5
Emmanuel Emegha,FWD,Chelsea,,0,0,0,0,0.0,170,0.00,0.00,0.00,0.00,41,0,0,0.0,0.0,2026-09-18T19:00:00Z,0,,4,0,0,0,0,5,0,0.1,0,0,3,0.0,0,,6091,12652,49,False,0,0,0,0,0,5
Oliver Dovin,GKP,Coventry City,,0,0,0,0,0.0,171,0.00,0.00,0.00,0.00,47,0,0,0.0,0.0,2026-09-19T16:30:00Z,0,,18,0,0,0,0,5,0,1.0,0,1,0,0.0,0,,8924,58249,40,False,0,0,0,0,0,5
Ben Wilson,GKP,Coventry City,,0,0,0,0,0.0,172,0.00,0.00,0.00,0.00,47,0,0,0.0,0.0,2026-09-19T16:30:00Z,0,,18,0,0,0,0,5,0,0.4,0,1,0,0.0,0,,1426,12434,44,False,0,0,0,0,0,5
Bobby Thomas,DEF,Coventry City,,0,1,37,1,0.6,173,0.04,0.10,0.06,1.10,47,0,0,3.6,27.2,2026-09-19T16:30:00Z,90,,18,0,0,0,0,5,0,8.5,1,1,0,8.0,9,,366248,287355,40,False,0,12,13,3,1,5
Liam Kitching,DEF,Coventry City,,0,0,0,0,0.0,174,0.00,0.00,0.00,0.00,47,0,0,0.0,0.0,2026-09-19T16:30:00Z,0,,18,0,0,0,0,5,0,0.3,0,1,0,0.0,0,,981,33050,40,False,0,0,0,0,0,5
Milan van Ewijk,DEF,Coventry City,,0,0,0,0,0.0,175,0.00,0.00,0.00,0.00,47,0,0,0.0,0.0,2026-09-19T16:30:00Z,0,,18,0,0,0,0,5,0,8.7,0,1,0,0.0,0,,123111,505349,40,False,0,0,0,0,0,5
Jay Dasilva,DEF,Coventry City,,0,3,40,1,15.7,176,0.04,0.36,0.32,1.10,47,0,1,8.1,47.0,2026-09-19T16:30:00Z,90,,18,0,0,0,0,5,0,0.7,1,1,0,18.0,15,,16370,22970,40,False,0,4,0,4,0,5
Kaine Kesler-Hayden,DEF,Coventry City,,0,0,0,0,0.0,177,0.00,0.00,0.00,0.00,47,0,0,0.0,0.0,2026-09-19T16:30:00Z,0,,18,0,0,0,0,5,0,0.0,0,1,0,0.0,0,,1688,3830,39,False,0,0,0,0,0,5
Jake Bidwell,DEF,Coventry City,,0,0,0,0,0.0,178,0.00,0.00,0.00,0.00,47,0,0,0.0,0.0,2026-09-19T16:30:00Z,0,,18,0,0,0,0,5,0,0.1,0,1,0,0.0,0,,2494,3547,40,False,0,0,0,0,0,5
Joel Latibeaudiere,DEF,Coventry City,,0,0,3,0,0.0,179,0.00,0.00,0.00,0.02,47,0,0,0.7,7.0,2026-09-19T16:30:00Z,1,,18,0,0,0,0,5,0,0.0,0,1,0,0.0,1,,987,1746,40,False,0,2,0,0,0,5
Luke Woolfenden,DEF,Coventry City,,0,0,0,0,0.0,180,0.00,0.00,0.00,0.00,47,0,0,0.0,0.0,2026-09-19T16:30:00Z,0,,18,0,0,0,0,5,0,0.1,0,1,0,0.0,0,,2294,9063,39,False,0,0,0,0,0,5
Miguel Brau,DEF,Coventry City,,0,0,0,0,0.0,181,0.00,0.00,0.00,0.00,47,0,0,0.0,0.0,2026-09-19T16:30:00Z,0,,18,0,0,0,0,5,0,0.0,0,1,0,0.0,0,,275,2179,40,False,0,0,0,0,0,5
Aurèle Amenda,DEF,Coventry City,,0,0,0,0,0.0,182,0.00,0.00,0.00,0.00,47,0,0,0.0,0.0,2026-09-19T16:30:00Z,0,,18,0,0,0,0,5,0,0.6,0,1,0,0.0,0,,11487,34085,40,False,0,0,0,0,0,5
Jack Rudoni,MID,Coventry City,,0,0,16,1,25.3,183,0.20,0.29,0.09,0.85,47,0,0,4.0,13.6,2026-09-19T16:30:00Z,73,,18,0,0,0,0,5,0,0.1,1,1,0,1.0,5,,4451,8121,49,False,0,4,13,8,1,5
Matt Grimes,MID,Coventry City,,0,0,17,1,15.3,184,0.06,0.08,0.02,1.10,47,0,0,2.9,12.6,2026-09-19T16:30:00Z,90,,18,0,0,0,0,5,0,0.1,1,1,0,1.0,3,,4094,11307,49,False,0,4,0,3,3,5
Tatsuhiro Sakamoto,MID,Coventry City,,0,0,0,0,0.0,185,0.00,0.00,0.00,0.00,47,0,0,0.0,0.0,2026-09-19T16:30:00Z,0,,18,0,0,0,0,5,0,0.1,0,1,0,0.0,0,,1022,5776,48,False,0,0,0,0,0,5
Ephron Mason-Clark,MID,Coventry City,,0,0,6,0,33.8,186,0.05,0.07,0.02,0.60,47,0,0,4.5,5.2,2026-09-19T16:30:00Z,45,,18,0,0,0,0,5,0,0.1,1,1,0,6.0,1,,1117,5975,53,False,0,0,0,2,0,5
Josh Eccles,MID,Coventry City,,0,0,0,0,0.0,187,0.00,0.00,0.00,0.00,47,0,0,0.0,0.0,2026-09-19T16:30:00Z,0,,18,0,0,0,0,5,0,0.0,0,1,0,0.0,0,,636,1471,48,False,0,0,0,0,0,5
Victor Torp,MID,Coventry City,,0,0,0,0,0.0,188,0.00,0.00,0.00,0.00,47,0,0,0.0,0.0,2026-09-19T16:30:00Z,0,,18,0,0,0,0,5,0,0.1,0,1,0,0.0,0,,797,7995,53,False,0,0,0,0,0,5
George Shepherd,MID,Coventry City,,0,0,0,0,0.0,189,0.00,0.00,0.00,0.00,47,0,0,0.0,0.0,2026-09-19T16:30:00Z,0,,18,0,0,0,0,5,0,0.3,0,1,0,0.0,0,,10906,15490,44,False,0,0,0,0,0,5
Loum Tchaouna,MID,Coventry City,,0,0,5,0,1.2,190,0.00,0.04,0.04,0.50,47,0,0,2.7,8.4,2026-09-19T16:30:00Z,45,,18,0,0,0,0,5,0,0.1,0,1,0,17.0,1,,3143,8249,54,False,0,1,0,2,0,5
Raphael Borges Rodrigues,MID,Coventry City,,0,0,0,0,0.0,191,0.00,0.00,0.00,0.00,47,0,0,0.0,0.0,2026-09-19T16:30:00Z,0,,18,0,0,0,0,5,0,0.1,0,1,0,0.0,0,,1943,11548,45,False,0,0,0,0,0,5
Kai Andrews,MID,Coventry City,,0,0,0,0,0.0,192,0.00,0.00,0.00,0.00,47,0,0,0.0,0.0,2026-09-19T16:30:00Z,0,,18,0,0,0,0,5,0,0.3,0,1,0,0.0,0,,2718,41208,45,False,0,0,0,0,0,5
Haji Wright,FWD,Coventry City,,0,0,0,0,0.0,193,0.00,0.00,0.00,0.00,47,0,0,0.0,0.0,2026-09-19T16:30:00Z,0,,18,0,0,0,0,5,0,0.1,0,1,0,0.0,0,,617,12523,53,False,0,0,0,0,0,5
Brandon Thomas-Asante,FWD,Coventry City,,0,0,16,0,0.6,194,0.01,0.13,0.13,1.10,47,0,0,3.5,15.8,2026-09-19T16:30:00Z,90,,18,0,0,0,0,5,0,0.8,1,1,0,19.0,4,,59474,57349,50,False,0,6,16,7,3,5
Ellis Simms,FWD,Coventry City,,0,0,3,0,0.3,195,0.00,0.00,0.00,0.24,47,0,0,0.1,0.2,2026-09-19T16:30:00Z,16,,18,0,0,0,0,5,0,0.6,0,1,0,0.0,1,,40664,64777,49,False,0,0,0,0,0,5
Jahnoah Markelo,FWD,Coventry City,,0,0,0,0,0.0,196,0.00,0.00,0.00,0.00,47,0,0,0.0,0.0,2026-09-19T16:30:00Z,0,,18,0,0,0,0,5,0,0.0,0,1,0,0.0,0,,0,1190,50,False,0,0,0,0,0,5
Norman Bassette,FWD,Coventry City,,0,0,0,0,0.0,197,0.00,0.00,0.00,0.00,47,0,0,0.0,0.0,2026-09-19T16:30:00Z,0,,18,0,0,0,0,5,0,0.0,0,1,0,0.0,0,,0,2114,45,False,0,0,0,0,0,5
Dean Henderson,GKP,Crystal Palace,,0,0,0,0,0.0,198,0.00,0.00,0.00,0.00,44,0,0,0.0,0.0,2026-09-20T13:00:00Z,0,,13,0,0,0,0,5,0,1.3,0,0,0,0.0,0,,55286,120819,49,False,0,0,0,0,0,5
Walter Benítez,GKP,Crystal Palace,,0,0,26,1,0.0,199,0.00,0.00,0.00,1.31,44,0,0,1.9,18.6,2026-09-20T13:00:00Z,90,,13,0,0,0,0,5,0,0.1,1,0,0,0.0,6,,3821,4825,45,False,0,1,0,4,0,5
Maxence Lacroix,DEF,Chelsea,,0,0,-1,0,1.3,200,0.01,0.14,0.13,2.65,41,3,0,3.5,29.4,2026-09-18T19:00:00Z,90,,4,0,0,0,0,5,0,6.8,1,0,3,4.0,3,,175485,426437,59,False,0,11,12,3,1,5
Daniel Muñoz Mejía,DEF,Nott'm Forest,,0,0,5,0,3.8,201,0.02,0.14,0.12,0.67,47,0,0,2.3,4.0,2026-09-19T16:30:00Z,82,,7,0,0,0,0,5,0,5.7,1,1,0,15.0,2,,158919,485848,54,True,0,2,0,3,1,5
Chris Richards,DEF,Crystal Palace,,0,0,29,1,0.5,202,0.01,0.01,0.00,1.31,44,0,0,2.3,22.6,2026-09-20T13:00:00Z,90,,13,0,0,0,0,5,0,0.6,1,0,0,0.0,8,,22638,38067,49,False,0,8,10,3,2,5
Jaydee Canvot,DEF,Crystal Palace,,0,0,26,1,17.2,203,0.12,0.12,0.00,1.31,44,0,0,3.9,19.8,2026-09-20T13:00:00Z,90,,13,0,0,0,0,5,0,0.2,1,0,0,2.0,8,,5795,19574,48,False,0,9,10,5,1,5
Tyrick Mitchell,DEF,Crystal Palace,,0,1,30,1,3.7,204,0.02,0.02,0.00,1.31,44,0,0,2.9,19.2,2026-09-20T13:00:00Z,90,,13,0,0,0,0,5,0,6.1,1,0,0,6.0,7,,312900,265845,45,False,0,3,0,8,5,5
Borna Sosa,DEF,Crystal Palace,,0,0,0,0,0.0,205,0.00,0.00,0.00,0.00,44,0,0,0.0,0.0,2026-09-20T13:00:00Z,0,,13,0,0,0,0,5,0,0.0,0,0,0,0.0,0,,236,2083,45,False,0,0,0,0,0,5
Chadi Riad Dnanou,DEF,Crystal Palace,,0,0,0,0,0.0,206,0.00,0.00,0.00,0.00,44,0,0,0.0,0.0,2026-09-20T13:00:00Z,0,,13,0,0,0,0,5,0,0.0,0,0,0,0.0,0,,649,5691,43,False,0,0,0,0,0,5
Oscar Mingueza,DEF,Crystal Palace,,0,0,0,0,0.0,207,0.00,0.00,0.00,0.00,44,0,0,0.0,0.0,2026-09-20T13:00:00Z,0,,13,0,0,0,0,5,0,0.1,0,0,0,0.0,0,,2004,4853,44,False,0,0,0,0,0,5
Ismaïla Sarr,MID,Crystal Palace,,0,0,3,0,0.5,208,0.01,0.01,0.00,0.06,44,0,0,0.1,0.0,2026-09-20T13:00:00Z,8,,13,0,0,0,0,5,0,0.6,0,0,0,0.0,1,,6756,376808,62,False,0,0,0,0,0,5
Brennan Johnson,MID,Everton,,0,0,6,1,0.6,209,0.00,0.82,0.82,1.06,43,0,0,1.0,0.0,2026-09-19T14:00:00Z,65,,12,0,0,0,0,5,0,0.1,1,0,1,10.0,3,,5353,10470,59,True,0,1,0,4,3,5
Adam Wharton,MID,Crystal Palace,,0,0,13,1,26.8,210,0.22,0.29,0.07,1.31,44,0,0,6.0,20.0,2026-09-20T13:00:00Z,90,,13,0,0,0,0,5,0,0.7,1,0,0,13.0,2,,29629,48730,54,False,1,4,0,1,2,5
Yéremy Pino Santos,MID,Crystal Palace,,0,0,10,1,8.3,211,0.15,0.31,0.16,1.26,44,0,0,2.8,9.4,2026-09-20T13:00:00Z,81,,13,0,0,0,0,5,0,0.3,1,0,0,10.0,2,,45280,31220,55,False,1,2,0,3,0,5
Will Hughes,MID,Crystal Palace,,0,0,0,0,0.0,212,0.00,0.00,0.00,0.00,44,0,0,0.0,0.0,2026-09-20T13:00:00Z,0,,13,0,0,0,0,5,0,7.3,0,0,0,0.0,0,,122853,485354,44,False,0,0,0,0,0,5
Jefferson Lerma Solís,MID,Crystal Palace,,0,0,3,0,0.5,213,0.00,0.26,0.26,0.77,44,0,0,2.7,15.4,2026-09-20T13:00:00Z,45,,13,0,0,0,0,5,0,0.1,0,0,0,11.0,0,,1302,5579,48,False,1,6,0,3,2,5
Daichi Kamada,MID,Crystal Palace,,0,0,12,1,4.0,214,0.03,0.45,0.42,1.31,44,0,0,3.3,1.8,2026-09-20T13:00:00Z,90,,13,0,0,0,0,5,0,0.5,1,0,0,27.0,3,,50210,24845,50,False,0,0,0,9,1,5
Justin Devenny,MID,Crystal Palace,,0,0,0,0,0.0,215,0.00,0.00,0.00,0.00,44,0,0,0.0,0.0,2026-09-20T13:00:00Z,0,,13,0,0,0,0,5,0,0.0,0,0,0,0.0,0,,132,951,50,False,0,0,0,0,0,5
Romain Esse,MID,Crystal Palace,,0,0,0,0,0.0,216,0.00,0.00,0.00,0.00,44,0,0,0.0,0.0,2026-09-20T13:00:00Z,0,,13,0,0,0,0,5,0,0.0,0,0,0,0.0,0,,399,3244,50,False,0,0,0,0,0,5
Matheus França de Oliveira,MID,Crystal Palace,,0,0,0,0,0.0,217,0.00,0.00,0.00,0.00,44,0,0,0.0,0.0,2026-09-20T13:00:00Z,0,,13,0,0,0,0,5,0,0.0,0,0,0,0.0,0,,1007,3446,49,False,0,0,0,0,0,5
Cheick Doucouré,MID,Crystal Palace,,0,0,0,0,0.0,218,0.00,0.00,0.00,0.00,44,0,0,0.0,0.0,2026-09-20T13:00:00Z,0,,13,0,0,0,0,5,0,0.0,0,0,0,0.0,0,,2092,4471,48,False,0,0,0,0,0,5
Jesurun Rak-Sakyi,MID,Crystal Palace,,0,0,0,0,0.0,219,0.00,0.00,0.00,0.00,44,0,0,0.0,0.0,2026-09-20T13:00:00Z,0,,13,0,0,0,0,5,0,0.0,0,0,0,0.0,0,,145,470,49,False,0,0,0,0,0,5
Rio Cardines,DEF,Crystal Palace,,0,0,0,0,0.0,220,0.00,0.00,0.00,0.00,44,0,0,0.0,0.0,2026-09-20T13:00:00Z,0,,13,0,0,0,0,5,0,0.0,0,0,0,0.0,0,,0,128,45,False,0,0,0,0,0,5
Joél Drakes-Thomas,MID,Crystal Palace,,0,0,0,0,0.0,221,0.00,0.00,0.00,0.00,44,0,0,0.0,0.0,2026-09-20T13:00:00Z,0,,13,0,0,0,0,5,0,0.1,0,0,0,0.0,0,,2703,4693,44,False,0,0,0,0,0,5
Jørgen Strand Larsen,FWD,Crystal Palace,,0,0,10,0,15.1,222,0.17,0.21,0.04,1.26,44,0,0,4.1,13.2,2026-09-20T13:00:00Z,81,,13,0,0,0,0,5,0,0.7,1,0,0,13.0,2,,50670,41239,60,False,0,3,0,0,0,5
Jean-Philippe Mateta,FWD,Crystal Palace,,0,0,0,0,0.0,223,0.00,0.00,0.00,0.00,44,0,0,0.0,0.0,2026-09-20T13:00:00Z,0,,13,0,0,0,0,5,0,1.3,0,0,0,0.0,0,,25986,455100,63,False,0,0,0,0,0,5
Eddie Nketiah,FWD,Crystal Palace,,0,0,2,0,0.6,224,0.02,0.02,0.00,0.06,44,0,0,0.0,0.0,2026-09-20T13:00:00Z,8,,13,0,0,0,0,5,0,0.5,0,0,0,0.0,1,,47363,50163,55,False,0,0,0,1,0,5
Christantus Uche,FWD,Crystal Palace,,0,0,0,0,0.0,225,0.00,0.00,0.00,0.00,44,0,0,0.0,0.0,2026-09-20T13:00:00Z,0,,13,0,0,0,0,5,0,0.0,0,0,0,0.0,0,,0,0,50,False,0,0,0,0,0,5
Jordan Pickford,GKP,Everton,,0,1,34,1,0.0,226,0.00,0.00,0.00,1.44,43,0,0,3.5,35.0,2026-09-19T14:00:00Z,90,,12,0,0,0,0,5,4,9.1,1,0,1,0.0,8,,297990,237193,55,True,0,1,0,7,0,5
Mark Travers,GKP,Everton,,0,0,0,0,0.0,227,0.00,0.00,0.00,0.00,43,0,0,0.0,0.0,2026-09-19T14:00:00Z,0,,12,0,0,0,0,5,0,0.0,0,0,1,0.0,0,,1822,2138,50,True,0,0,0,0,0,5
Tom King,GKP,Everton,,0,0,0,0,0.0,228,0.00,0.00,0.00,0.00,43,0,0,0.0,0.0,2026-09-19T14:00:00Z,0,,12,0,0,0,0,5,0,0.0,0,0,1,0.0,0,,1189,1749,45,True,0,0,0,0,0,5
James Tarkowski,DEF,Everton,,1,3,43,1,10.7,229,0.01,0.02,0.01,1.44,43,0,0,4.8,36.0,2026-09-19T14:00:00Z,90,,12,0,0,0,0,5,0,16.7,1,0,1,1.0,14,,957082,287322,62,True,0,11,12,5,1,5
Jarrad Branthwaite,DEF,Everton,,0,0,27,1,0.9,230,0.00,0.00,0.00,1.44,43,0,0,3.4,32.6,2026-09-19T14:00:00Z,90,,12,0,0,0,0,5,0,2.4,1,0,1,0.0,8,,141547,72405,55,True,0,14,14,3,0,5
Michael Keane,DEF,Everton,,0,0,0,0,0.0,231,0.00,0.00,0.00,0.00,43,0,0,0.0,0.0,2026-09-19T14:00:00Z,0,,12,0,0,0,0,5,0,0.7,0,0,1,0.0,0,,9327,90836,48,True,0,0,0,0,0,5
Jake O'Brien,DEF,Everton,,0,0,3,0,0.0,232,0.00,0.00,0.00,0.16,43,0,0,0.2,2.0,2026-09-19T14:00:00Z,1,,12,0,0,0,0,5,0,0.3,0,0,1,0.0,1,,4616,24698,48,True,0,1,0,1,0,5
Vitalii Mykolenko,DEF,Everton,,0,0,29,1,7.1,233,0.02,0.06,0.04,1.44,43,0,0,3.3,18.8,2026-09-19T14:00:00Z,90,,12,0,0,0,0,5,0,4.1,1,0,1,7.0,5,,412864,122640,46,True,1,3,0,11,3,5
Nathan Patterson,DEF,Everton,,0,0,0,0,0.0,234,0.00,0.00,0.00,0.00,43,0,0,0.0,0.0,2026-09-19T14:00:00Z,0,,12,0,0,0,0,5,0,0.0,0,0,1,0.0,0,,371,2447,45,True,0,0,0,0,0,5
Adam Aznou,DEF,Everton,,0,0,0,0,0.0,235,0.00,0.00,0.00,0.00,43,0,0,0.0,0.0,2026-09-19T14:00:00Z,0,,12,0,0,0,0,5,0,0.1,0,0,1,0.0,0,,1728,11186,40,True,0,0,0,0,0,5
Kiernan Dewsbury-Hall,MID,Everton,,0,0,10,1,31.2,236,0.34,0.71,0.37,1.28,43,0,0,6.1,1.6,2026-09-19T14:00:00Z,90,,12,0,0,0,0,5,0,5.9,1,0,1,28.0,3,,586283,329480,66,True,0,0,0,5,2,5
Iliman Ndiaye,MID,Man City,,1,0,31,0,28.6,237,0.14,0.24,0.10,3.15,45,0,0,4.6,7.6,2026-09-20T13:00:00Z,74,,20,0,0,0,0,5,0,6.7,1,3,5,10.0,5,,298391,1139924,58,True,0,1,0,3,0,5
Jack Grealish,MID,Everton,,0,0,22,1,57.6,238,0.30,0.30,0.00,1.06,43,0,0,7.7,11.2,2026-09-19T14:00:00Z,78,,12,0,0,0,0,5,0,0.5,1,0,1,8.0,3,,41121,23432,65,True,0,0,0,7,0,5
James Garner,MID,Everton,,0,0,14,1,19.2,239,0.04,0.20,0.16,1.44,43,0,0,3.3,10.0,2026-09-19T14:00:00Z,90,,12,0,0,0,0,5,0,0.2,1,0,1,4.0,3,,21359,14055,60,True,0,4,0,5,0,5
Tim Iroegbunam,MID,Hull City,,0,0,6,0,11.3,240,0.01,0.13,0.12,0.25,46,0,0,2.8,6.2,2026-09-19T14:00:00Z,45,,17,0,0,0,0,5,0,0.0,0,1,2,10.0,1,,1118,1159,50,False,0,0,0,5,2,5
Dwight McNeil,MID,Crystal Palace,,0,0,0,0,0.0,241,0.00,0.00,0.00,0.00,44,0,0,0.0,0.0,2026-09-20T13:00:00Z,0,,13,0,0,0,0,5,0,0.1,0,0,0,0.0,0,,1792,8246,53,False,0,0,0,0,0,5
Tyrique George,MID,Everton,,0,0,4,0,0.8,242,0.01,0.04,0.03,0.38,43,0,0,0.5,0.4,2026-09-19T14:00:00Z,11,,12,0,0,0,0,5,0,0.9,0,0,1,4.0,1,,107276,43017,55,True,0,0,0,2,0,5
Carlos Alcaraz Durán,MID,Everton,,0,0,0,0,0.0,243,0.00,0.00,0.00,0.00,43,0,0,0.0,0.0,2026-09-19T14:00:00Z,0,,12,0,0,0,0,5,0,0.1,0,0,1,0.0,0,,2866,5854,49,True,0,0,0,0,0,5
Harrison Armstrong,MID,Everton,,0,0,13,1,26.3,244,0.37,0.49,0.12,1.44,43,0,0,3.5,5.0,2026-09-19T14:00:00Z,90,,12,0,0,0,0,5,0,0.4,1,0,1,4.0,2,,53975,32820,50,True,1,1,0,2,2,5
Tyler Dibling,MID,Everton,,0,0,10,0,24.4,245,0.16,0.33,0.17,0.38,43,0,0,5.8,7.2,2026-09-19T14:00:00Z,24,,12,0,0,0,0,5,0,0.0,0,0,1,26.0,1,,1177,2660,54,True,0,0,0,0,0,5
Merlin Röhl,MID,Everton,,0,0,0,0,0.0,246,0.00,0.00,0.00,0.00,43,0,0,0.0,0.0,2026-09-19T14:00:00Z,0,,12,0,0,0,0,5,0,0.0,0,0,1,0.0,0,,1963,4711,49,True,0,0,0,0,0,5
Hayden Hackney,MID,Everton,,0,0,3,0,0.1,247,0.00,0.00,0.00,0.16,43,0,0,0.0,0.2,2026-09-19T14:00:00Z,1,,12,0,0,0,0,5,0,0.2,0,0,1,0.0,1,,3760,11986,54,True,0,0,0,0,0,5
Norberto Bercique Gomes Betuncal,FWD,Everton,,0,0,0,0,0.0,248,0.00,0.00,0.00,0.00,43,0,0,0.0,0.0,2026-09-19T14:00:00Z,0,,12,0,0,0,0,5,0,0.6,0,0,1,0.0,0,,16222,220012,54,True,0,0,0,0,0,5
Thierno Barry,FWD,Everton,,0,0,28,0,12.3,249,0.01,0.53,0.52,1.44,43,0,1,7.4,34.4,2026-09-19T14:00:00Z,90,,12,0,0,0,0,5,0,8.3,1,0,1,27.0,6,,972888,360765,57,True,0,2,0,3,0,5
Bernd Leno,GKP,Fulham,,0,0,18,0,0.0,250,0.00,0.00,0.00,1.60,50,0,0,3.5,34.6,2026-09-20T15:30:00Z,90,,16,0,0,0,0,5,5,3.4,1,1,1,0.0,3,,154950,103757,45,True,0,2,0,8,0,5
Benjamin Lecomte,GKP,Fulham,,0,0,0,0,0.0,251,0.00,0.00,0.00,0.00,50,0,0,0.0,0.0,2026-09-20T15:30:00Z,0,,16,0,0,0,0,5,0,1.1,0,1,1,0.0,0,,25412,26138,40,True,0,0,0,0,0,5
Alfie McNally,GKP,Fulham,,0,0,0,0,0.0,252,0.00,0.00,0.00,0.00,50,0,0,0.0,0.0,2026-09-20T15:30:00Z,0,,16,0,0,0,0,5,0,0.1,0,1,1,0.0,0,,2589,6624,40,True,0,0,0,0,0,5
Joachim Andersen,DEF,Fulham,,0,0,0,0,0.0,253,0.00,0.00,0.00,0.36,50,0,0,1.0,10.0,2026-09-20T15:30:00Z,10,,16,0,0,0,0,5,0,0.2,0,1,1,0.0,1,,14784,9284,50,True,0,5,0,0,0,5
Antonee Robinson,DEF,Fulham,,0,0,19,0,30.0,254,0.09,0.09,0.00,1.60,50,0,0,6.0,30.0,2026-09-20T15:30:00Z,90,,16,0,0,0,0,5,0,1.5,1,1,1,0.0,2,,60277,71320,45,True,0,4,0,4,3,5
Jorge Cuenca Barreno,DEF,Fulham,,0,0,0,0,0.0,255,0.00,0.00,0.00,0.00,50,0,0,0.0,0.0,2026-09-20T15:30:00Z,0,,16,0,0,0,0,5,0,0.0,0,1,1,0.0,0,,1548,2014,45,True,0,0,0,0,0,5
Kenny Tete,DEF,Fulham,,0,0,0,0,0.0,256,0.00,0.00,0.00,0.00,50,0,0,0.0,0.0,2026-09-20T15:30:00Z,0,,16,0,0,0,0,5,0,0.2,0,1,1,0.0,0,,1397,10522,44,True,0,0,0,0,0,5
Calvin Bassey,DEF,Fulham,,1,1,26,0,1.8,257,0.01,0.07,0.06,1.60,50,0,0,4.5,26.6,2026-09-20T15:30:00Z,90,,16,0,0,0,0,5,0,0.7,1,1,1,17.0,6,,27563,30194,45,True,0,6,0,7,2,5
Timothy Castagne,DEF,Fulham,,0,0,3,0,5.2,258,0.01,0.01,0.00,1.60,50,0,0,2.8,20.6,2026-09-20T15:30:00Z,90,,16,0,0,0,0,5,0,1.0,1,1,1,2.0,1,,92731,44059,45,True,1,9,0,4,0,5
Issa Diop,DEF,Ipswich Town,,0,0,13,0,10.5,259,0.01,0.07,0.06,2.24,43,0,0,4.7,31.4,2026-09-19T14:00:00Z,90,,9,0,0,0,0,5,0,12.6,1,0,1,5.0,4,,136650,511318,40,False,0,10,10,4,0,5
Harry Wilson,MID,Leeds,,0,0,0,0,0.0,260,0.00,0.00,0.00,0.00,44,0,0,0.0,0.0,2026-09-20T13:00:00Z,0,,8,0,0,0,0,5,0,1.6,0,0,0,0.0,0,,29048,459181,62,True,0,0,0,0,0,5
Alex Iwobi,MID,Fulham,,0,2,27,1,63.3,261,0.41,0.60,0.19,1.12,50,0,0,11.0,21.0,2026-09-20T15:30:00Z,70,,16,0,0,0,0,5,0,0.7,1,1,1,26.0,5,,22858,55851,54,True,0,1,0,5,1,5
Emile Smith Rowe,MID,Fulham,,0,0,0,0,0.0,262,0.00,0.00,0.00,0.00,50,0,0,0.0,0.0,2026-09-20T15:30:00Z,0,,16,0,0,0,0,5,0,0.2,0,1,1,0.0,0,,4526,21051,53,True,0,0,0,0,0,5
Kevin Santos Lopes de Macedo,MID,Fulham,,0,0,6,0,0.1,263,0.00,0.04,0.04,0.49,50,0,0,2.2,5.2,2026-09-20T15:30:00Z,19,,16,0,0,0,0,5,0,0.0,0,1,1,17.0,1,,2014,4240,53,True,0,1,0,1,0,5
Oscar Bobb,MID,Fulham,,0,0,6,1,3.7,264,0.09,0.31,0.22,1.12,50,0,0,1.6,4.0,2026-09-20T15:30:00Z,70,,16,0,0,0,0,5,0,0.3,1,1,1,8.0,3,,16680,21029,55,True,0,1,0,3,2,5
Sander Berge,MID,Fulham,,0,0,16,1,15.4,265,0.02,0.07,0.05,1.18,50,0,0,3.2,10.0,2026-09-20T15:30:00Z,76,,16,0,0,0,0,5,0,0.3,1,1,1,7.0,3,,6416,18126,49,True,0,2,0,0,0,5
Tom Cairney,MID,Fulham,,0,0,0,0,0.0,266,0.00,0.00,0.00,0.00,50,0,0,0.0,0.0,2026-09-20T15:30:00Z,0,,16,0,0,0,0,5,0,0.0,0,1,1,0.0,0,,111,332,49,True,0,0,0,0,0,5
Saša Lukić,MID,Ipswich Town,,0,0,14,0,16.8,267,0.25,0.25,0.00,1.76,43,0,0,2.6,9.6,2026-09-19T14:00:00Z,72,,9,0,0,0,0,5,0,0.1,1,0,1,0.0,2,,3445,6513,49,False,0,2,0,3,1,5
Josh King,MID,Fulham,,0,0,10,1,6.8,268,0.03,0.41,0.38,1.25,50,0,0,5.6,3.2,2026-09-20T15:30:00Z,79,,16,0,0,0,0,5,0,2.7,1,1,1,46.0,2,,345122,99030,55,True,1,1,0,4,0,5
Ryan Sessegnon,DEF,Fulham,,0,0,0,0,0.0,269,0.00,0.00,0.00,0.00,50,0,0,0.0,0.0,2026-09-20T15:30:00Z,0,,16,0,0,0,0,5,0,0.3,0,1,1,0.0,0,,2772,19065,43,True,0,0,0,0,0,5
Harrison Reed,MID,Fulham,,0,0,0,0,0.0,270,0.00,0.00,0.00,0.00,50,0,0,0.0,0.0,2026-09-20T15:30:00Z,0,,16,0,0,0,0,5,0,1.1,0,1,1,0.0,0,,36414,73445,44,True,0,0,0,0,0,5
Rodrigo Muniz Carvalho,FWD,Fulham,,0,0,-1,0,0.3,271,0.00,0.00,0.00,0.36,50,0,0,0.1,0.2,2026-09-20T15:30:00Z,10,,16,0,0,0,0,5,0,0.4,0,1,1,0.0,0,,16195,35253,54,True,1,1,0,0,0,5
Jonah Kusi-Asare,FWD,Fulham,,0,0,0,0,0.0,272,0.00,0.00,0.00,0.00,50,0,0,0.0,0.0,2026-09-20T15:30:00Z,0,,16,0,0,0,0,5,0,5.4,0,1,1,0.0,0,,161107,302816,45,True,0,0,0,0,0,5
Dillon Phillips,GKP,Hull City,,0,0,0,0,0.0,273,0.00,0.00,0.00,0.00,46,0,0,0.0,0.0,2026-09-19T14:00:00Z,0,,17,0,0,0,0,5,0,1.4,0,1,2,0.0,0,,29328,38654,40,False,0,0,0,0,0,5
Jack Butland,GKP,Hull City,,0,0,0,0,0.0,274,0.00,0.00,0.00,0.00,46,0,0,0.0,0.0,2026-09-19T14:00:00Z,0,,17,0,0,0,0,5,0,0.1,0,1,2,0.0,0,,639,4947,44,False,0,0,0,0,0,5
Harvey Cartwright,GKP,Hull City,,0,0,0,0,0.0,275,0.00,0.00,0.00,0.00,46,0,0,0.0,0.0,2026-09-19T14:00:00Z,0,,17,0,0,0,0,5,0,0.0,0,1,2,0.0,0,,0,331,40,False,0,0,0,0,0,5
Thimothée Lo-Tutala,GKP,Hull City,,0,0,0,0,0.0,276,0.00,0.00,0.00,0.00,46,0,0,0.0,0.0,2026-09-19T14:00:00Z,0,,17,0,0,0,0,5,0,0.0,0,1,2,0.0,0,,0,1113,40,False,0,0,0,0,0,5
John Egan,DEF,Hull City,,0,0,2,0,0.2,277,0.00,0.01,0.01,1.31,46,2,0,2.7,14.0,2026-09-19T14:00:00Z,77,,17,0,0,0,0,5,0,7.0,1,1,2,13.0,1,,752052,218267,41,False,0,2,0,1,2,5
Charlie Hughes,DEF,Hull City,,0,0,0,0,0.0,278,0.00,0.00,0.00,0.00,46,0,0,0.0,0.0,2026-09-19T14:00:00Z,0,,17,0,0,0,0,5,0,0.2,0,1,2,0.0,0,,16939,13004,39,False,0,0,0,0,0,5
Semi Ajayi,DEF,Hull City,,0,0,5,0,1.2,279,0.01,0.02,0.01,1.44,46,2,0,2.1,9.4,2026-09-19T14:00:00Z,90,,17,0,0,0,0,5,0,13.9,1,1,2,10.0,1,,1357386,312753,42,False,0,2,0,5,2,5
Lewie Coyle,DEF,Hull City,,0,0,3,0,2.8,280,0.04,0.04,0.00,1.44,46,2,0,1.5,6.6,2026-09-19T14:00:00Z,90,,17,0,0,0,0,5,0,0.7,1,1,2,6.0,1,,27755,26004,40,False,0,1,0,3,1,5
Cody Drameh,DEF,Hull City,,0,0,0,0,0.0,281,0.00,0.00,0.00,0.00,46,0,0,0.0,0.0,2026-09-19T14:00:00Z,0,,17,0,0,0,0,5,0,0.0,0,1,2,0.0,0,,2118,4516,40,False,0,0,0,0,0,5
Ryan Giles,DEF,Hull City,,0,0,-1,0,38.8,282,0.08,0.08,0.00,1.44,46,2,0,5.1,12.2,2026-09-19T14:00:00Z,90,,17,0,0,0,0,5,0,2.9,1,1,2,0.0,0,,279310,67028,40,False,1,4,0,2,1,5
Matty Jacob,DEF,Hull City,,0,0,0,0,0.0,283,0.00,0.00,0.00,0.00,46,0,0,0.0,0.0,2026-09-19T14:00:00Z,0,,17,0,0,0,0,5,0,0.0,0,1,2,0.0,0,,114,696,40,False,0,0,0,0,0,5
Cathal McCarthy,DEF,Hull City,,0,0,0,0,0.0,284,0.00,0.00,0.00,0.00,46,0,0,0.0,0.0,2026-09-19T14:00:00Z,0,,17,0,0,0,0,5,0,0.1,0,1,2,0.0,0,,4947,4611,40,False,0,0,0,0,0,5
Paddy McNair,DEF,Hull City,,0,0,0,0,0.0,285,0.00,0.00,0.00,0.00,46,0,0,0.0,0.0,2026-09-19T14:00:00Z,0,,17,0,0,0,0,5,0,0.1,0,1,2,0.0,0,,3154,4742,40,False,0,0,0,0,0,5
Mohamed Belloumi,MID,Hull City,,1,0,22,0,29.1,286,0.31,0.66,0.35,1.31,46,0,0,10.3,33.0,2026-09-19T14:00:00Z,82,,17,0,0,0,0,5,0,5.2,1,1,2,41.0,4,,511325,87402,51,False,1,0,0,5,6,5
Liam Millar,MID,Hull City,,0,0,0,0,0.0,287,0.00,0.00,0.00,0.00,46,0,0,0.0,0.0,2026-09-19T14:00:00Z,0,,17,0,0,0,0,5,0,0.0,0,1,2,0.0,0,,3178,7541,50,False,0,0,0,0,0,5
Kieran Dowell,MID,Hull City,,0,0,0,0,0.0,288,0.00,0.00,0.00,0.00,46,0,0,0.0,0.0,2026-09-19T14:00:00Z,0,,17,0,0,0,0,5,0,0.3,0,1,2,0.0,0,,12388,21704,44,False,0,0,0,0,0,5
Matt Crooks,MID,Hull City,,0,0,6,0,14.5,289,0.12,0.12,0.00,1.19,46,0,0,2.2,7.8,2026-09-19T14:00:00Z,45,,17,0,0,0,0,5,0,0.5,1,1,2,0.0,0,,24663,40674,44,False,1,0,0,0,2,5
Regan Slater,MID,Hull City,,0,0,9,0,23.8,290,0.03,0.16,0.13,1.31,46,0,0,3.7,4.2,2026-09-19T14:00:00Z,77,,17,0,0,0,0,5,0,5.2,1,1,2,9.0,2,,499690,280825,45,False,0,1,0,2,0,5
Eliot Matazo,MID,Hull City,,0,0,0,0,0.0,291,0.00,0.00,0.00,0.00,46,0,0,0.0,0.0,2026-09-19T14:00:00Z,0,,17,0,0,0,0,5,0,0.0,0,1,2,0.0,0,,384,498,45,False,0,0,0,0,0,5
Abdülkadir Ömür,MID,Hull City,,0,0,0,0,0.0,292,0.00,0.00,0.00,0.00,46,0,0,0.0,0.0,2026-09-19T14:00:00Z,0,,17,0,0,0,0,5,0,0.0,0,1,2,0.0,0,,1208,1633,49,False,0,0,0,0,0,5
Abu Kamara,MID,Hull City,,0,0,0,0,0.0,293,0.00,0.00,0.00,0.00,46,0,0,0.0,0.0,2026-09-19T14:00:00Z,0,,17,0,0,0,0,5,0,0.0,0,1,2,0.0,0,,0,375,50,False,0,0,0,0,0,5
Óscar Zambrano,MID,Hull City,,0,0,0,0,0.0,294,0.00,0.00,0.00,0.00,46,0,0,0.0,0.0,2026-09-19T14:00:00Z,0,,17,0,0,0,0,5,0,0.1,0,1,2,0.0,0,,3886,6840,45,False,0,0,0,0,0,5
Oli McBurnie,FWD,Hull City,,0,0,5,0,12.6,295,0.02,0.38,0.36,1.44,46,0,0,3.6,3.0,2026-09-19T14:00:00Z,90,,17,0,0,0,0,5,0,1.9,1,1,2,20.0,1,,189768,154336,55,False,1,3,0,3,0,5
David Akintola,MID,Hull City,,0,0,0,0,0.0,296,0.00,0.00,0.00,0.00,46,0,0,0.0,0.0,2026-09-19T14:00:00Z,0,,17,0,0,0,0,5,0,0.0,0,1,2,0.0,0,,2704,4897,50,False,0,0,0,0,0,5
Darko Gyabi,MID,Hull City,,0,0,0,0,0.0,297,0.00,0.00,0.00,0.00,46,0,0,0.0,0.0,2026-09-19T14:00:00Z,0,,17,0,0,0,0,5,0,0.0,0,1,2,0.0,0,,457,1621,44,False,0,0,0,0,0,5
Enis Destan,FWD,Hull City,,0,0,0,0,0.0,298,0.00,0.00,0.00,0.00,46,0,0,0.0,0.0,2026-09-19T14:00:00Z,0,,17,0,0,0,0,5,0,0.2,0,1,2,0.0,0,,0,22396,45,False,0,0,0,0,0,5
Mason Burstow,FWD,Hull City,,0,0,0,0,0.0,299,0.00,0.00,0.00,0.00,46,0,0,0.0,0.0,2026-09-19T14:00:00Z,0,,17,0,0,0,0,5,0,0.0,0,1,2,0.0,0,,0,3080,45,False,0,0,0,0,0,5
Christian Walton,GKP,Ipswich Town,,0,0,10,0,0.0,300,0.01,0.01,0.00,2.24,43,0,0,1.2,12.0,2026-09-19T14:00:00Z,90,,9,0,0,0,0,5,0,0.4,1,0,1,0.0,2,,3569,15062,44,False,0,2,0,17,0,5
Alex Palmer,GKP,Ipswich Town,,0,0,0,0,0.0,301,0.00,0.00,0.00,0.00,43,0,0,0.0,0.0,2026-09-19T14:00:00Z,0,,9,0,0,0,0,5,0,3.9,0,0,1,0.0,0,,74859,113900,40,False,0,0,0,0,0,5
David Button,GKP,Ipswich Town,,0,0,0,0,0.0,302,0.00,0.00,0.00,0.00,43,0,0,0.0,0.0,2026-09-19T14:00:00Z,0,,9,0,0,0,0,5,0,0.6,0,0,1,0.0,0,,31576,15277,40,False,0,0,0,0,0,5
Cédric Kipré,DEF,Ipswich Town,,0,0,0,0,0.0,303,0.00,0.00,0.00,0.00,43,0,0,0.0,0.0,2026-09-19T14:00:00Z,0,,9,0,0,0,0,5,0,0.9,0,0,1,0.0,0,,49376,29394,39,False,0,0,0,0,0,5
Dara O'Shea,DEF,Ipswich Town,,0,0,12,0,10.5,304,0.00,0.00,0.00,2.24,43,0,0,4.1,28.6,2026-09-19T14:00:00Z,90,,9,0,0,0,0,5,0,2.7,1,0,1,2.0,2,,65607,128841,40,False,0,9,0,5,0,5
Leif Davis,DEF,Ipswich Town,,0,0,2,0,6.3,305,0.02,0.44,0.42,2.24,43,0,0,2.6,10.4,2026-09-19T14:00:00Z,90,,9,0,0,0,0,5,0,7.0,1,0,1,9.0,2,,375542,187600,40,False,0,5,0,2,0,5
Jacob Greaves,DEF,Ipswich Town,,0,0,0,0,0.0,306,0.00,0.00,0.00,0.00,43,0,0,0.0,0.0,2026-09-19T14:00:00Z,0,,9,0,0,0,0,5,0,1.1,0,0,1,0.0,0,,8251,38460,40,False,0,0,0,0,0,5
Ben Johnson,DEF,Ipswich Town,,0,0,0,0,0.0,307,0.00,0.00,0.00,0.00,43,0,0,0.0,0.0,2026-09-19T14:00:00Z,0,,9,0,0,0,0,5,0,0.1,0,0,1,0.0,0,,1137,6330,40,False,0,0,0,0,0,5
Darnell Furlong,DEF,Ipswich Town,,0,0,0,0,0.0,308,0.00,0.00,0.00,0.00,43,0,0,0.0,0.0,2026-09-19T14:00:00Z,0,,9,0,0,0,0,5,0,0.6,0,0,1,0.0,0,,19342,19926,39,False,0,0,0,0,0,5
Marcelino Núñez,MID,Ipswich Town,,0,0,0,0,0.0,309,0.00,0.00,0.00,0.00,43,0,0,0.0,0.0,2026-09-19T14:00:00Z,0,,9,0,0,0,0,5,0,0.1,0,0,1,0.0,0,,3119,7710,49,False,0,0,0,0,0,5
Azor Matusiwa,MID,Ipswich Town,,0,0,0,0,0.0,310,0.00,0.00,0.00,0.00,43,0,0,0.0,0.0,2026-09-19T14:00:00Z,0,,9,0,0,0,0,5,0,0.0,0,0,1,0.0,0,,127,280,49,False,0,0,0,0,0,5
Wes Burns,MID,Ipswich Town,,0,0,0,0,0.0,311,0.00,0.00,0.00,0.00,43,0,0,0.0,0.0,2026-09-19T14:00:00Z,0,,9,0,0,0,0,5,0,0.0,0,0,1,0.0,0,,0,348,50,False,0,0,0,0,0,5
Jack Taylor,MID,Ipswich Town,,0,0,0,0,0.0,312,0.00,0.00,0.00,0.00,43,0,0,0.0,0.0,2026-09-19T14:00:00Z,0,,9,0,0,0,0,5,0,0.0,0,0,1,0.0,0,,971,2671,44,False,0,0,0,0,0,5
Jack Clarke,MID,Ipswich Town,,0,0,10,0,30.1,313,0.33,0.33,0.00,1.68,43,0,0,4.2,10.0,2026-09-19T14:00:00Z,65,,9,0,0,0,0,5,0,0.2,1,0,1,2.0,2,,5519,15783,54,False,0,2,0,2,0,5
Chiedozie Ogbene,MID,Ipswich Town,,0,0,0,0,0.0,314,0.00,0.00,0.00,0.00,43,0,0,0.0,0.0,2026-09-19T14:00:00Z,0,,9,0,0,0,0,5,0,0.0,0,0,1,0.0,0,,104,1209,49,False,0,0,0,0,0,5
Abdul Fatawu,MID,Ipswich Town,,0,0,4,0,18.8,315,0.28,0.42,0.14,1.68,43,0,0,4.3,3.2,2026-09-19T14:00:00Z,66,,9,0,0,0,1,5,0,0.2,1,0,1,21.0,-1,,5366,13515,54,False,0,2,0,2,0,5
Emersonn Correia da Silva,FWD,Ipswich Town,,0,0,9,0,0.6,316,0.01,0.14,0.13,2.07,43,0,0,2.4,2.4,2026-09-19T14:00:00Z,80,,9,0,0,0,0,5,0,3.6,1,0,1,21.0,2,,322152,143680,55,False,0,0,0,0,1,5
George Hirst,FWD,Ipswich Town,,0,0,0,0,0.0,317,0.00,0.00,0.00,0.00,43,0,0,0.0,0.0,2026-09-19T14:00:00Z,0,,9,0,0,0,0,5,0,0.1,0,0,1,0.0,0,,0,17140,50,False,0,0,0,0,0,5
Jaden Philogene,MID,Ipswich Town,,0,0,5,0,3.8,318,0.01,0.07,0.06,0.56,43,0,0,0.9,1.4,2026-09-19T14:00:00Z,24,,9,0,0,0,0,5,0,0.1,0,0,1,4.0,1,,304,9296,54,False,0,0,0,1,0,5
Sam Szmodics,MID,Ipswich Town,,0,0,0,0,0.0,319,0.00,0.00,0.00,0.00,43,0,0,0.0,0.0,2026-09-19T14:00:00Z,0,,9,0,0,0,0,5,0,0.0,0,0,1,0.0,0,,0,761,50,False,0,0,0,0,0,5
Chuba Akpom,FWD,Ipswich Town,,0,0,3,0,0.8,320,0.00,0.17,0.17,0.16,43,0,0,0.6,0.0,2026-09-19T14:00:00Z,9,,9,0,0,0,0,5,0,1.2,0,0,1,5.0,1,,131191,74494,50,False,0,0,0,0,0,5
Sindre Walle Egeli,FWD,Ipswich Town,,0,0,0,0,0.0,321,0.00,0.00,0.00,0.00,43,0,0,0.0,0.0,2026-09-19T14:00:00Z,0,,9,0,0,0,0,5,0,3.5,0,0,1,0.0,0,,332154,212795,45,False,0,0,0,0,0,5
Ali Al-Hamadi,FWD,Ipswich Town,,0,0,0,0,0.0,322,0.00,0.00,0.00,0.00,43,0,0,0.0,0.0,2026-09-19T14:00:00Z,0,,9,0,0,0,0,5,0,0.0,0,0,1,0.0,0,,755,9939,50,False,0,0,0,0,0,5
Kasey McAteer,MID,Ipswich Town,,0,0,0,0,0.0,323,0.00,0.00,0.00,0.00,43,0,0,0.0,0.0,2026-09-19T14:00:00Z,0,,9,0,0,0,0,5,0,1.0,0,0,1,0.0,0,,28415,62646,44,False,0,0,0,0,0,5
Anis Mehmeti,MID,Ipswich Town,,0,0,0,0,0.0,324,0.00,0.00,0.00,0.00,43,0,0,0.0,0.0,2026-09-19T14:00:00Z,0,,9,0,0,0,0,5,0,0.0,0,0,1,0.0,0,,406,2488,48,False,0,0,0,0,0,5
Karl Darlow,GKP,Man Utd,,0,0,0,0,0.0,325,0.00,0.00,0.00,0.00,50,0,0,0.0,0.0,2026-09-20T15:30:00Z,0,,10,0,0,0,0,5,0,0.0,0,1,1,0.0,0,,1071,1612,45,False,0,0,0,0,0,5
Lucas Estella Perri,GKP,Leeds,,0,0,0,0,0.0,326,0.00,0.00,0.00,0.00,44,0,0,0.0,0.0,2026-09-20T13:00:00Z,0,,8,0,0,0,0,5,0,0.3,0,0,0,0.0,0,,532,26572,45,True,0,0,0,0,0,5
Jaka Bijol,DEF,Leeds,,0,0,0,0,0.0,327,0.00,0.00,0.00,0.00,44,0,0,0.0,0.0,2026-09-20T13:00:00Z,0,,8,0,0,0,0,5,0,0.7,0,0,0,0.0,0,,69148,59396,50,True,0,0,0,0,0,5
Pascal Struijk,DEF,Brighton,,0,0,24,1,0.6,328,0.00,0.16,0.16,1.48,42,0,0,2.8,20.8,2026-09-19T14:00:00Z,85,,1,0,0,0,0,5,0,0.2,1,0,3,7.0,5,,5676,12220,49,True,1,5,0,6,1,5
Joe Rodon,DEF,Leeds,,0,0,0,0,0.0,329,0.00,0.00,0.00,0.00,44,0,0,0.0,0.0,2026-09-20T13:00:00Z,0,,8,0,0,0,0,5,0,0.8,0,0,0,0.0,0,,26944,297265,43,True,0,0,0,0,0,5
Jayden Bogle,DEF,Leeds,,0,0,14,1,2.0,330,0.00,0.07,0.07,0.66,44,0,0,1.3,0.0,2026-09-20T13:00:00Z,66,,8,0,0,0,0,5,0,7.3,1,0,0,11.0,5,,660799,87348,46,True,1,1,0,2,0,5
Gabriel Gudmundsson,DEF,Leeds,,0,0,27,1,19.7,331,0.03,0.03,0.00,1.06,44,0,0,3.8,16.0,2026-09-20T13:00:00Z,90,,8,0,0,0,0,5,0,0.1,1,0,0,2.0,6,,4205,2793,45,True,0,2,0,1,3,5
James Justin,DEF,Leeds,,0,2,31,1,14.9,332,0.12,0.17,0.05,1.06,44,0,0,3.9,19.2,2026-09-20T13:00:00Z,90,,8,0,0,0,0,5,0,1.4,1,0,0,5.0,8,,121949,71218,45,True,0,6,0,2,3,5
Sebastiaan Bornauw,DEF,Leeds,,0,0,0,0,0.0,333,0.00,0.00,0.00,0.00,44,0,0,0.0,0.0,2026-09-20T13:00:00Z,0,,8,0,0,0,0,5,0,0.0,0,0,0,0.0,0,,0,300,45,True,0,0,0,0,0,5
Tarik Muharemović,DEF,Leeds,,0,0,22,1,0.9,334,0.01,0.41,0.40,1.06,44,0,0,3.3,14.0,2026-09-20T13:00:00Z,90,,8,0,0,0,0,5,0,4.3,1,0,0,18.0,6,,302086,175017,50,True,0,7,0,5,1,5
Anton Stach,MID,Leeds,,0,0,13,1,17.1,335,0.08,0.13,0.05,1.06,44,0,0,3.8,16.6,2026-09-20T13:00:00Z,90,,8,0,0,0,0,5,0,2.5,1,0,0,4.0,5,,202536,165328,60,True,0,6,13,5,2,5
Noah Okafor,MID,Leeds,,0,0,17,1,1.5,336,0.01,0.03,0.02,0.68,44,0,0,1.2,7.8,2026-09-20T13:00:00Z,75,,8,0,0,0,0,5,0,0.4,1,0,0,3.0,3,,27034,35391,58,True,0,0,0,3,2,5
Brenden Aaronson,MID,Leeds,,0,0,5,0,0.7,337,0.00,0.00,0.00,0.40,44,0,0,0.2,1.4,2026-09-20T13:00:00Z,22,,8,0,0,0,0,5,0,0.5,0,0,0,0.0,1,,6787,48283,53,True,0,0,0,3,1,5
Ethan Ampadu,MID,Leeds,,0,0,19,1,24.2,338,0.10,0.10,0.00,1.06,44,0,0,4.3,18.8,2026-09-20T13:00:00Z,90,,8,0,0,0,0,5,0,0.9,1,0,0,0.0,5,,18185,60932,54,True,0,5,14,6,3,5
Sean Longstaff,MID,Leeds,,0,0,0,0,0.0,339,0.00,0.00,0.00,0.00,44,0,0,0.0,0.0,2026-09-20T13:00:00Z,0,,8,0,0,0,0,5,0,0.1,0,0,0,0.0,0,,2526,8148,48,True,0,0,0,0,0,5
Joe Gelhardt,MID,Hull City,,0,0,5,0,1.3,340,0.02,0.12,0.10,0.13,46,0,0,1.5,1.6,2026-09-19T14:00:00Z,7,,17,0,0,0,0,5,0,0.0,0,1,2,12.0,1,,710,1022,50,False,0,0,0,1,0,5
Wilfried Gnonto,MID,Leeds,,0,0,0,0,0.0,341,0.00,0.00,0.00,0.00,44,0,0,0.0,0.0,2026-09-20T13:00:00Z,0,,8,0,0,0,0,5,0,0.0,0,0,0,0.0,0,,244,1815,50,True,0,0,0,0,0,5
Jack Harrison,MID,Leeds,,0,0,0,0,0.0,342,0.00,0.00,0.00,0.00,44,0,0,0.0,0.0,2026-09-20T13:00:00Z,0,,8,0,0,0,0,5,0,0.0,0,0,0,0.0,0,,0,79,50,True,0,0,0,0,0,5
Daniel James,MID,Leeds,,0,0,3,0,0.2,343,0.00,0.00,0.00,0.40,44,0,0,0.5,1.2,2026-09-20T13:00:00Z,23,,8,0,0,0,0,5,0,0.1,0,0,0,4.0,1,,4173,8036,49,True,0,1,0,0,0,5
Ilia Gruev,MID,Leeds,,0,0,0,0,0.0,344,0.00,0.00,0.00,0.00,44,0,0,0.0,0.0,2026-09-20T13:00:00Z,0,,8,0,0,0,0,5,0,0.0,0,0,0,0.0,0,,130,317,50,True,0,0,0,0,0,5
Tanaka Ao,MID,Leeds,,0,0,0,1,1.2,345,0.00,0.14,0.14,0.66,44,0,0,0.4,0.0,2026-09-20T13:00:00Z,67,,8,0,0,0,0,5,0,0.3,1,0,0,5.0,2,,22905,17643,49,True,1,2,0,2,1,5
Dominic Calvert-Lewin,FWD,Leeds,,0,0,7,0,1.3,346,0.00,0.52,0.52,1.06,44,0,0,3.1,10.2,2026-09-20T13:00:00Z,90,,8,0,0,0,0,5,0,24.8,1,0,0,19.0,2,,1017095,1331454,60,True,0,4,0,4,0,5
Lukas Nmecha,FWD,Leeds,,0,0,4,0,0.0,347,0.00,0.00,0.00,0.37,44,0,0,0.2,2.0,2026-09-20T13:00:00Z,14,,8,0,0,0,0,5,0,0.5,0,0,0,0.0,1,,22332,37313,54,True,0,0,0,1,1,5
Joël Piroe,FWD,Leeds,,0,0,0,0,0.0,348,0.00,0.00,0.00,0.00,44,0,0,0.0,0.0,2026-09-20T13:00:00Z,0,,8,0,0,0,0,5,0,0.1,0,0,0,0.0,0,,0,11248,50,True,0,0,0,0,0,5
Mateo Joseph Fernández-Regatillo,FWD,Leeds,,0,0,0,0,0.0,349,0.00,0.00,0.00,0.00,44,0,0,0.0,0.0,2026-09-20T13:00:00Z,0,,8,0,0,0,0,5,0,0.1,0,0,0,0.0,0,,3128,4488,45,True,0,0,0,0,0,5
Alisson Becker,GKP,Liverpool,,0,2,30,1,0.0,350,0.00,0.00,0.00,0.79,49,0,0,2.2,22.4,2026-09-20T13:00:00Z,90,,3,0,0,0,0,5,0,4.2,1,1,0,0.0,8,,148132,146183,55,False,0,4,0,9,0,5
Giorgi Mamardashvili,GKP,Liverpool,,0,0,0,0,0.0,351,0.00,0.00,0.00,0.00,49,0,0,0.0,0.0,2026-09-20T13:00:00Z,0,,3,0,0,0,0,5,0,0.1,0,1,0,0.0,0,,2883,8673,48,False,0,0,0,0,0,5
Freddie Woodman,GKP,Liverpool,,0,0,0,0,0.0,352,0.00,0.00,0.00,0.00,49,0,0,0.0,0.0,2026-09-20T13:00:00Z,0,,3,0,0,0,0,5,0,1.0,0,1,0,0.0,0,,18327,27336,40,False,0,0,0,0,0,5
Armin Pecsi,GKP,Liverpool,,0,0,0,0,0.0,353,0.00,0.00,0.00,0.00,49,0,0,0.0,0.0,2026-09-20T13:00:00Z,0,,3,0,0,0,0,5,0,0.0,0,1,0,0.0,0,,0,1096,40,False,0,0,0,0,0,5
Vitezslav Jaros,GKP,Liverpool,,0,0,0,0,0.0,354,0.00,0.00,0.00,0.00,49,0,0,0.0,0.0,2026-09-20T13:00:00Z,0,,3,0,0,0,0,5,0,0.0,0,1,0,0.0,0,,1763,1251,40,False,0,0,0,0,0,5
Harvey Davies,GKP,Liverpool,,0,0,0,0,0.0,355,0.00,0.00,0.00,0.00,49,0,0,0.0,0.0,2026-09-20T13:00:00Z,0,,3,0,0,0,0,5,0,0.2,0,1,0,0.0,0,,4761,4268,40,False,0,0,0,0,0,5
Virgil van Dijk,DEF,Liverpool,,0,0,26,1,1.8,356,0.01,0.01,0.00,0.79,49,0,0,2.8,25.8,2026-09-20T13:00:00Z,90,,3,0,0,0,0,5,0,16.2,1,1,0,0.0,8,,280924,619114,65,False,0,13,13,2,0,5
Jeremie Frimpong,DEF,Liverpool,,0,0,0,0,0.0,357,0.00,0.00,0.00,0.00,49,0,0,0.0,0.0,2026-09-20T13:00:00Z,0,,3,0,0,0,0,5,0,1.8,0,1,0,0.0,0,,59069,246675,53,False,0,0,0,0,0,5
Milos Kerkez,DEF,Liverpool,,0,0,22,1,2.3,358,0.01,0.06,0.05,0.79,49,0,0,1.4,9.8,2026-09-20T13:00:00Z,90,,3,0,0,0,0,5,0,2.2,1,1,0,2.0,6,,47791,188535,53,False,0,6,0,2,1,5
Joe Gomez,DEF,Liverpool,,0,0,0,0,0.0,359,0.00,0.00,0.00,0.00,49,0,0,0.0,0.0,2026-09-20T13:00:00Z,0,,3,0,0,0,0,5,0,0.0,0,1,0,0.0,0,,769,1185,49,False,0,0,0,0,0,5
Conor Bradley,DEF,Liverpool,,0,0,0,0,0.0,360,0.00,0.00,0.00,0.00,49,0,0,0.0,0.0,2026-09-20T13:00:00Z,0,,3,0,0,0,0,5,0,0.0,0,1,0,0.0,0,,380,802,50,False,0,0,0,0,0,5
Wellity Lucky,DEF,Liverpool,,0,0,0,0,0.0,361,0.00,0.00,0.00,0.00,49,0,0,0.0,0.0,2026-09-20T13:00:00Z,0,,3,0,0,0,0,5,0,0.1,0,1,0,0.0,0,,3884,5838,40,False,0,0,0,0,0,5
Jeremy Jacquet,DEF,Liverpool,,0,0,26,1,1.7,362,0.02,0.02,0.00,0.79,49,0,0,2.2,20.0,2026-09-20T13:00:00Z,90,,3,0,0,0,0,5,0,3.5,1,1,0,0.0,6,,234812,124489,50,False,0,5,0,6,3,5
Giovanni Leoni,DEF,Liverpool,,0,0,0,0,0.0,363,0.00,0.00,0.00,0.00,49,0,0,0.0,0.0,2026-09-20T13:00:00Z,0,,3,0,0,0,0,5,0,0.0,0,1,0,0.0,0,,870,2122,40,False,0,0,0,0,0,5
Kostas Tsimikas,DEF,Liverpool,,0,0,0,0,0.0,364,0.00,0.00,0.00,0.00,49,0,0,0.0,0.0,2026-09-20T13:00:00Z,0,,3,0,0,0,0,5,0,0.1,0,1,0,0.0,0,,1591,4438,49,False,0,0,0,0,0,5
Calvin Ramsay,DEF,Liverpool,,0,0,0,0,0.0,365,0.00,0.00,0.00,0.00,49,0,0,0.0,0.0,2026-09-20T13:00:00Z,0,,3,0,0,0,0,5,0,0.1,0,1,0,0.0,0,,638,12739,40,False,0,0,0,0,0,5
Florian Wirtz,MID,Liverpool,,1,0,25,1,39.3,366,0.05,0.27,0.22,0.66,49,0,0,6.9,13.2,2026-09-20T13:00:00Z,70,,3,0,0,0,0,5,0,5.7,1,1,0,16.0,6,,134868,767589,73,False,0,1,0,4,3,5
Cody Gakpo,MID,Liverpool,,0,0,13,1,43.0,367,0.49,0.69,0.20,0.79,49,0,0,6.6,15.8,2026-09-20T13:00:00Z,90,,3,0,0,0,0,5,0,12.2,1,1,0,7.0,3,,1338430,732264,72,False,0,2,0,1,2,5
Dominik Szoboszlai,MID,Liverpool,,0,0,5,1,4.6,368,0.02,0.15,0.13,0.66,49,0,0,0.8,1.6,2026-09-20T13:00:00Z,80,,3,0,0,0,0,5,0,32.6,1,1,0,2.0,2,,931403,1696952,69,False,1,2,0,2,2,5
Rio Ngumoha,MID,Liverpool,,0,0,0,0,0.0,369,0.00,0.00,0.00,0.00,49,0,0,0.0,0.0,2026-09-20T13:00:00Z,0,,3,0,0,0,0,5,0,0.5,0,1,0,0.0,0,,14635,89476,57,False,0,0,0,0,0,5
Federico Chiesa,MID,Liverpool,,0,0,0,0,0.0,370,0.00,0.00,0.00,0.00,49,0,0,0.0,0.0,2026-09-20T13:00:00Z,0,,3,0,0,0,0,5,0,0.0,0,1,0,0.0,0,,682,10096,53,False,0,0,0,0,0,5
Ryan Gravenberch,MID,Liverpool,,0,0,3,0,1.5,371,0.01,0.01,0.00,0.14,49,0,0,0.1,0.0,2026-09-20T13:00:00Z,9,,3,0,0,0,0,5,0,1.1,0,1,0,0.0,1,,35843,130845,58,False,0,0,0,1,0,5
Alexis Mac Allister,MID,Liverpool,,0,0,19,1,6.5,372,0.05,0.05,0.00,0.79,49,0,0,2.5,14.0,2026-09-20T13:00:00Z,90,,3,0,0,0,0,5,0,1.3,1,1,0,4.0,5,,45677,96940,54,False,0,4,13,7,2,5
Curtis Jones,MID,Liverpool,,0,0,0,0,0.0,373,0.00,0.00,0.00,0.00,49,0,0,0.0,0.0,2026-09-20T13:00:00Z,0,,3,0,0,0,0,5,0,0.0,0,1,0,0.0,0,,34,2653,55,False,0,0,0,0,0,5
Endo Wataru,MID,Liverpool,,0,0,0,0,0.0,374,0.00,0.00,0.00,0.00,49,0,0,0.0,0.0,2026-09-20T13:00:00Z,0,,3,0,0,0,0,5,0,0.1,0,1,0,0.0,0,,2335,4833,49,False,0,0,0,0,0,5
Trey Nyoni,MID,Liverpool,,0,0,3,0,0.6,375,0.00,0.00,0.00,0.14,49,0,0,1.0,9.6,2026-09-20T13:00:00Z,19,,3,0,0,0,0,5,0,0.0,0,1,0,0.0,1,,1354,3066,49,False,0,5,0,0,0,5
Stefan Bajčetić Maquieira,MID,Liverpool,,0,0,0,0,0.0,376,0.00,0.00,0.00,0.00,49,0,0,0.0,0.0,2026-09-20T13:00:00Z,0,,3,0,0,0,0,5,0,0.0,0,1,0,0.0,0,,19,107,50,False,0,0,0,0,0,5
Victor Munoz,MID,Liverpool,,0,0,7,0,11.0,377,0.06,0.06,0.00,0.14,49,0,0,1.7,5.8,2026-09-20T13:00:00Z,18,,3,0,0,0,0,5,0,0.9,0,1,0,0.0,1,,117590,102346,65,False,0,1,0,1,1,5
James McConnell,MID,Liverpool,,0,0,0,0,0.0,378,0.00,0.00,0.00,0.00,49,0,0,0.0,0.0,2026-09-20T13:00:00Z,0,,3,0,0,0,0,5,0,0.2,0,1,0,0.0,0,,6968,13038,44,False,0,0,0,0,0,5
Alexander Isak,FWD,Liverpool,,0,3,31,0,13.4,379,0.02,0.77,0.75,0.66,49,0,1,7.7,32.6,2026-09-20T13:00:00Z,80,,3,0,0,0,0,5,0,22.2,1,1,0,31.0,8,,1246105,759317,91,False,1,1,0,0,0,5
Hugo Ekitiké,FWD,Liverpool,,0,0,0,0,0.0,380,0.00,0.00,0.00,0.00,49,0,0,0.0,0.0,2026-09-20T13:00:00Z,0,,3,0,0,0,0,5,0,0.1,0,1,0,0.0,0,,2687,11347,74,False,0,0,0,0,0,5
Lewis Koumas,MID,Liverpool,,0,0,7,0,0.0,381,0.00,0.25,0.25,0.14,49,0,0,2.0,3.0,2026-09-20T13:00:00Z,9,,3,0,0,0,0,5,0,0.0,0,1,0,17.0,1,,855,1401,50,False,0,0,0,0,0,5
Jayden Danns,FWD,Liverpool,,0,0,0,0,0.0,382,0.00,0.00,0.00,0.00,49,0,0,0.0,0.0,2026-09-20T13:00:00Z,0,,3,0,0,0,0,5,0,0.2,0,1,0,0.0,0,,23508,9816,45,False,0,0,0,0,0,5
Harvey Elliott,MID,Liverpool,,0,0,0,0,0.0,383,0.00,0.00,0.00,0.00,49,0,0,0.0,0.0,2026-09-20T13:00:00Z,0,,3,0,0,0,0,5,0,0.0,0,1,0,0.0,0,,907,6160,54,False,0,0,0,0,0,5
Gianluigi Donnarumma,GKP,Man City,,0,0,9,0,0.0,384,0.00,0.00,0.00,3.57,45,3,0,3.2,31.6,2026-09-20T13:00:00Z,90,,20,0,0,0,0,5,4,7.6,1,3,5,0.0,2,,207526,318176,55,True,0,2,0,8,0,5
James Trafford,GKP,Leeds,,0,3,34,1,0.0,385,0.00,0.00,0.00,1.06,44,0,0,2.8,27.8,2026-09-20T13:00:00Z,90,,8,0,0,0,0,5,5,5.5,1,0,0,0.0,10,,266631,160544,50,True,0,0,0,16,0,5
Marcus Bettinelli,GKP,Man City,,0,0,0,0,0.0,386,0.00,0.00,0.00,0.00,45,0,0,0.0,0.0,2026-09-20T13:00:00Z,0,,20,0,0,0,0,5,0,0.0,0,3,5,0.0,0,,576,1127,45,True,0,0,0,0,0,5
Nico O'Reilly,DEF,Man City,,0,0,3,0,0.8,387,0.00,0.78,0.78,0.39,45,0,0,2.3,5.4,2026-09-20T13:00:00Z,5,,20,0,0,0,0,5,0,10.8,0,3,5,17.0,1,,192743,1214707,63,True,0,1,0,1,1,5
Marc Guéhi,DEF,Man City,,1,0,13,0,13.1,388,0.01,0.07,0.06,3.57,45,3,0,5.5,32.8,2026-09-20T13:00:00Z,90,,20,0,0,0,0,5,0,18.2,1,3,5,9.0,4,,507008,466945,60,True,0,4,0,2,0,5
Matheus Nunes,DEF,Man City,,0,0,0,0,3.3,389,0.01,0.01,0.00,3.57,45,3,0,2.8,25.0,2026-09-20T13:00:00Z,90,,20,0,0,0,0,5,0,1.0,1,3,5,0.0,1,,14925,74265,59,True,0,8,0,0,1,5
Rúben dos Santos Gato Alves Dias,DEF,Man City,,0,0,-7,0,0.3,390,0.00,0.20,0.20,3.57,45,3,0,1.2,4.8,2026-09-20T13:00:00Z,90,,20,0,0,0,0,5,0,1.9,1,3,5,7.0,1,,67559,74341,55,True,0,4,0,0,0,5
Joško Gvardiol,DEF,Man City,,1,0,22,0,11.4,391,0.63,0.63,0.00,3.57,45,3,0,4.7,34.0,2026-09-20T13:00:00Z,90,,20,0,0,0,0,5,0,26.9,1,3,5,2.0,4,,1838108,420167,57,True,0,7,0,6,0,5
Rayan Aït-Nouri,DEF,Man City,,0,0,0,0,0.0,392,0.00,0.00,0.00,0.00,45,0,0,0.0,0.0,2026-09-20T13:00:00Z,0,,20,0,0,0,0,5,0,0.4,0,3,5,0.0,0,,7908,61705,52,True,0,0,0,0,0,5
Abdukodir Khusanov,DEF,Man City,,0,0,0,0,0.0,393,0.00,0.00,0.00,0.00,45,0,0,0.0,0.0,2026-09-20T13:00:00Z,0,,20,0,0,0,0,5,0,1.4,0,3,5,0.0,0,,26948,81022,54,True,0,0,0,0,0,5
Max Alleyne,DEF,Man City,,0,0,0,0,0.0,394,0.00,0.00,0.00,0.00,45,0,0,0.0,0.0,2026-09-20T13:00:00Z,0,,20,0,0,0,0,5,0,0.0,0,3,5,0.0,0,,0,618,50,True,0,0,0,0,0,5
Rico Lewis,DEF,Man City,,0,0,0,0,0.0,395,0.00,0.00,0.00,0.00,45,0,0,0.0,0.0,2026-09-20T13:00:00Z,0,,20,0,0,0,0,5,0,0.2,0,3,5,0.0,0,,8287,16324,44,True,0,0,0,0,0,5
Vitor de Oliveira Nunes dos Reis,DEF,Man City,,0,0,0,0,0.0,396,0.00,0.00,0.00,0.00,45,0,0,0.0,0.0,2026-09-20T13:00:00Z,0,,20,0,0,0,0,5,0,0.0,0,3,5,0.0,0,,557,1184,45,True,0,0,0,0,0,5
Antoine Semenyo,MID,Man City,,1,2,65,0,34.2,397,0.17,0.33,0.16,3.57,45,0,2,17.2,95.6,2026-09-20T13:00:00Z,90,,20,0,0,0,0,5,0,15.2,1,3,5,42.0,17,,318882,1222382,84,True,0,2,0,3,2,5
Phil Foden,MID,Man City,,0,0,0,0,0.0,398,0.00,0.00,0.00,0.00,45,0,0,0.0,0.0,2026-09-20T13:00:00Z,0,,20,0,0,0,0,5,0,1.8,0,3,5,0.0,0,,303475,567701,69,True,0,0,0,0,0,5
Rayan Cherki,MID,Man City,,0,1,35,0,43.6,399,0.13,0.26,0.13,3.18,45,0,1,11.3,42.8,2026-09-20T13:00:00Z,84,,20,0,0,0,0,5,0,28.4,1,3,5,27.0,8,,2680091,963636,78,True,0,2,0,3,0,5
Jérémy Doku,MID,Man City,,0,0,7,0,13.8,400,0.32,0.55,0.23,0.42,45,0,0,2.2,3.6,2026-09-20T13:00:00Z,15,,20,0,0,0,0,5,0,0.7,0,3,5,5.0,1,,6358,128329,74,True,0,1,0,1,0,5
Omar Marmoush,FWD,Spurs,,0,0,8,0,6.4,401,0.04,0.06,0.02,1.16,48,0,0,1.8,5.6,2026-09-19T11:30:00Z,90,,2,0,0,0,0,5,0,2.1,1,3,2,6.0,2,,235577,164120,70,True,0,0,0,3,1,5
Rodrigo 'Rodri' Hernandez Cascante,MID,Man City,,0,0,0,0,0.0,402,0.00,0.00,0.00,0.00,45,0,0,0.0,0.0,2026-09-20T13:00:00Z,0,,20,0,0,0,0,5,0,0.0,0,3,5,0.0,0,,0,1231,65,True,0,0,0,0,0,5
Sávio Moreira de Oliveira,MID,Spurs,,0,0,29,0,59.0,403,0.17,0.46,0.29,1.16,48,0,0,13.6,24.4,2026-09-19T11:30:00Z,90,,2,0,0,0,0,5,0,0.6,1,3,2,53.0,2,,100101,80156,65,True,0,2,0,3,0,5
Tijjani Reijnders,MID,Man City,,0,0,0,0,0.0,404,0.00,0.00,0.00,0.00,45,0,0,0.0,0.0,2026-09-20T13:00:00Z,0,,20,0,0,0,0,5,0,0.0,0,3,5,0.0,0,,0,8191,60,True,0,0,0,0,0,5
Nico González Iglesias,MID,Newcastle,,0,0,0,0,0.0,405,0.00,0.00,0.00,0.00,46,0,0,0.0,0.0,2026-09-19T14:00:00Z,0,,11,0,0,0,0,5,0,0.2,0,1,2,0.0,0,,18134,17056,55,True,0,0,0,0,0,5
Mateo Kovačić,MID,Man City,,0,0,0,0,0.0,406,0.00,0.00,0.00,0.00,45,0,0,0.0,0.0,2026-09-20T13:00:00Z,0,,20,0,0,0,0,5,0,0.1,0,3,5,0.0,0,,2264,6319,53,True,0,0,0,0,0,5
Claudio Echeverri,MID,Man City,,0,0,0,0,0.0,407,0.00,0.00,0.00,0.00,45,0,0,0.0,0.0,2026-09-20T13:00:00Z,0,,20,0,0,0,0,5,0,0.0,0,3,5,0.0,0,,250,1346,49,True,0,0,0,0,0,5
Kalvin Phillips,MID,Man City,,0,0,0,0,0.0,408,0.00,0.00,0.00,0.00,45,0,0,0.0,0.0,2026-09-20T13:00:00Z,0,,20,0,0,0,0,5,0,0.0,0,3,5,0.0,0,,0,572,50,True,0,0,0,0,0,5
Divine Mukasa,MID,Man City,,0,0,0,0,0.0,409,0.00,0.00,0.00,0.00,45,0,0,0.0,0.0,2026-09-20T13:00:00Z,0,,20,0,0,0,0,5,0,0.1,0,3,5,0.0,0,,1621,12208,45,True,0,0,0,0,0,5
Jeremy Monga,MID,Man City,,0,0,0,0,0.0,410,0.00,0.00,0.00,0.00,45,0,0,0.0,0.0,2026-09-20T13:00:00Z,0,,20,0,0,0,0,5,0,0.0,0,3,5,0.0,0,,219,1274,49,True,0,0,0,0,0,5
Erling Haaland,FWD,Man City,,0,0,25,0,2.0,411,0.02,1.11,1.09,3.57,45,0,1,8.8,28.6,2026-09-20T13:00:00Z,90,,20,0,0,0,0,5,0,73.9,1,3,5,57.0,6,,929667,324902,156,True,0,2,0,0,0,5
Senne Lammens,GKP,Man Utd,,0,0,22,0,0.0,412,0.00,0.00,0.00,1.62,50,0,0,4.7,47.2,2026-09-20T15:30:00Z,90,,10,0,0,0,0,5,6,9.9,1,1,1,0.0,4,,99522,689793,49,False,0,0,0,5,0,5
Altay Bayındır,GKP,Man Utd,,0,0,0,0,0.0,413,0.00,0.00,0.00,0.00,50,0,0,0.0,0.0,2026-09-20T15:30:00Z,0,,10,0,0,0,0,5,0,0.0,0,1,1,0.0,0,,0,1153,45,False,0,0,0,0,0,5
Tom Heaton,GKP,Man Utd,,0,0,0,0,0.0,414,0.00,0.00,0.00,0.00,50,0,0,0.0,0.0,2026-09-20T15:30:00Z,0,,10,0,0,0,0,5,0,0.1,0,1,1,0.0,0,,2135,3581,40,False,0,0,0,0,0,5
Patrick Dorgu,MID,Man Utd,,1,0,12,0,11.2,415,0.01,0.14,0.13,0.00,50,0,0,4.1,18.4,2026-09-20T15:30:00Z,6,,10,0,0,0,0,5,0,0.5,0,1,1,11.0,4,,14005,98117,58,False,0,2,0,0,0,5
Matthijs de Ligt,DEF,Man Utd,,0,0,0,0,0.0,416,0.00,0.00,0.00,0.00,50,0,0,0.0,0.0,2026-09-20T15:30:00Z,0,,10,0,0,0,0,5,0,0.0,0,1,1,0.0,0,,466,1564,49,False,0,0,0,0,0,5
Diogo Dalot Teixeira,DEF,Man Utd,,0,0,11,0,15.0,417,0.05,0.11,0.06,1.62,50,0,0,3.1,8.6,2026-09-20T15:30:00Z,90,,10,0,0,0,0,5,0,1.6,1,1,1,7.0,2,,26194,136435,49,False,0,1,0,7,1,5
Harry Maguire,DEF,Man Utd,,0,0,17,0,17.1,418,0.03,0.04,0.01,1.62,50,0,0,4.6,17.2,2026-09-20T15:30:00Z,90,,10,0,0,0,0,5,0,8.6,1,1,1,12.0,2,,138730,1007571,48,False,0,4,0,4,1,5
Lisandro Martínez,DEF,Man Utd,,0,0,6,0,13.3,419,0.02,0.17,0.15,1.62,50,0,0,4.8,12.4,2026-09-20T15:30:00Z,90,,10,1,0,0,0,5,0,1.3,1,1,1,22.0,0,,36830,67604,49,False,0,4,0,1,0,5
Leny Yoro,DEF,Man Utd,,0,0,0,0,0.0,420,0.00,0.00,0.00,0.00,50,0,0,0.0,0.0,2026-09-20T15:30:00Z,0,,10,0,0,0,0,5,0,0.5,0,1,1,0.0,0,,5274,36127,48,False,0,0,0,0,0,5
Ayden Heaven,DEF,Man Utd,,0,0,0,0,0.0,421,0.00,0.00,0.00,0.00,50,0,0,0.0,0.0,2026-09-20T15:30:00Z,0,,10,0,0,0,0,5,0,0.3,0,1,1,0.0,0,,6032,24140,43,False,0,0,0,0,0,5
Noussair Mazraoui,DEF,Man Utd,,0,0,0,0,0.0,422,0.00,0.00,0.00,0.00,50,0,0,0.0,0.0,2026-09-20T15:30:00Z,0,,10,0,0,0,0,5,0,0.5,0,1,1,0.0,0,,14396,41091,44,False,0,0,0,0,0,5
Luke Shaw,DEF,Man Utd,,0,0,7,0,6.0,423,0.07,0.08,0.01,1.62,50,0,0,1.7,6.6,2026-09-20T15:30:00Z,83,,10,0,0,0,0,5,0,7.6,1,1,1,4.0,2,,101567,1311589,43,False,0,3,0,1,0,5
Harry Amass,DEF,Man Utd,,0,0,0,0,0.0,424,0.00,0.00,0.00,0.00,50,0,0,0.0,0.0,2026-09-20T15:30:00Z,0,,10,0,0,0,0,5,0,0.2,0,1,1,0.0,0,,6344,8859,40,False,0,0,0,0,0,5
Tyler Fredricson,DEF,Man Utd,,0,0,0,0,0.0,425,0.00,0.00,0.00,0.00,50,0,0,0.0,0.0,2026-09-20T15:30:00Z,0,,10,0,0,0,0,5,0,0.0,0,1,1,0.0,0,,0,1321,40,False,0,0,0,0,0,5
Bruno Borges Fernandes,MID,Man Utd,,0,0,15,0,58.8,426,0.19,0.47,0.28,1.62,50,0,0,8.6,14.0,2026-09-20T15:30:00Z,90,,10,0,0,0,0,5,0,38.4,1,1,1,13.0,2,,661081,1858755,119,False,0,0,0,5,1,5
Bryan Mbeumo,MID,Man Utd,,0,0,23,0,46.3,427,0.25,0.52,0.27,1.62,50,0,0,9.1,14.6,2026-09-20T15:30:00Z,90,,10,0,0,0,0,5,0,20.5,1,1,1,30.0,2,,468279,2023689,79,False,0,2,0,1,1,5
Matheus Santos Carneiro da Cunha,MID,Man Utd,,0,3,32,0,35.2,428,0.39,0.44,0.05,1.62,50,0,1,10.4,42.4,2026-09-20T15:30:00Z,90,,10,0,0,0,0,5,0,5.8,1,1,1,26.0,10,,98173,511145,79,False,0,1,0,2,0,5
Marcus Rashford,MID,Man Utd,,0,0,15,0,53.7,429,0.14,0.54,0.40,1.62,50,0,0,12.8,16.6,2026-09-20T15:30:00Z,76,,10,0,0,0,0,5,0,1.4,1,1,1,58.0,2,,85302,129946,70,False,0,2,0,0,0,5
Mason Mount,MID,Man Utd,,0,0,3,0,1.1,430,0.01,0.10,0.09,0.00,50,0,0,0.7,0.6,2026-09-20T15:30:00Z,10,,10,0,0,0,0,5,0,0.0,0,1,1,5.0,1,,924,1983,54,False,0,0,0,1,0,5
Amad Diallo,MID,Man Utd,,0,0,0,0,0.0,431,0.00,0.00,0.00,0.00,50,0,0,0.0,0.0,2026-09-20T15:30:00Z,0,,10,0,0,0,0,5,0,0.3,0,1,1,0.0,0,,2183,123685,57,False,0,0,0,0,0,5
Kobbie Mainoo,MID,Man Utd,,0,0,18,0,17.4,432,0.10,0.16,0.06,1.62,50,0,0,3.8,11.2,2026-09-20T15:30:00Z,79,,10,0,0,0,0,5,0,1.6,1,1,1,9.0,4,,95031,68520,55,False,0,1,12,10,1,5
Manuel Ugarte Ribeiro,MID,Man Utd,,0,0,0,0,0.0,433,0.00,0.00,0.00,0.00,50,0,0,0.0,0.0,2026-09-20T15:30:00Z,0,,10,0,0,0,0,5,0,0.0,0,1,1,0.0,0,,121,266,50,False,0,0,0,0,0,5
Jack Fletcher,MID,Man Utd,,0,0,0,0,0.0,434,0.00,0.00,0.00,0.00,50,0,0,0.0,0.0,2026-09-20T15:30:00Z,0,,10,0,0,0,0,5,0,0.0,0,1,1,0.0,0,,327,707,49,False,0,0,0,0,0,5
Shea Lacey,MID,Man Utd,,0,0,0,0,0.0,435,0.00,0.00,0.00,0.00,50,0,0,0.0,0.0,2026-09-20T15:30:00Z,0,,10,0,0,0,0,5,0,0.1,0,1,1,0.0,0,,1744,3341,49,False,0,0,0,0,0,5
Toby Collyer,MID,Man Utd,,0,0,0,0,0.0,436,0.00,0.00,0.00,0.00,50,0,0,0.0,0.0,2026-09-20T15:30:00Z,0,,10,0,0,0,0,5,0,0.0,0,1,1,0.0,0,,150,1056,50,False,0,0,0,0,0,5
Bendito Mantato,MID,Man Utd,,0,0,0,0,0.0,437,0.00,0.00,0.00,0.00,50,0,0,0.0,0.0,2026-09-20T15:30:00Z,0,,10,0,0,0,0,5,0,0.2,0,1,1,0.0,0,,5159,9710,44,False,0,0,0,0,0,5
Tyler Fletcher,MID,Man Utd,,0,0,0,0,0.0,438,0.00,0.00,0.00,0.00,50,0,0,0.0,0.0,2026-09-20T15:30:00Z,0,,10,0,0,0,0,5,0,0.3,0,1,1,0.0,0,,10705,16994,44,False,0,0,0,0,0,5
Benjamin Sesko,FWD,Man Utd,,0,0,0,0,0.0,439,0.00,0.00,0.00,0.00,50,0,0,0.0,0.0,2026-09-20T15:30:00Z,0,,10,0,0,0,0,5,0,1.6,0,1,1,0.0,0,,104163,135072,70,False,0,0,0,0,0,5
Joshua Zirkzee,FWD,Man Utd,,0,0,4,0,10.1,440,0.00,0.00,0.00,0.00,50,0,0,1.3,3.2,2026-09-20T15:30:00Z,13,,10,0,0,0,0,5,0,0.4,0,1,1,0.0,1,,15985,43847,53,False,0,1,0,0,0,5
Chido Obi,FWD,Man Utd,,0,0,0,0,0.0,441,0.00,0.00,0.00,0.00,50,0,0,0.0,0.0,2026-09-20T15:30:00Z,0,,10,0,0,0,0,5,0,0.9,0,1,1,0.0,0,,45543,74737,45,False,0,0,0,0,0,5
Nick Pope,GKP,Newcastle,,0,0,0,0,0.0,442,0.00,0.00,0.00,0.00,46,0,0,0.0,0.0,2026-09-19T14:00:00Z,0,,11,0,0,0,0,5,0,0.9,0,1,2,0.0,0,,13411,54024,49,True,0,0,0,0,0,5
Mark Gillespie,GKP,Newcastle,,0,0,0,0,0.0,443,0.00,0.00,0.00,0.00,46,0,0,0.0,0.0,2026-09-19T14:00:00Z,0,,11,0,0,0,0,5,0,0.0,0,1,2,0.0,0,,771,1211,45,True,0,0,0,0,0,5
Ewen Jaouen,GKP,Newcastle,,0,0,0,0,0.0,444,0.00,0.00,0.00,0.00,46,0,0,0.0,0.0,2026-09-19T14:00:00Z,0,,11,0,0,0,0,5,0,0.0,0,1,2,0.0,0,,453,1530,44,True,0,0,0,0,0,5
Malick Thiaw,DEF,Newcastle,,0,0,13,0,1.4,445,0.01,0.01,0.00,1.59,46,0,0,3.5,31.4,2026-09-19T14:00:00Z,90,,11,0,0,0,0,5,0,2.2,1,1,2,2.0,4,,178717,123809,50,True,0,13,13,3,0,5
Fabian Schär,DEF,Newcastle,,0,0,1,0,10.5,446,0.01,0.01,0.00,1.08,46,0,0,3.6,25.0,2026-09-19T14:00:00Z,24,,11,0,0,0,0,5,0,0.2,0,1,2,0.0,1,,7112,13905,49,True,0,7,0,0,0,5
Sven Botman,DEF,Newcastle,,0,0,12,0,0.8,447,0.00,0.05,0.05,1.59,46,0,0,5.3,35.2,2026-09-19T14:00:00Z,90,,11,0,0,0,0,5,0,0.7,1,1,2,17.0,4,,47890,28578,50,True,0,17,18,1,1,5
Dan Burn,DEF,Newcastle,,0,0,0,0,0.0,448,0.00,0.00,0.00,0.00,46,0,0,0.0,0.0,2026-09-19T14:00:00Z,0,,11,0,0,0,0,5,0,0.7,0,1,2,0.0,0,,7337,161053,48,True,0,0,0,0,0,5
Lewis Hall,DEF,Newcastle,,0,3,38,0,29.2,449,0.11,0.30,0.19,1.59,46,0,1,11.9,65.6,2026-09-19T14:00:00Z,90,,11,0,0,0,0,5,0,17.4,1,1,2,24.0,13,,1674374,350956,53,True,0,9,10,7,1,5
Tino Livramento,DEF,Newcastle,,0,0,0,0,0.0,450,0.00,0.00,0.00,0.00,46,0,0,0.0,0.0,2026-09-19T14:00:00Z,0,,11,0,0,0,0,5,0,0.1,0,1,2,0.0,0,,10253,6032,49,True,0,0,0,0,0,5
Alex Murphy,DEF,Newcastle,,0,0,0,0,0.0,451,0.00,0.00,0.00,0.00,46,0,0,0.0,0.0,2026-09-19T14:00:00Z,0,,11,0,0,0,0,5,0,0.1,0,1,2,0.0,0,,0,6964,40,True,0,0,0,0,0,5
Bruno Guimarães Rodriguez Moura,MID,Arsenal,,0,0,12,0,1.8,452,0.01,0.01,0.00,0.61,42,0,0,1.2,4.2,2026-09-19T14:00:00Z,59,,5,0,0,0,0,5,0,1.8,1,0,3,6.0,1,,31275,245199,67,False,0,2,0,4,0,5
Harvey Barnes,MID,Newcastle,,2,1,34,0,36.8,453,0.11,0.22,0.11,1.59,46,0,0,11.1,47.6,2026-09-19T14:00:00Z,90,,11,0,0,0,0,5,0,5.9,1,1,2,27.0,9,,643905,153716,61,True,0,4,0,5,0,5
Anthony Elanga,MID,Newcastle,,0,0,0,0,0.0,454,0.00,0.00,0.00,0.00,46,0,0,0.0,0.0,2026-09-19T14:00:00Z,0,,11,0,0,0,0,5,0,4.5,0,1,2,0.0,0,,1286184,1092759,61,True,0,0,0,0,0,5
Sandro Tonali,MID,Spurs,,0,0,18,0,17.6,455,0.21,0.27,0.06,1.10,48,0,0,4.4,16.8,2026-09-19T11:30:00Z,83,,2,0,0,0,0,5,0,1.8,1,3,2,10.0,2,,48060,270436,53,True,0,1,0,4,6,5
Jacob Ramsey,MID,Newcastle,,0,0,0,0,0.0,456,0.00,0.00,0.00,0.00,46,0,0,0.0,0.0,2026-09-19T14:00:00Z,0,,11,0,0,0,0,5,0,0.2,0,1,2,0.0,0,,16624,31139,49,True,0,0,0,0,0,5
Jacob Murphy,MID,Newcastle,,0,0,12,0,19.7,457,0.07,0.10,0.03,1.59,46,0,0,3.3,9.4,2026-09-19T14:00:00Z,90,,11,0,0,0,0,5,0,0.1,1,1,2,4.0,1,,6128,11025,59,True,1,3,0,3,2,5
Joelinton Cássio Apolinário de Lira,MID,Newcastle,,0,0,0,0,0.0,458,0.00,0.00,0.00,0.00,46,0,0,0.0,0.0,2026-09-19T14:00:00Z,0,,11,0,0,0,0,5,0,0.0,0,1,2,0.0,0,,232,2249,54,True,0,0,0,0,0,5
Lewis Miley,MID,Newcastle,,0,0,19,0,15.6,459,0.04,0.04,0.00,1.59,46,0,0,3.7,21.8,2026-09-19T14:00:00Z,90,,11,0,0,0,0,5,0,0.1,1,1,2,0.0,4,,6356,5575,55,True,0,7,16,5,4,5
Joe Willock,MID,Newcastle,,0,3,38,0,7.3,460,0.04,0.21,0.17,1.46,46,0,1,7.0,40.2,2026-09-19T14:00:00Z,86,,11,0,0,0,0,5,0,0.6,1,1,2,22.0,10,,65089,30995,50,True,0,1,0,4,1,5
Bazoumana Touré,MID,Newcastle,,0,0,2,0,0.0,461,0.00,0.00,0.00,0.60,46,0,0,0.1,1.0,2026-09-19T14:00:00Z,16,,11,0,0,0,0,5,0,0.1,0,1,2,0.0,1,,3731,16508,58,True,0,1,0,1,0,5
Sean Steur,MID,Newcastle,,0,0,18,1,30.3,462,0.03,0.03,0.00,0.52,46,0,0,4.6,16.0,2026-09-19T14:00:00Z,65,,11,0,0,0,0,5,0,0.1,1,1,2,0.0,3,,2435,6209,49,True,0,2,0,3,2,5
Nick Woltemade,FWD,Newcastle,,0,0,0,0,0.0,463,0.00,0.00,0.00,0.00,46,0,0,0.0,0.0,2026-09-19T14:00:00Z,0,,11,0,0,0,0,5,0,0.5,0,1,2,0.0,0,,14520,142362,59,True,0,0,0,0,0,5
Yoane Wissa,FWD,Newcastle,,0,0,0,0,5.2,464,0.01,0.85,0.84,1.59,46,0,0,3.4,8.8,2026-09-19T14:00:00Z,90,,11,0,1,0,0,5,0,18.7,1,1,2,20.0,0,,2291030,734245,62,True,0,2,0,3,0,5
William Osula,FWD,Newcastle,,0,0,0,0,0.0,465,0.00,0.00,0.00,0.00,46,0,0,0.0,0.0,2026-09-19T14:00:00Z,0,,11,0,0,0,0,5,0,0.3,0,1,2,0.0,0,,21459,86855,58,True,0,0,0,0,0,5
Sean Neave,FWD,Newcastle,,0,0,0,0,0.0,466,0.00,0.00,0.00,0.00,46,0,0,0.0,0.0,2026-09-19T14:00:00Z,0,,11,0,0,0,0,5,0,0.5,0,1,2,0.0,0,,23805,52711,45,True,0,0,0,0,0,5
Matz Sels,GKP,Nott'm Forest,,0,0,10,0,0.0,467,0.00,0.00,0.00,0.67,47,0,0,1.4,13.8,2026-09-19T16:30:00Z,90,,7,0,0,0,0,5,0,1.6,1,1,0,0.0,2,,68406,62587,50,True,0,0,0,9,0,5
John Victor Maciel Furtado,GKP,Nott'm Forest,,0,0,0,0,0.0,468,0.00,0.00,0.00,0.00,47,0,0,0.0,0.0,2026-09-19T16:30:00Z,0,,7,0,0,0,0,5,0,0.1,0,1,0,0.0,0,,873,2026,45,True,0,0,0,0,0,5
Neco Williams,DEF,Nott'm Forest,,0,0,19,0,61.8,469,0.21,0.30,0.09,0.67,47,0,0,9.8,20.6,2026-09-19T16:30:00Z,90,,7,0,0,0,0,5,0,8.7,1,1,0,16.0,2,,326358,354866,50,True,0,1,0,8,1,5
Felipe Rodrigues da Silva,DEF,Nott'm Forest,,0,0,0,0,0.0,470,0.00,0.00,0.00,0.00,47,0,0,0.0,0.0,2026-09-19T16:30:00Z,0,,7,0,0,0,0,5,0,0.0,0,1,0,0.0,0,,424,3704,50,True,0,0,0,0,0,5
Nikola Milenković,DEF,Nott'm Forest,,0,0,0,0,0.0,471,0.00,0.00,0.00,0.00,47,0,0,0.0,0.0,2026-09-19T16:30:00Z,0,,7,0,0,0,0,5,0,1.0,0,1,0,0.0,0,,18001,108027,54,True,0,0,0,0,0,5
Murillo Costa dos Santos,DEF,Nott'm Forest,,0,0,16,0,24.3,472,0.08,0.15,0.07,0.67,47,0,0,6.3,30.0,2026-09-19T16:30:00Z,90,,7,0,0,0,0,5,0,2.1,1,1,0,9.0,4,,104710,61996,55,True,0,10,11,2,1,5
Ola Aina,DEF,Nott'm Forest,,0,0,0,0,0.0,473,0.00,0.00,0.00,0.00,47,0,0,0.0,0.0,2026-09-19T16:30:00Z,0,,7,0,0,0,0,5,0,2.4,0,1,0,0.0,0,,69235,171141,44,True,0,0,0,0,0,5
Jair Paula da Cunha Filho,DEF,Nott'm Forest,,0,0,5,0,11.8,474,0.01,0.03,0.02,0.67,47,0,0,2.7,14.2,2026-09-19T16:30:00Z,90,,7,0,0,0,0,5,0,0.2,1,1,0,1.0,1,,9789,13197,45,True,1,6,0,3,2,5
Nicolò Savona,DEF,Nott'm Forest,,0,0,0,0,0.0,475,0.00,0.00,0.00,0.00,47,0,0,0.0,0.0,2026-09-19T16:30:00Z,0,,7,0,0,0,0,5,0,0.0,0,1,0,0.0,0,,241,278,45,True,0,0,0,0,0,5
Omar Richards,DEF,Nott'm Forest,,0,0,0,0,0.0,476,0.00,0.00,0.00,0.00,47,0,0,0.0,0.0,2026-09-19T16:30:00Z,0,,7,0,0,0,0,5,0,0.2,0,1,0,0.0,0,,4026,8327,40,True,0,0,0,0,0,5
Zach Abbott,DEF,Nott'm Forest,,0,0,0,0,0.0,477,0.00,0.00,0.00,0.00,47,0,0,0.0,0.0,2026-09-19T16:30:00Z,0,,7,0,0,0,0,5,0,0.1,0,1,0,0.0,0,,2459,13942,40,True,0,0,0,0,0,5
Luca Netz,DEF,Nott'm Forest,,0,0,5,0,16.6,478,0.02,0.02,0.00,0.00,47,0,0,2.3,4.0,2026-09-19T16:30:00Z,7,,7,0,0,0,0,5,0,0.0,0,1,0,2.0,1,,691,1593,44,True,0,0,0,0,0,5
Tyler Bindon,DEF,Nott'm Forest,,0,0,0,0,0.0,479,0.00,0.00,0.00,0.00,47,0,0,0.0,0.0,2026-09-19T16:30:00Z,0,,7,0,0,0,0,5,0,0.1,0,1,0,0.0,0,,799,8686,40,True,0,0,0,0,0,5
Morgan Gibbs-White,MID,Nott'm Forest,,0,0,25,0,81.4,480,0.40,0.40,0.00,0.67,47,0,0,11.0,22.4,2026-09-19T16:30:00Z,90,,7,0,0,0,0,5,0,15.7,1,1,0,6.0,2,,1215040,672085,80,True,0,0,0,2,0,5
Elliot Anderson,MID,Man City,,0,0,15,0,4.7,481,0.02,0.04,0.02,3.57,45,0,0,1.9,13.4,2026-09-20T13:00:00Z,90,,20,0,0,0,0,5,0,4.0,1,3,5,1.0,2,,105851,447156,63,True,0,4,0,3,2,5
Callum Hudson-Odoi,MID,Nott'm Forest,,0,0,0,0,0.0,482,0.00,0.00,0.00,0.00,47,0,0,0.0,0.0,2026-09-19T16:30:00Z,0,,7,0,0,0,0,5,0,0.1,0,1,0,0.0,0,,5290,17608,58,True,0,0,0,0,0,5
Dan Ndoye,MID,Nott'm Forest,,0,0,3,0,25.3,483,0.05,0.25,0.20,0.63,47,0,0,4.3,1.4,2026-09-19T16:30:00Z,58,,7,0,0,0,0,5,0,0.7,1,1,0,16.0,1,,72420,49641,55,True,0,1,0,0,0,5
Omari Hutchinson,MID,Nott'm Forest,,0,0,0,0,0.0,484,0.00,0.00,0.00,0.00,47,0,0,0.0,0.0,2026-09-19T16:30:00Z,0,,7,0,0,0,0,5,0,0.1,0,1,0,0.0,0,,427,11021,54,True,0,0,0,0,0,5
Dilane Bakwa,MID,Nott'm Forest,,0,0,0,0,0.0,485,0.00,0.00,0.00,0.00,47,0,0,0.0,0.0,2026-09-19T16:30:00Z,0,,7,0,0,0,0,5,0,0.0,0,1,0,0.0,0,,107,1179,55,True,0,0,0,0,0,5
James McAtee,MID,Nott'm Forest,,0,0,17,0,27.0,486,0.04,0.25,0.21,0.67,47,0,0,5.9,13.6,2026-09-19T16:30:00Z,82,,7,0,0,0,0,5,0,0.1,1,1,0,18.0,2,,10019,5996,55,True,0,1,0,2,1,5
Nicolás Domínguez,MID,Nott'm Forest,,0,0,0,0,0.0,487,0.00,0.00,0.00,0.00,47,0,0,0.0,0.0,2026-09-19T16:30:00Z,0,,7,0,0,0,0,5,0,0.1,0,1,0,0.0,0,,1201,4109,49,True,0,0,0,0,0,5
Ibrahim Sangaré,MID,Nott'm Forest,,0,0,3,0,0.3,488,0.00,0.00,0.00,0.00,47,0,0,0.2,1.4,2026-09-19T16:30:00Z,7,,7,0,0,0,0,5,0,0.4,0,1,0,0.0,1,,9228,68851,48,True,0,0,0,0,0,5
Ryan Yates,MID,Nott'm Forest,,0,0,0,0,0.0,489,0.00,0.00,0.00,0.00,47,0,0,0.0,0.0,2026-09-19T16:30:00Z,0,,7,0,0,0,0,5,0,1.2,0,1,0,0.0,0,,30269,94058,45,True,0,0,0,0,0,5
Chris Wood,FWD,Nott'm Forest,,0,0,4,0,2.3,490,0.00,0.00,0.00,0.04,47,0,0,0.3,1.0,2026-09-19T16:30:00Z,17,,7,0,0,0,0,5,0,0.9,0,1,0,0.0,1,,24769,116656,58,True,0,0,0,0,0,5
Igor Jesus Maciel da Cruz,FWD,Nott'm Forest,,0,0,4,0,9.2,491,0.01,0.17,0.16,0.04,47,0,0,2.7,3.4,2026-09-19T16:30:00Z,31,,7,0,0,0,0,5,0,2.6,0,1,0,14.0,1,,126987,271705,58,True,0,0,0,3,0,5
Taiwo Awoniyi,FWD,Coventry City,,0,0,0,0,0.0,492,0.00,0.00,0.00,0.00,47,0,0,0.0,0.0,2026-09-19T16:30:00Z,0,,18,0,0,0,0,5,0,0.4,0,1,0,0.0,0,,21351,65082,54,False,0,0,0,0,0,5
Arnaud Kalimuendo,FWD,Nott'm Forest,,0,0,0,0,0.0,493,0.00,0.00,0.00,0.00,47,0,0,0.0,0.0,2026-09-19T16:30:00Z,0,,7,0,0,0,0,5,0,0.1,0,1,0,0.0,0,,3054,4139,54,True,0,0,0,0,0,5
Guglielmo Vicario,GKP,Spurs,,0,0,0,0,0.0,494,0.00,0.00,0.00,0.00,48,0,0,0.0,0.0,2026-09-19T11:30:00Z,0,,2,0,0,0,0,5,0,0.1,0,3,2,0.0,0,,0,22135,45,True,0,0,0,0,0,5
Brandon Austin,GKP,Spurs,,0,0,0,0,0.0,495,0.00,0.00,0.00,0.00,48,0,0,0.0,0.0,2026-09-19T11:30:00Z,0,,2,0,0,0,0,5,0,1.0,0,3,2,0.0,0,,29710,21971,40,True,0,0,0,0,0,5
Antonín Kinský,GKP,Spurs,,0,0,5,0,0.0,496,0.00,0.00,0.00,1.16,48,3,0,2.7,27.2,2026-09-19T11:30:00Z,90,,2,0,0,0,0,5,3,17.2,1,3,2,0.0,2,,349307,799317,45,True,0,0,0,5,0,5
Martin Dubravka,GKP,Spurs,,0,0,0,0,0.0,497,0.00,0.00,0.00,0.00,48,0,0,0.0,0.0,2026-09-19T11:30:00Z,0,,2,0,0,0,0,5,0,17.1,0,3,2,0.0,0,,399394,444017,40,True,0,0,0,0,0,5
Marcos Senesi Barón,DEF,Spurs,,0,0,0,0,0.0,498,0.00,0.00,0.00,0.00,48,0,0,0.0,0.0,2026-09-19T11:30:00Z,0,,2,0,0,0,0,5,0,3.5,0,3,2,0.0,0,,29425,459044,58,True,0,0,0,0,0,5
Pedro Porro Sauceda,DEF,Spurs,,0,0,4,0,3.9,499,0.00,0.01,0.01,0.04,48,0,0,0.5,0.0,2026-09-19T11:30:00Z,18,,2,0,0,0,0,5,0,7.5,1,3,2,1.0,1,,124538,996901,54,True,0,0,0,0,1,5
Cristian Romero,DEF,Spurs,,0,0,0,0,0.0,500,0.00,0.00,0.00,0.00,48,0,0,0.0,0.0,2026-09-19T11:30:00Z,0,,2,0,0,0,0,5,0,0.1,0,3,2,0.0,0,,0,16825,50,True,0,0,0,0,0,5
Kevin Danso,DEF,Sunderland,,0,0,-8,0,11.0,501,0.01,0.08,0.07,2.82,45,5,0,4.8,17.6,2026-09-20T13:00:00Z,90,,15,0,0,0,0,5,0,0.2,1,3,5,19.0,0,,6653,9922,50,False,0,8,0,5,0,5
Andrew Robertson,DEF,Spurs,,1,0,15,0,56.1,502,0.26,0.26,0.00,1.16,48,3,0,9.2,29.8,2026-09-19T11:30:00Z,90,,2,0,0,0,0,5,0,2.5,1,3,2,6.0,4,,67826,184447,44,True,0,1,0,7,2,5
Micky van de Ven,DEF,Spurs,,0,0,7,0,2.3,503,0.01,0.03,0.02,1.16,48,3,0,3.1,24.2,2026-09-19T11:30:00Z,90,,2,0,0,0,0,5,0,3.8,1,3,2,4.0,1,,94979,268240,50,True,0,5,0,5,1,5
Luka Vušković,DEF,Brighton,,0,0,27,1,1.6,504,0.00,0.00,0.00,1.63,42,0,0,2.4,20.6,2026-09-19T14:00:00Z,90,,1,0,0,0,0,5,0,3.7,1,0,3,2.0,8,,265526,139702,50,True,0,10,12,4,2,5
Djed Spence,DEF,Spurs,,0,0,0,0,0.0,505,0.00,0.00,0.00,0.00,48,0,0,0.0,0.0,2026-09-19T11:30:00Z,0,,2,0,0,0,0,5,0,0.2,0,3,2,0.0,0,,0,69359,45,True,0,0,0,0,0,5
Destiny Udogie,DEF,Spurs,,0,0,0,0,0.0,506,0.00,0.00,0.00,0.00,48,0,0,0.0,0.0,2026-09-19T11:30:00Z,0,,2,0,0,0,0,5,0,0.3,0,3,2,0.0,0,,5598,22532,44,True,0,0,0,0,0,5
Ashley Phillips,DEF,Spurs,,0,0,0,0,0.0,507,0.00,0.00,0.00,0.00,48,0,0,0.0,0.0,2026-09-19T11:30:00Z,0,,2,0,0,0,0,5,0,0.0,0,3,2,0.0,0,,0,1270,45,True,0,0,0,0,0,5
Ben Davies,DEF,Spurs,,0,0,0,0,0.0,508,0.00,0.00,0.00,0.00,48,0,0,0.0,0.0,2026-09-19T11:30:00Z,0,,2,0,0,0,0,5,0,0.9,0,3,2,0.0,0,,19696,41640,39,True,0,0,0,0,0,5
Jun'ai Byfield,DEF,Spurs,,0,0,0,0,0.0,509,0.00,0.00,0.00,0.00,48,0,0,0.0,0.0,2026-09-19T11:30:00Z,0,,2,0,0,0,0,5,0,0.1,0,3,2,0.0,0,,2344,2599,40,True,0,0,0,0,0,5
James Rowswell,DEF,Spurs,,0,0,0,0,0.0,510,0.00,0.00,0.00,0.00,48,0,0,0.0,0.0,2026-09-19T11:30:00Z,0,,2,0,0,0,0,5,0,0.1,0,3,2,0.0,0,,2900,3485,40,True,0,0,0,0,0,5
João Victor de Souza Menezes,DEF,Spurs,,0,0,0,0,0.0,511,0.00,0.00,0.00,0.00,48,0,0,0.0,0.0,2026-09-19T11:30:00Z,0,,2,0,0,0,0,5,0,0.2,0,3,2,0.0,0,,2555,16913,40,True,0,0,0,0,0,5
Mohammed Kudus,MID,Spurs,,1,0,24,0,17.5,512,0.20,0.27,0.07,0.35,48,0,0,4.9,24.8,2026-09-19T11:30:00Z,45,,2,0,0,0,0,5,0,0.2,0,3,2,7.0,4,,13265,11196,65,True,0,0,0,5,2,5
Xavi Simons,MID,Spurs,,0,0,0,0,0.0,513,0.00,0.00,0.00,0.00,48,0,0,0.0,0.0,2026-09-19T11:30:00Z,0,,2,0,0,0,0,5,0,0.0,0,3,2,0.0,0,,349,1126,59,True,0,0,0,0,0,5
Mathys Tel,MID,Spurs,,0,0,0,0,0.0,514,0.00,0.00,0.00,0.00,48,0,0,0.0,0.0,2026-09-19T11:30:00Z,0,,2,0,0,0,0,5,0,0.2,0,3,2,0.0,0,,9144,46878,57,True,0,0,0,0,0,5
James Maddison,MID,Spurs,,0,0,9,0,2.4,515,0.02,0.08,0.06,0.15,48,0,0,2.4,10.6,2026-09-19T11:30:00Z,24,,2,0,0,0,0,5,0,0.4,0,3,2,11.0,1,,5877,96334,63,True,0,0,0,2,4,5
Rodrigo Bentancur,MID,Spurs,,0,0,15,0,6.3,516,0.04,0.04,0.00,1.10,48,0,0,2.7,19.0,2026-09-19T11:30:00Z,83,,2,0,0,0,0,5,0,0.2,1,3,2,2.0,4,,5198,8452,55,True,0,3,17,8,6,5
Wilson Odobert,MID,Spurs,,0,0,0,0,0.0,517,0.00,0.00,0.00,0.00,48,0,0,0.0,0.0,2026-09-19T11:30:00Z,0,,2,0,0,0,0,5,0,0.0,0,3,2,0.0,0,,133,110,55,True,0,0,0,0,0,5
Pape Matar Sarr,MID,Spurs,,0,0,0,0,0.0,518,0.00,0.00,0.00,0.00,48,0,0,0.0,0.0,2026-09-19T11:30:00Z,0,,2,0,0,0,0,5,0,0.1,0,3,2,0.0,0,,4138,23787,49,True,0,0,0,0,0,5
Conor Gallagher,MID,Spurs,,0,0,24,0,2.3,519,0.00,0.35,0.35,0.07,48,0,1,7.4,38.4,2026-09-19T11:30:00Z,6,,2,0,0,0,0,5,0,0.2,0,3,2,33.0,6,,4701,17085,53,True,0,0,0,1,3,5
Lucas Bergvall,MID,Spurs,,0,0,3,0,0.9,520,0.01,0.01,0.00,0.07,48,0,0,0.6,3.0,2026-09-19T11:30:00Z,6,,2,0,0,0,0,5,0,0.1,0,3,2,2.0,1,,1893,9590,53,True,0,0,0,0,1,5
Dejan Kulusevski,MID,Spurs,,0,0,0,0,0.0,521,0.00,0.00,0.00,0.00,48,0,0,0.0,0.0,2026-09-19T11:30:00Z,0,,2,0,0,0,0,5,0,0.0,0,3,2,0.0,0,,414,743,65,True,0,0,0,0,0,5
Archie Gray,MID,Spurs,,0,0,14,0,3.1,522,0.01,0.15,0.14,1.12,48,0,0,3.1,10.8,2026-09-19T11:30:00Z,71,,2,0,0,0,0,5,0,0.2,0,3,2,17.0,2,,6867,13455,49,True,0,1,0,2,2,5
Mikey Moore,MID,Spurs,,0,0,0,0,0.0,523,0.00,0.00,0.00,0.00,48,0,0,0.0,0.0,2026-09-19T11:30:00Z,0,,2,0,0,0,0,5,0,0.1,0,3,2,0.0,0,,3258,17054,50,True,0,0,0,0,0,5
Callum Olusesi,MID,Spurs,,0,0,0,0,0.0,524,0.00,0.00,0.00,0.00,48,0,0,0.0,0.0,2026-09-19T11:30:00Z,0,,2,0,0,0,0,5,0,1.0,0,3,2,0.0,0,,55810,49756,44,True,0,0,0,0,0,5
Mateus Fernandes,MID,Spurs,,0,0,2,0,5.7,525,0.02,0.09,0.07,0.82,48,0,0,1.1,0.0,2026-09-19T11:30:00Z,45,,2,0,0,0,0,5,0,0.8,1,3,2,9.0,1,,14488,125090,57,True,0,2,0,4,1,5
Dominic Solanke-Mitchell,FWD,Spurs,,0,0,9,0,12.6,526,0.00,0.12,0.12,1.01,48,0,0,3.4,5.2,2026-09-19T11:30:00Z,65,,2,0,0,0,0,5,0,0.8,1,3,2,16.0,2,,29698,95094,58,True,0,1,0,3,2,5
Richarlison de Andrade,FWD,Spurs,,0,0,0,0,0.0,527,0.00,0.00,0.00,0.00,48,0,0,0.0,0.0,2026-09-19T11:30:00Z,0,,2,0,0,0,0,5,0,0.6,0,3,2,0.0,0,,21439,268611,59,True,0,0,0,0,0,5
Dane Scarlett,FWD,Spurs,,0,0,0,0,0.0,528,0.00,0.00,0.00,0.00,48,0,0,0.0,0.0,2026-09-19T11:30:00Z,0,,2,0,0,0,0,5,0,1.1,0,3,2,0.0,0,,42525,110011,45,True,0,0,0,0,0,5
Robin Roefs,GKP,Sunderland,,0,0,-8,0,0.0,529,0.01,0.01,0.00,2.82,45,5,0,1.4,14.4,2026-09-20T13:00:00Z,90,,15,0,0,0,0,5,0,2.4,1,3,5,0.0,0,,22019,178511,49,False,0,2,0,4,0,5
Anthony Patterson,GKP,Sunderland,,0,0,0,0,0.0,530,0.00,0.00,0.00,0.00,45,0,0,0.0,0.0,2026-09-20T13:00:00Z,0,,15,0,0,0,0,5,0,0.1,0,3,5,0.0,0,,0,6030,40,False,0,0,0,0,0,5
Melker Ellborg,GKP,Sunderland,,0,0,0,0,0.0,531,0.00,0.00,0.00,0.00,45,0,0,0.0,0.0,2026-09-20T13:00:00Z,0,,15,0,0,0,0,5,0,0.1,0,3,5,0.0,0,,1186,3347,44,False,0,0,0,0,0,5
Daniel Ballard,DEF,Sunderland,,0,0,-12,0,0.3,532,0.00,0.14,0.14,2.82,45,5,0,4.0,28.4,2026-09-20T13:00:00Z,90,,15,0,0,0,0,5,0,2.5,1,3,5,11.0,2,,45545,319514,49,False,0,10,14,3,4,5
Nordi Mukiele,DEF,Sunderland,,0,0,5,0,30.5,533,0.23,0.28,0.05,2.82,45,5,0,7.2,30.2,2026-09-20T13:00:00Z,90,,15,0,0,0,0,5,0,1.9,1,3,5,11.0,0,,44780,130441,54,False,0,5,0,3,4,5
Trai Hume,DEF,Sunderland,,0,0,-2,0,0.4,534,0.01,0.11,0.10,1.48,45,0,0,0.9,0.4,2026-09-20T13:00:00Z,11,,15,0,0,0,0,5,0,2.8,0,3,5,8.0,1,,37913,398963,43,False,0,0,0,0,1,5
Omar Alderete,DEF,Sunderland,,0,0,0,0,0.0,535,0.00,0.00,0.00,0.00,45,0,0,0.0,0.0,2026-09-20T13:00:00Z,0,,15,0,0,0,0,5,0,0.2,0,3,5,0.0,0,,4988,27406,48,False,0,0,0,0,0,5
Reinildo Mandava,DEF,Sunderland,,0,0,0,0,0.0,536,0.00,0.00,0.00,0.00,45,0,0,0.0,0.0,2026-09-20T13:00:00Z,0,,15,0,0,0,0,5,0,0.3,0,3,5,0.0,0,,4091,24421,44,False,0,0,0,0,0,5
Jenson Seelt,DEF,Sunderland,,0,0,0,0,0.0,537,0.00,0.00,0.00,0.00,45,0,0,0.0,0.0,2026-09-20T13:00:00Z,0,,15,0,0,0,0,5,0,0.0,0,3,5,0.0,0,,61,665,45,False,0,0,0,0,0,5
Leo Fuhr Hjelde,DEF,Sunderland,,0,0,0,0,0.0,538,0.00,0.00,0.00,0.00,45,0,0,0.0,0.0,2026-09-20T13:00:00Z,0,,15,0,0,0,0,5,0,0.0,0,3,5,0.0,0,,0,2537,40,False,0,0,0,0,0,5
Luke O'Nien,DEF,Sunderland,,0,0,0,0,0.0,539,0.00,0.00,0.00,0.00,45,0,0,0.0,0.0,2026-09-20T13:00:00Z,0,,15,0,0,0,0,5,0,2.5,0,3,5,0.0,0,,33468,122347,39,False,0,0,0,0,0,5
Arthur Masuaku,DEF,Sunderland,,0,0,0,0,0.0,540,0.00,0.00,0.00,0.00,45,0,0,0.0,0.0,2026-09-20T13:00:00Z,0,,15,0,0,0,0,5,0,0.1,0,3,5,0.0,0,,0,11595,40,False,0,0,0,0,0,5
Thomas Meunier,DEF,Sunderland,,1,0,5,0,12.8,541,0.45,0.45,0.00,1.34,45,4,0,3.8,22.8,2026-09-20T13:00:00Z,78,,15,0,0,0,0,5,0,0.3,1,3,5,2.0,3,,7167,9719,45,False,0,2,0,3,2,5
Enzo Le Fée,MID,Sunderland,,1,0,33,0,72.8,542,0.52,0.52,0.00,2.82,45,0,0,10.9,33.8,2026-09-20T13:00:00Z,90,,15,0,0,0,0,5,0,3.4,1,3,5,2.0,5,,45827,652184,57,False,0,2,0,0,1,5
Habib Diarra,MID,Sunderland,,0,0,0,0,0.0,543,0.00,0.00,0.00,0.00,45,0,0,0.0,0.0,2026-09-20T13:00:00Z,0,,15,0,0,0,0,5,0,0.0,0,3,5,0.0,0,,558,5933,53,False,0,0,0,0,0,5
Granit Xhaka,MID,Sunderland,,0,0,25,0,37.3,544,0.38,0.38,0.00,2.82,45,0,0,6.2,24.6,2026-09-20T13:00:00Z,90,,15,0,0,0,0,5,0,3.6,1,3,5,0.0,2,,131183,209563,55,False,0,3,0,2,3,5
Noah Sadiki,MID,Sunderland,,0,0,9,0,3.3,545,0.01,0.05,0.04,1.02,45,0,0,0.3,0.0,2026-09-20T13:00:00Z,67,,15,0,0,0,0,5,0,0.2,1,3,5,1.0,2,,5739,18454,49,False,0,1,0,2,0,5
Simon Adingra,MID,Sunderland,,0,0,0,0,0.0,546,0.00,0.00,0.00,0.00,45,0,0,0.0,0.0,2026-09-20T13:00:00Z,0,,15,0,0,0,0,5,0,0.0,0,3,5,0.0,0,,240,7424,49,False,0,0,0,0,0,5
Romaine Mundle,MID,Sunderland,,0,0,0,0,0.0,547,0.00,0.00,0.00,0.00,45,0,0,0.0,0.0,2026-09-20T13:00:00Z,0,,15,0,0,0,0,5,0,0.0,0,3,5,0.0,0,,202,674,49,False,0,0,0,0,0,5
Chris Rigg,MID,Sunderland,,0,0,0,0,0.0,548,0.00,0.00,0.00,0.00,45,0,0,0.0,0.0,2026-09-20T13:00:00Z,0,,15,0,0,0,0,5,0,0.0,0,3,5,0.0,0,,471,2863,49,False,0,0,0,0,0,5
Chemsdine Talbi,MID,Sunderland,,0,0,0,0,0.0,549,0.00,0.00,0.00,0.00,45,0,0,0.0,0.0,2026-09-20T13:00:00Z,0,,15,0,0,0,0,5,0,0.1,0,3,5,0.0,0,,1349,11816,53,False,0,0,0,0,0,5
Djiamgone Jocelin Ta Bi,MID,Sunderland,,0,0,0,0,0.0,550,0.00,0.00,0.00,0.00,45,0,0,0.0,0.0,2026-09-20T13:00:00Z,0,,15,0,0,0,0,5,0,0.0,0,3,5,0.0,0,,316,426,50,False,0,0,0,0,0,5
Nilson Angulo,MID,Sunderland,,1,0,13,0,11.7,551,0.01,0.46,0.45,0.75,45,0,0,4.6,21.4,2026-09-20T13:00:00Z,59,,15,0,0,0,0,5,0,0.1,1,3,5,13.0,4,,12821,10606,50,False,0,3,0,1,0,5
Brian Brobbey,FWD,Sunderland,,0,3,92,0,16.1,552,0.04,2.39,2.35,2.82,45,0,3,20.4,104.0,2026-09-20T13:00:00Z,90,,15,0,0,0,0,5,0,6.9,1,3,5,84.0,17,,288908,937964,57,False,0,0,0,0,0,5
Wilson Isidor,FWD,Sunderland,,0,0,3,0,0.3,553,0.00,0.00,0.00,1.79,45,0,0,0.1,0.2,2026-09-20T13:00:00Z,22,,15,0,0,0,0,5,0,1.3,0,3,5,0.0,1,,95995,87251,55,False,0,0,0,1,1,5
Kayne van Oevelen,GKP,Ipswich Town,,0,0,0,0,0.0,554,0.00,0.00,0.00,0.00,43,0,0,0.0,0.0,2026-09-19T14:00:00Z,0,,9,0,0,0,0,5,0,0.0,0,0,1,0.0,0,,54,1961,45,False,0,0,0,0,0,5
Remi Matthews,GKP,Crystal Palace,,0,0,0,0,0.0,555,0.00,0.00,0.00,0.00,44,0,0,0.0,0.0,2026-09-20T13:00:00Z,0,,13,0,0,0,0,5,0,1.7,0,0,0,0.0,0,,23358,31615,40,False,0,0,0,0,0,5
Matt Targett,DEF,Hull City,,0,0,0,0,0.0,556,0.00,0.00,0.00,0.00,46,0,0,0.0,0.0,2026-09-19T14:00:00Z,0,,17,0,0,0,0,5,0,1.6,0,1,2,0.0,0,,24842,87747,40,False,0,0,0,0,0,5
Christos Tzolis,MID,Arsenal,,0,0,9,0,6.2,557,0.07,0.07,0.00,0.77,42,0,0,1.7,5.0,2026-09-19T14:00:00Z,72,,5,0,0,0,0,5,0,12.0,1,0,3,6.0,2,,462835,1620412,63,False,0,1,0,1,1,5
Xaver Schlager,MID,Nott'm Forest,,0,0,16,0,5.8,558,0.10,0.15,0.05,0.67,47,0,0,2.3,13.6,2026-09-19T16:30:00Z,90,,7,0,0,0,0,5,0,0.1,1,1,0,4.0,2,,5914,5844,50,True,0,2,0,3,2,5
Aladji Bamba,MID,Newcastle,,0,0,3,0,0.1,559,0.00,0.00,0.00,0.14,46,0,0,0.6,6.2,2026-09-19T14:00:00Z,3,,11,0,0,0,0,5,0,0.1,0,1,2,0.0,1,,2571,7599,49,True,0,2,0,1,1,5
Mike Penders,GKP,Chelsea,,0,0,0,0,0.0,560,0.00,0.00,0.00,0.00,41,0,0,0.0,0.0,2026-09-18T19:00:00Z,0,,4,0,0,0,0,5,0,0.1,0,0,3,0.0,0,,2028,3634,44,False,0,0,0,0,0,5
Aaron Anselmino,DEF,Chelsea,,0,0,0,0,0.0,561,0.00,0.00,0.00,0.00,41,0,0,0.0,0.0,2026-09-18T19:00:00Z,0,,4,0,0,0,0,5,0,0.0,0,0,3,0.0,0,,826,1259,45,False,0,0,0,0,0,5
Daizen Maeda,MID,Ipswich Town,,0,0,5,0,0.3,562,0.01,0.01,0.00,0.48,43,0,0,0.7,2.2,2026-09-19T14:00:00Z,16,,9,0,0,0,0,5,0,0.2,0,0,1,4.0,1,,2874,20313,53,False,0,0,0,0,1,5
Hidemasa Morita,MID,Hull City,,0,0,0,0,0.0,563,0.00,0.00,0.00,0.00,46,0,0,0.0,0.0,2026-09-19T14:00:00Z,0,,17,0,0,0,0,5,0,0.0,0,1,2,0.0,0,,727,1785,49,False,0,0,0,0,0,5
Kjell Scherpen,GKP,Ipswich Town,,0,0,0,0,0.0,564,0.00,0.00,0.00,0.00,43,0,0,0.0,0.0,2026-09-19T14:00:00Z,0,,9,0,0,0,0,5,0,0.6,0,0,1,0.0,0,,15298,23535,45,False,0,0,0,0,0,5
Mamadou Sangaré,MID,Brentford,,0,0,0,0,0.0,565,0.00,0.00,0.00,0.28,41,0,0,0.2,2.2,2026-09-18T19:00:00Z,21,,6,0,0,0,0,5,0,9.8,0,0,3,0.0,0,,1228194,826542,56,True,1,1,0,1,1,5
António João Pereira de Albuquerque Tavares da Silva,DEF,Bournemouth,,0,0,8,0,1.5,566,0.02,0.02,0.00,1.65,49,0,0,3.6,32.8,2026-09-20T13:00:00Z,90,,14,0,0,0,0,5,0,0.4,1,1,0,2.0,3,,33248,25708,50,True,1,13,15,2,2,5
Lukás Hornícek,GKP,Newcastle,,0,0,14,0,0.0,567,0.00,0.00,0.00,1.59,46,0,0,1.7,17.0,2026-09-19T14:00:00Z,90,,11,0,0,0,0,5,3,1.5,1,1,2,0.0,3,,152282,71998,50,True,0,3,0,12,0,5
Valentín Barco,MID,Chelsea,,0,0,21,0,4.3,568,0.02,0.05,0.03,2.22,41,0,0,2.1,11.2,2026-09-18T19:00:00Z,86,,4,0,0,0,0,5,0,0.1,1,0,3,5.0,2,,3174,7043,54,False,0,2,0,4,3,5
Gonzalo García,FWD,Fulham,,0,0,3,0,14.8,569,0.33,1.02,0.69,1.25,50,0,0,2.3,0.0,2026-09-20T15:30:00Z,79,,16,0,0,0,0,5,0,4.1,1,1,1,12.0,2,,440616,314279,60,True,0,1,0,1,0,5
César Palacios,MID,Fulham,,0,0,5,0,10.3,570,0.00,0.00,0.00,0.49,50,0,0,1.6,5.8,2026-09-20T15:30:00Z,19,,16,0,0,0,0,5,0,0.2,0,1,1,0.0,1,,6033,10643,54,True,0,1,0,2,1,5
Florentino Ibrain Morris Luís,MID,Ipswich Town,,0,0,1,0,1.0,571,0.00,0.00,0.00,0.48,43,0,0,0.0,0.0,2026-09-19T14:00:00Z,17,,9,0,0,0,0,5,0,0.1,0,0,1,0.0,1,,1064,7088,48,False,0,0,0,0,0,5
Konstantinos Tzolakis,GKP,Hull City,,0,0,16,0,0.0,572,0.00,0.00,0.00,1.44,46,2,0,4.8,48.2,2026-09-19T14:00:00Z,90,,17,0,0,1,0,5,3,12.8,1,1,2,0.0,6,,1002866,220020,47,False,1,0,0,11,1,5
Juanlu Sánchez,DEF,Bournemouth,,0,0,0,0,0.0,573,0.00,0.00,0.00,0.00,49,0,0,0.0,0.0,2026-09-20T13:00:00Z,0,,14,0,0,0,0,5,0,0.2,0,1,0,0.0,0,,1579,7123,44,True,0,0,0,0,0,5
Jens Hjertø-Dahl,MID,Hull City,,0,0,0,0,0.0,574,0.00,0.00,0.00,0.00,46,0,0,0.0,0.0,2026-09-19T14:00:00Z,0,,17,0,0,0,0,5,0,0.1,0,1,2,0.0,0,,1442,4459,49,False,0,0,0,0,0,5
Caleb Yirenkyi,MID,Coventry City,,0,0,10,1,11.7,575,0.01,0.01,0.00,1.08,47,0,0,1.7,5.0,2026-09-19T16:30:00Z,90,,18,0,0,0,0,5,0,0.1,1,1,0,0.0,3,,2967,13722,48,False,0,2,0,2,1,5
Elliot Stroud,MID,Hull City,,0,0,0,0,0.0,576,0.00,0.00,0.00,0.00,46,0,0,0.0,0.0,2026-09-19T14:00:00Z,0,,17,0,0,0,0,5,0,0.1,0,1,2,0.0,0,,3670,4717,50,False,0,0,0,0,0,5
Takehiro Tomiyasu,DEF,Crystal Palace,,0,0,4,0,10.6,577,0.01,0.01,0.00,0.54,44,0,0,2.3,10.6,2026-09-20T13:00:00Z,45,,13,0,0,0,0,5,0,0.3,1,0,0,2.0,1,,3478,13407,44,False,0,3,0,0,0,5
Mykhailo Mudryk,MID,Spurs,,0,0,0,0,0.0,578,0.00,0.00,0.00,0.00,48,0,0,0.0,0.0,2026-09-19T11:30:00Z,0,,2,0,0,0,0,5,0,0.0,0,3,2,0.0,0,,5443,7632,53,True,0,0,0,0,0,5
Ronald Araujo,DEF,Liverpool,,0,1,28,1,2.8,579,0.01,0.01,0.00,0.79,49,0,0,1.7,12.0,2026-09-20T13:00:00Z,90,,3,0,0,0,0,5,0,3.1,1,1,0,2.0,7,,150200,160775,54,False,0,3,0,6,2,5
Shea Charles,MID,Fulham,,0,0,16,0,3.4,580,0.02,0.02,0.00,1.60,50,0,0,4.3,40.0,2026-09-20T15:30:00Z,90,,16,0,0,0,0,5,0,0.1,1,1,1,0.0,4,,2437,4143,50,True,0,11,13,0,2,5
Ousmane Diomande,DEF,Nott'm Forest,,0,0,4,0,0.6,581,0.01,0.06,0.05,0.63,47,0,0,1.6,7.8,2026-09-19T16:30:00Z,72,,7,0,0,0,0,5,0,0.5,1,1,0,8.0,2,,13743,41849,54,True,0,5,0,7,0,5
Brian Madjo,FWD,Aston Villa,,0,0,0,0,0.0,582,0.00,0.00,0.00,0.00,48,0,0,0.0,0.0,2026-09-19T11:30:00Z,0,,19,0,0,0,0,5,0,0.2,0,3,2,0.0,0,,2963,30660,54,False,0,0,0,0,0,5
Pep Chavarría,DEF,Chelsea,,0,0,7,0,27.2,583,0.04,0.08,0.04,2.65,41,3,0,4.9,17.6,2026-09-18T19:00:00Z,90,,4,0,0,0,0,5,0,0.1,1,0,3,4.0,1,,3421,11188,49,False,0,6,0,3,3,5
Gustavo Hamer,MID,Coventry City,,0,0,0,0,0.0,584,0.00,0.00,0.00,0.00,47,0,0,0.0,0.0,2026-09-19T16:30:00Z,0,,18,0,0,0,0,5,0,0.1,0,1,0,0.0,0,,793,6423,54,False,0,0,0,0,0,5
Lucas Herrington,DEF,Hull City,,0,0,11,0,22.4,585,0.03,0.05,0.02,1.44,46,2,0,5.7,23.6,2026-09-19T14:00:00Z,90,,17,0,0,0,0,5,0,0.6,1,1,2,11.0,1,,12886,18672,40,False,0,7,0,5,1,5
Nobel Mendy,DEF,Hull City,,0,0,0,0,0.0,586,0.00,0.00,0.00,0.00,46,0,0,0.0,0.0,2026-09-19T14:00:00Z,0,,17,0,0,0,0,5,0,6.3,0,1,2,0.0,0,,683967,359524,41,False,0,0,0,0,0,5
Gerónimo Rulli,GKP,Man City,,0,0,0,0,0.0,587,0.00,0.00,0.00,0.00,45,0,0,0.0,0.0,2026-09-20T13:00:00Z,0,,20,0,0,0,0,5,0,0.0,0,3,5,0.0,0,,614,1117,50,True,0,0,0,0,0,5
Anan Khalaili,DEF,Crystal Palace,,0,0,23,1,2.5,588,0.02,0.02,0.00,1.31,44,0,0,2.0,15.8,2026-09-20T13:00:00Z,90,,13,0,0,0,0,5,0,0.3,1,0,0,2.0,6,,34904,15559,50,False,0,4,0,11,2,5
Lucas Gourna-Douath,MID,Hull City,,0,0,5,0,11.0,589,0.01,0.04,0.03,0.13,46,0,0,1.6,3.2,2026-09-19T14:00:00Z,12,,17,0,0,0,0,5,0,0.0,0,1,2,2.0,1,,702,1346,50,False,0,0,0,0,1,5
Steven Benda,GKP,Nott'm Forest,,0,0,0,0,0.0,590,0.00,0.00,0.00,0.00,47,0,0,0.0,0.0,2026-09-19T16:30:00Z,0,,7,0,0,0,0,5,0,0.1,0,1,0,0.0,0,,2674,2847,45,True,0,0,0,0,0,5
Julio Enciso,MID,Ipswich Town,,0,0,11,0,12.9,591,0.05,0.39,0.34,1.76,43,0,0,4.2,4.4,2026-09-19T14:00:00Z,73,,9,0,0,0,0,5,0,0.8,1,0,1,25.0,2,,94141,52719,55,False,0,0,0,5,0,5
Abdoul Ouattara,DEF,Ipswich Town,,0,0,17,0,11.4,592,0.01,0.03,0.02,2.24,43,0,0,4.0,20.0,2026-09-19T14:00:00Z,90,,9,0,0,0,0,5,0,0.9,1,0,1,9.0,2,,13532,26318,40,False,0,5,0,10,3,5
Amar Dedic,DEF,Newcastle,,0,0,0,0,0.0,593,0.00,0.00,0.00,0.00,46,0,0,0.0,0.0,2026-09-19T14:00:00Z,0,,11,0,0,0,0,5,0,1.8,0,1,2,0.0,0,,447901,309450,45,True,0,0,0,0,0,5
Promise David,FWD,Brighton,,0,0,0,0,0.0,594,0.00,0.00,0.00,0.00,42,0,0,0.0,0.0,2026-09-19T14:00:00Z,0,,1,0,0,0,0,5,0,0.2,0,0,3,0.0,0,,15214,22587,59,True,0,0,0,0,0,5
Zavier Gozo,MID,Crystal Palace,,0,0,0,0,0.0,595,0.00,0.00,0.00,0.00,44,0,0,0.0,0.0,2026-09-20T13:00:00Z,0,,13,0,0,0,0,5,0,0.0,0,0,0,0.0,0,,491,886,49,False,0,0,0,0,0,5
Matteo Ruggeri,DEF,Aston Villa,,0,0,11,0,11.5,596,0.01,0.04,0.03,1.56,48,2,0,3.2,19.4,2026-09-19T11:30:00Z,90,,19,0,0,0,0,5,0,0.1,1,3,2,1.0,3,,3254,5624,45,False,0,13,13,9,0,5
Zion Suzuki,GKP,Aston Villa,,0,0,17,0,0.0,597,0.00,0.00,0.00,1.56,48,2,0,3.6,36.2,2026-09-19T11:30:00Z,90,,19,0,0,0,0,5,5,1.9,1,3,2,0.0,2,,152070,62950,50,False,0,3,0,12,0,5
Nico Elvedi,DEF,Leeds,,0,0,27,1,2.3,598,0.01,0.08,0.07,1.06,44,0,0,4.0,20.8,2026-09-20T13:00:00Z,90,,8,0,0,0,0,5,0,0.1,1,0,0,17.0,6,,5381,2815,45,True,0,4,0,1,0,5
Sidiki Cherif,FWD,Coventry City,,0,0,0,0,0.0,599,0.00,0.00,0.00,0.00,47,0,0,0.0,0.0,2026-09-19T16:30:00Z,0,,18,0,0,0,0,5,0,0.1,0,1,0,0.0,0,,7497,7626,50,False,0,0,0,0,0,5
Ibrahim Osman,MID,Brighton,,0,0,0,0,0.0,600,0.00,0.00,0.00,0.00,42,0,0,0.0,0.0,2026-09-19T14:00:00Z,0,,1,0,0,0,0,5,0,0.0,0,0,3,0.0,0,,949,1099,50,True,0,0,0,0,0,5
Luca Williams-Barnett,MID,Spurs,,0,0,0,0,0.0,601,0.00,0.00,0.00,0.00,48,0,0,0.0,0.0,2026-09-19T11:30:00Z,0,,2,0,0,0,0,5,0,0.1,0,3,2,0.0,0,,10258,7070,45,True,0,0,0,0,0,5
Cameron Humphreys,MID,Ipswich Town,,0,0,0,0,0.0,602,0.00,0.00,0.00,0.00,43,0,0,0.0,0.0,2026-09-19T14:00:00Z,0,,9,0,0,0,0,5,0,0.0,0,0,1,0.0,0,,2861,3246,45,False,0,0,0,0,0,5
Jayden Lienou,DEF,Leeds,,0,0,0,0,0.0,603,0.00,0.00,0.00,0.00,44,0,0,0.0,0.0,2026-09-20T13:00:00Z,0,,8,0,0,0,0,5,0,0.1,0,0,0,0.0,0,,6922,4001,40,True,0,0,0,0,0,5
Alfie Cresswell,MID,Leeds,,0,0,0,0,0.0,604,0.00,0.00,0.00,0.00,44,0,0,0.0,0.0,2026-09-20T13:00:00Z,0,,8,0,0,0,0,5,0,0.1,0,0,0,0.0,0,,14077,7961,45,True,0,0,0,0,0,5
Malick Yalcouyé,MID,Brighton,,0,0,9,0,10.3,605,0.18,0.22,0.04,0.14,42,0,0,1.9,2.2,2026-09-19T14:00:00Z,5,,1,0,0,0,0,5,0,4.0,0,0,3,6.0,1,,556325,172782,45,True,0,0,0,0,1,5
Triston Rowe,DEF,Aston Villa,,0,0,0,0,0.0,606,0.00,0.00,0.00,0.00,48,0,0,0.0,0.0,2026-09-19T11:30:00Z,0,,19,0,0,0,0,5,0,0.2,0,3,2,0.0,0,,13029,6190,40,False,0,0,0,0,0,5
Luka Lynch,MID,Aston Villa,,0,0,0,0,0.0,607,0.00,0.00,0.00,0.00,48,0,0,0.0,0.0,2026-09-19T11:30:00Z,0,,19,0,0,0,0,5,0,0.1,0,3,2,0.0,0,,7103,8180,45,False,0,0,0,0,0,5
Daniel Jebbison,FWD,Bournemouth,,0,0,3,0,0.8,608,0.00,0.00,0.00,0.25,49,0,0,0.5,0.2,2026-09-20T13:00:00Z,15,,14,0,0,0,0,5,0,0.1,0,1,0,4.0,1,,13328,7299,50,True,0,0,0,0,0,5
Leo Shahar,DEF,Newcastle,,0,0,0,0,0.0,609,0.00,0.00,0.00,0.00,46,0,0,0.0,0.0,2026-09-19T14:00:00Z,0,,11,0,0,0,0,5,0,0.2,0,1,2,0.0,0,,18236,15829,40,True,0,0,0,0,0,5
Luc De Fougerolles,DEF,Fulham,,0,0,0,0,0.0,610,0.00,0.00,0.00,0.00,50,0,0,0.0,0.0,2026-09-20T15:30:00Z,0,,16,0,0,0,0,5,0,0.1,0,1,1,0.0,0,,5787,5266,40,True,0,0,0,0,0,5
Aaron Wan-Bissaka,DEF,Aston Villa,,0,0,6,0,1.4,611,0.01,0.01,0.00,0.64,48,0,0,1.2,10.4,2026-09-19T11:30:00Z,45,,19,0,0,0,0,5,0,0.2,1,3,2,0.0,1,,18382,7846,45,False,0,4,0,0,2,5
Dayann Méthalie,DEF,Sunderland,,0,0,-8,0,2.0,612,0.01,0.04,0.03,2.82,45,5,0,1.2,8.0,2026-09-20T13:00:00Z,90,,15,0,0,0,0,5,0,0.0,1,3,5,2.0,-1,,915,501,45,False,1,2,0,4,1,5
Jules Ahoka,MID,Sunderland,,0,0,0,0,0.0,613,0.00,0.00,0.00,0.00,45,0,0,0.0,0.0,2026-09-20T13:00:00Z,0,,15,0,0,0,0,5,0,0.2,0,3,5,0.0,0,,25419,14374,45,False,0,0,0,0,0,5
Jaouen Hadjam,DEF,Brighton,,0,0,0,0,0.0,614,0.00,0.00,0.00,0.00,42,0,0,0.0,0.0,2026-09-19T14:00:00Z,0,,1,0,0,0,0,5,0,0.0,0,0,3,0.0,0,,3996,1967,45,True,0,0,0,0,0,5
Michele Di Gregorio,GKP,Bournemouth,,0,0,0,0,0.0,615,0.00,0.00,0.00,0.00,49,0,0,0.0,0.0,2026-09-20T13:00:00Z,0,,14,0,0,0,0,5,0,0.0,0,1,0,0.0,0,,2937,1749,45,True,0,0,0,0,0,5
Ayyoub Bouaddi,MID,Man City,,0,0,0,0,0.0,616,0.00,0.00,0.00,0.00,45,0,0,0.0,0.0,2026-09-20T13:00:00Z,0,,20,0,0,0,0,5,0,0.2,0,3,5,0.0,0,,21076,13618,55,True,0,0,0,0,0,5
Mohamed-Ali Cho,MID,Hull City,,0,0,25,0,25.1,617,0.20,0.47,0.27,0.16,46,0,1,8.1,39.2,2026-09-19T14:00:00Z,27,,17,0,0,0,0,5,0,0.0,0,1,2,17.0,6,,1807,772,50,False,0,0,0,0,0,5
Leon Goretzka,MID,Aston Villa,,0,0,0,0,0.0,618,0.00,0.00,0.00,0.00,48,0,0,0.0,0.0,2026-09-19T11:30:00Z,0,,19,0,0,0,0,5,0,0.0,0,3,2,0.0,0,,4636,4745,59,False,0,0,0,0,0,5
Exequiel Palacios,MID,Ipswich Town,,0,0,15,0,6.2,619,0.02,0.02,0.00,2.07,43,0,0,1.6,10.0,2026-09-19T14:00:00Z,80,,9,0,0,0,0,5,0,0.1,1,0,1,0.0,2,,9043,3490,50,False,0,2,0,3,1,5
El Hadji Malick Diouf,DEF,Brentford,,0,0,3,0,0.3,620,0.00,0.00,0.00,0.13,41,0,0,0.3,2.2,2026-09-18T19:00:00Z,9,,6,0,0,0,0,5,0,0.1,0,0,3,0.0,1,,13665,7377,45,True,0,1,0,0,0,5
Ryan McAidoo,MID,Man City,,0,0,0,0,0.0,621,0.00,0.00,0.00,0.00,45,0,0,0.0,0.0,2026-09-20T13:00:00Z,0,,20,0,0,0,0,5,0,0.1,0,3,5,0.0,0,,11377,7157,45,True,0,0,0,0,0,5
Kaden Braithwaite,DEF,Man City,,0,0,0,0,0.0,622,0.00,0.00,0.00,0.00,45,0,0,0.0,0.0,2026-09-20T13:00:00Z,0,,20,0,0,0,0,5,0,0.2,0,3,5,0.0,0,,16811,9257,40,True,0,0,0,0,0,5
Dan Bentley,GKP,Coventry City,,0,0,0,0,0.0,623,0.00,0.00,0.00,0.00,47,0,0,0.0,0.0,2026-09-19T16:30:00Z,0,,18,0,0,0,0,5,0,0.6,0,1,0,0.0,0,,78806,19372,40,False,0,0,0,0,0,5
Amario Cozier-Duberry,MID,Brighton,,0,0,0,0,0.0,624,0.00,0.00,0.00,0.00,42,0,0,0.0,0.0,2026-09-19T14:00:00Z,0,,1,0,0,0,0,5,0,0.0,0,0,3,0.0,0,,117,114,50,True,0,0,0,0,0,5
Alex Cairns,GKP,Leeds,,0,0,0,0,0.0,625,0.00,0.00,0.00,0.00,44,0,0,0.0,0.0,2026-09-20T13:00:00Z,0,,8,0,0,0,0,5,0,0.2,0,0,0,0.0,0,,19840,5974,40,True,0,0,0,0,0,5
Macaulay Zepa,MID,Fulham,,0,0,0,0,0.0,626,0.00,0.00,0.00,0.00,50,0,0,0.0,0.0,2026-09-20T15:30:00Z,0,,16,0,0,0,0,5,0,0.3,0,1,1,0.0,0,,35223,18604,44,True,0,0,0,0,0,5
Bradley Barcola,MID,Liverpool,,0,0,8,1,3.3,627,0.03,0.08,0.05,0.66,49,0,0,2.7,2.2,2026-09-20T13:00:00Z,71,,3,0,0,0,0,5,0,1.9,1,1,0,21.0,3,,290138,131193,80,False,0,0,0,3,0,5
Allan Andrade Elias,MID,Man City,,0,0,0,0,0.0,628,0.00,0.00,0.00,0.00,45,0,0,0.0,0.0,2026-09-20T13:00:00Z,0,,20,0,0,0,0,5,0,0.0,0,3,5,0.0,0,,1200,693,60,True,0,0,0,0,0,5
Michael Zetterer,GKP,Leeds,,0,0,0,0,0.0,629,0.00,0.00,0.00,0.00,44,0,0,0.0,0.0,2026-09-20T13:00:00Z,0,,8,0,0,0,0,5,0,0.7,0,0,0,0.0,0,,58659,14279,40,True,0,0,0,0,0,5
Taylor Harwood-Bellis,DEF,Aston Villa,,0,0,0,0,0.0,630,0.00,0.00,0.00,0.00,48,0,0,0.0,0.0,2026-09-19T11:30:00Z,0,,19,0,0,0,0,5,0,0.0,0,3,2,0.0,0,,2186,1007,45,False,0,0,0,0,0,5
Ibrahim Mbaye,MID,Aston Villa,,0,0,2,0,0.0,631,0.00,0.00,0.00,0.78,48,0,0,0.0,0.0,2026-09-19T11:30:00Z,6,,19,0,0,0,0,5,0,0.1,0,3,2,0.0,1,,10477,4855,60,False,0,0,0,0,0,5
Ilyas Ansah,FWD,Hull City,,0,0,0,0,0.0,632,0.00,0.00,0.00,0.00,46,0,0,0.0,0.0,2026-09-19T14:00:00Z,0,,17,0,0,0,0,5,0,0.0,0,1,2,0.0,0,,5125,3524,50,False,0,0,0,0,0,5
Honest Ahanor,DEF,Crystal Palace,,0,0,0,0,0.0,633,0.00,0.00,0.00,0.00,44,0,0,0.0,0.0,2026-09-20T13:00:00Z,0,,13,0,0,0,0,5,0,0.0,0,0,0,0.0,0,,1919,565,45,False,0,0,0,0,0,5
Matias Fernandez-Pardo,FWD,Newcastle,,0,0,7,0,0.8,634,0.00,0.05,0.05,0.99,46,0,0,0.7,1.2,2026-09-19T14:00:00Z,73,,11,0,0,0,0,5,0,0.1,1,1,2,5.0,2,,17294,6401,60,True,0,0,0,1,1,5
Hugo Larsson,MID,Fulham,,0,0,3,0,0.1,635,0.00,0.00,0.00,0.42,50,0,0,0.3,3.2,2026-09-20T15:30:00Z,13,,16,0,0,0,0,5,0,0.0,0,1,1,0.0,1,,843,306,50,True,0,2,0,2,0,5
Manuel Ángel Morán Ibáñez,MID,Fulham,,0,0,0,0,0.0,636,0.00,0.00,0.00,0.00,50,0,0,0.0,0.0,2026-09-20T15:30:00Z,0,,16,0,0,0,0,5,0,0.0,0,1,1,0.0,0,,371,170,50,True,0,0,0,0,0,5
Robinio Vaz,FWD,Hull City,,0,0,5,0,11.2,637,0.01,0.01,0.00,0.13,46,0,0,1.6,2.4,2026-09-19T14:00:00Z,12,,17,0,0,0,0,5,0,0.1,0,1,2,2.0,1,,12447,4051,50,False,0,0,0,1,0,5
Brooke Norton-Cuffy,DEF,Hull City,,0,0,0,0,0.0,638,0.00,0.00,0.00,0.00,46,0,0,0.0,0.0,2026-09-19T14:00:00Z,0,,17,0,0,0,0,5,0,0.2,0,1,2,0.0,0,,26078,10528,40,False,0,0,0,0,0,5
José María Andrés Baixauli,MID,Brighton,,0,0,27,1,4.8,639,0.11,0.39,0.28,1.48,42,0,1,7.5,33.4,2026-09-19T14:00:00Z,84,,1,0,0,0,0,5,0,0.0,1,0,3,37.0,8,,4125,809,55,True,0,2,0,7,0,5
Zian Flemming,FWD,Ipswich Town,,0,0,-2,0,10.3,640,0.00,0.10,0.10,0.16,43,0,0,1.4,0.0,2026-09-19T14:00:00Z,9,,9,0,0,0,0,5,0,0.1,0,0,1,4.0,0,,9384,3278,55,False,1,0,0,2,1,5
Melvin Bard,DEF,Leeds,,0,0,0,0,0.0,641,0.00,0.00,0.00,0.00,44,0,0,0.0,0.0,2026-09-20T13:00:00Z,0,,8,0,0,0,0,5,0,0.0,0,0,0,0.0,0,,963,358,45,True,0,0,0,0,0,5
Sorba Thomas,MID,Hull City,,0,0,2,0,15.3,642,0.04,0.23,0.19,1.28,46,0,0,2.0,0.0,2026-09-19T14:00:00Z,62,,17,0,0,0,0,5,0,0.0,1,1,2,8.0,2,,3124,1214,55,False,0,0,0,2,1,5
Ben Chilwell,DEF,Crystal Palace,,0,0,0,0,0.0,643,0.00,0.00,0.00,0.00,44,0,0,0.0,0.0,2026-09-20T13:00:00Z,0,,13,0,0,0,0,5,0,0.4,0,0,0,0.0,0,,43151,18268,45,False,0,0,0,0,0,5
Quinten Timber,MID,Crystal Palace,,0,0,13,1,24.0,644,0.03,0.15,0.12,1.31,44,0,0,3.8,8.4,2026-09-20T13:00:00Z,90,,13,0,0,0,0,5,0,0.0,1,0,0,6.0,3,,4307,1526,50,False,0,2,0,1,2,5
Christos Mouzakitis,MID,Hull City,,0,0,0,0,0.0,645,0.00,0.00,0.00,0.00,46,0,0,0.0,0.0,2026-09-19T14:00:00Z,0,,17,0,0,0,0,5,0,0.0,0,1,2,0.0,0,,788,320,50,False,0,0,0,0,0,5
Malick Fofana,MID,Sunderland,,0,0,6,0,0.8,646,0.01,0.40,0.39,2.07,45,0,0,5.1,12.4,2026-09-20T13:00:00Z,30,,15,0,0,0,0,5,0,0.0,0,3,5,38.0,1,,4087,1742,55,False,0,0,0,2,1,5
Darío Osorio,MID,Crystal Palace,,0,0,0,0,0.0,647,0.00,0.00,0.00,0.00,44,0,0,0.0,0.0,2026-09-20T13:00:00Z,0,,13,0,0,0,0,5,0,0.0,0,0,0,0.0,0,,948,417,55,False,0,0,0,0,0,5
Jean-Mattéo Bahoya,MID,Leeds,,0,0,5,0,0.3,648,0.00,0.00,0.00,0.00,44,0,0,0.1,1.0,2026-09-20T13:00:00Z,1,,8,0,0,0,0,5,0,0.0,0,0,0,0.0,1,,2247,1150,50,True,0,0,0,0,0,5
Ainsley Maitland-Niles,DEF,Everton,,0,2,39,1,26.0,649,0.11,0.11,0.00,1.28,43,0,0,5.0,23.8,2026-09-19T14:00:00Z,90,,12,0,0,0,0,5,0,1.4,1,0,1,0.0,8,,93496,15101,45,True,0,5,0,3,3,5
David Affengruber,DEF,Fulham,,0,0,17,0,11.3,650,0.02,0.02,0.00,1.60,50,0,0,4.4,32.4,2026-09-20T15:30:00Z,90,,16,0,0,0,0,5,0,0.1,1,1,1,0.0,4,,10492,2454,45,True,0,9,11,4,2,5
Juan Angulo,FWD,Sunderland,,0,0,0,0,0.0,651,0.00,0.00,0.00,0.00,45,0,0,0.0,0.0,2026-09-20T13:00:00Z,0,,15,0,0,0,0,5,0,0.7,0,3,5,0.0,0,,91225,30595,45,False,0,0,0,0,0,5
Femi Azeez,MID,Brighton,,0,0,0,0,0.0,652,0.00,0.00,0.00,0.00,42,0,0,0.0,0.0,2026-09-19T14:00:00Z,0,,1,0,0,0,0,5,0,0.0,0,0,3,0.0,0,,442,203,55,True,0,0,0,0,0,5
Floyd Samba,MID,Man City,,0,0,0,0,0.0,653,0.00,0.00,0.00,0.00,45,0,0,0.0,0.0,2026-09-20T13:00:00Z,0,,20,0,0,0,0,5,0,0.0,0,3,5,0.0,0,,3910,2192,45,True,0,0,0,0,0,5
Braiden Graham,MID,Everton,,0,0,0,0,0.0,654,0.00,0.00,0.00,0.00,43,0,0,0.0,0.0,2026-09-19T14:00:00Z,0,,12,0,0,0,0,5,0,0.1,0,0,1,0.0,0,,11290,5346,45,True,0,0,0,0,0,5
Yann Gboho,MID,Coventry City,,0,0,0,0,0.0,655,0.00,0.00,0.00,0.00,47,0,0,0.0,0.0,2026-09-19T16:30:00Z,0,,18,0,0,0,0,5,0,0.0,0,1,0,0.0,0,,277,103,55,False,0,0,0,0,0,5
Stephen Mfuni,DEF,Coventry City,,0,0,27,1,0.7,656,0.01,0.01,0.00,1.10,47,0,0,2.2,17.6,2026-09-19T16:30:00Z,90,,18,0,0,0,0,5,0,0.1,1,1,0,4.0,6,,10266,2707,40,False,0,7,0,3,1,5
Gustavo Nunes Fernandes Gomes,MID,Brentford,,0,0,0,0,0.0,657,0.00,0.00,0.00,0.00,41,0,0,0.0,0.0,2026-09-18T19:00:00Z,0,,6,0,0,0,0,5,0,0.0,0,0,3,0.0,0,,2109,677,45,True,0,0,0,0,0,5
Younes Ibrahim,MID,Brighton,,0,0,0,0,0.0,658,0.00,0.00,0.00,0.00,42,0,0,0.0,0.0,2026-09-19T14:00:00Z,0,,1,0,0,0,0,5,0,0.0,0,0,3,0.0,0,,1483,491,45,True,0,0,0,0,0,5
Mason Miley,MID,Newcastle,,0,0,0,0,0.0,659,0.00,0.00,0.00,0.00,46,0,0,0.0,0.0,2026-09-19T14:00:00Z,0,,11,0,0,0,0,5,0,0.0,0,1,2,0.0,0,,4911,1271,45,True,0,0,0,0,0,5
Benjamin Fredrick,DEF,Brentford,,0,0,0,0,0.0,660,0.00,0.00,0.00,0.00,41,0,0,0.0,0.0,2026-09-18T19:00:00Z,0,,6,0,0,0,0,5,0,0.0,0,0,3,0.0,0,,551,72,40,True,0,0,0,0,0,5
Ellery Balcombe,GKP,Brentford,,0,0,0,0,0.0,661,0.00,0.00,0.00,0.00,41,0,0,0.0,0.0,2026-09-18T19:00:00Z,0,,6,0,0,0,0,5,0,0.0,0,0,3,0.0,0,,3064,594,40,True,0,0,0,0,0,5
Mahdi Nicoll-Jazuli,MID,Chelsea,,0,0,5,0,1.7,662,0.00,0.00,0.00,0.43,41,0,0,0.6,4.6,2026-09-18T19:00:00Z,3,,4,0,0,0,0,5,0,0.0,0,0,3,0.0,1,,352,77,45,False,0,0,0,0,2,5
Miodrag Pivas,DEF,Newcastle,,0,0,0,0,0.0,663,0.00,0.00,0.00,0.00,46,0,0,0.0,0.0,2026-09-19T14:00:00Z,0,,11,0,0,0,0,5,0,0.0,0,1,2,0.0,0,,422,66,40,True,0,0,0,0,0,5
Vakhtang Salia,FWD,Newcastle,,0,0,0,0,0.0,664,0.00,0.00,0.00,0.00,46,0,0,0.0,0.0,2026-09-19T14:00:00Z,0,,11,0,0,0,0,5,0,0.1,0,1,2,0.0,0,,10363,1734,45,True,0,0,0,0,0,5
Michael Mills,MID,Newcastle,,0,0,0,0,0.0,665,0.00,0.00,0.00,0.00,46,0,0,0.0,0.0,2026-09-19T14:00:00Z,0,,11,0,0,0,0,5,0,0.0,0,1,2,0.0,0,,170,32,45,True,0,0,0,0,0,5
Kyran Thompson,MID,Newcastle,,0,0,0,0,0.0,666,0.00,0.00,0.00,0.00,46,0,0,0.0,0.0,2026-09-19T14:00:00Z,0,,11,0,0,0,0,5,0,0.0,0,1,2,0.0,0,,249,36,45,True,0,0,0,0,0,5
James Wright,GKP,Aston Villa,,0,0,0,0,0.0,667,0.00,0.00,0.00,0.00,48,0,0,0.0,0.0,2026-09-19T11:30:00Z,0,,19,0,0,0,0,5,0,0.1,0,3,2,0.0,0,,7741,972,40,False,0,0,0,0,0,5
